<?xml version="1.0" encoding="UTF-8"?>
<mesh>
    <sharedgeometry vertexcount="448">
        <vertexbuffer texture_coords="0" positions="true" colours_diffuse="False" normals="true">
            <vertex>
                <position y="1.193647" x="-0.146464" z="-0.464686"/>
                <normal y="-1.000000" x="-0.000000" z="-0.000000"/>
            </vertex>
            <vertex>
                <position y="1.193647" x="-0.146464" z="-0.833571"/>
                <normal y="-1.000000" x="-0.000000" z="-0.000000"/>
            </vertex>
            <vertex>
                <position y="1.193647" x="-0.038580" z="-0.833571"/>
                <normal y="-1.000000" x="-0.000000" z="-0.000000"/>
            </vertex>
            <vertex>
                <position y="1.193647" x="-0.038580" z="-0.464686"/>
                <normal y="-1.000000" x="-0.000000" z="-0.000000"/>
            </vertex>
            <vertex>
                <position y="1.444922" x="-0.146464" z="-0.464686"/>
                <normal y="1.000000" x="-0.000001" z="-0.000000"/>
            </vertex>
            <vertex>
                <position y="1.444922" x="-0.038580" z="-0.464686"/>
                <normal y="1.000000" x="-0.000001" z="-0.000000"/>
            </vertex>
            <vertex>
                <position y="1.444922" x="-0.038580" z="-0.833571"/>
                <normal y="1.000000" x="-0.000001" z="-0.000000"/>
            </vertex>
            <vertex>
                <position y="1.444922" x="-0.146464" z="-0.833571"/>
                <normal y="1.000000" x="-0.000001" z="-0.000000"/>
            </vertex>
            <vertex>
                <position y="1.193647" x="-0.146464" z="-0.464686"/>
                <normal y="0.000000" x="-1.000000" z="0.000000"/>
            </vertex>
            <vertex>
                <position y="1.444922" x="-0.146464" z="-0.464686"/>
                <normal y="0.000000" x="-1.000000" z="0.000000"/>
            </vertex>
            <vertex>
                <position y="1.444922" x="-0.146464" z="-0.833571"/>
                <normal y="0.000000" x="-1.000000" z="0.000000"/>
            </vertex>
            <vertex>
                <position y="1.193647" x="-0.146464" z="-0.833571"/>
                <normal y="0.000000" x="-1.000000" z="0.000000"/>
            </vertex>
            <vertex>
                <position y="1.193647" x="-0.146464" z="-0.833571"/>
                <normal y="-0.000000" x="0.000001" z="-1.000000"/>
            </vertex>
            <vertex>
                <position y="1.444922" x="-0.146464" z="-0.833571"/>
                <normal y="-0.000000" x="0.000001" z="-1.000000"/>
            </vertex>
            <vertex>
                <position y="1.444922" x="-0.038580" z="-0.833571"/>
                <normal y="-0.000000" x="0.000001" z="-1.000000"/>
            </vertex>
            <vertex>
                <position y="1.193647" x="-0.038580" z="-0.833571"/>
                <normal y="-0.000000" x="0.000001" z="-1.000000"/>
            </vertex>
            <vertex>
                <position y="1.193647" x="-0.038580" z="-0.833571"/>
                <normal y="-0.000000" x="1.000000" z="-0.000000"/>
            </vertex>
            <vertex>
                <position y="1.444922" x="-0.038580" z="-0.833571"/>
                <normal y="-0.000000" x="1.000000" z="-0.000000"/>
            </vertex>
            <vertex>
                <position y="1.444922" x="-0.038580" z="-0.464686"/>
                <normal y="-0.000000" x="1.000000" z="-0.000000"/>
            </vertex>
            <vertex>
                <position y="1.193647" x="-0.038580" z="-0.464686"/>
                <normal y="-0.000000" x="1.000000" z="-0.000000"/>
            </vertex>
            <vertex>
                <position y="1.444922" x="-0.146464" z="-0.464686"/>
                <normal y="0.000000" x="-0.000000" z="1.000000"/>
            </vertex>
            <vertex>
                <position y="1.193647" x="-0.146464" z="-0.464686"/>
                <normal y="0.000000" x="-0.000000" z="1.000000"/>
            </vertex>
            <vertex>
                <position y="1.193647" x="-0.038580" z="-0.464686"/>
                <normal y="0.000000" x="-0.000000" z="1.000000"/>
            </vertex>
            <vertex>
                <position y="1.444922" x="-0.038580" z="-0.464686"/>
                <normal y="0.000000" x="-0.000000" z="1.000000"/>
            </vertex>
            <vertex>
                <position y="1.642511" x="-0.634909" z="0.715893"/>
                <normal y="1.000000" x="0.000000" z="-0.000000"/>
            </vertex>
            <vertex>
                <position y="1.642511" x="-0.586446" z="0.765480"/>
                <normal y="1.000000" x="0.000000" z="-0.000000"/>
            </vertex>
            <vertex>
                <position y="1.642511" x="-0.519271" z="0.649129"/>
                <normal y="1.000000" x="0.000000" z="-0.000000"/>
            </vertex>
            <vertex>
                <position y="1.642511" x="-0.519271" z="0.782656"/>
                <normal y="1.000000" x="0.000000" z="-0.000000"/>
            </vertex>
            <vertex>
                <position y="1.526928" x="-0.519271" z="0.782656"/>
                <normal y="-1.000000" x="0.000000" z="0.000000"/>
            </vertex>
            <vertex>
                <position y="1.526928" x="-0.586446" z="0.765480"/>
                <normal y="-1.000000" x="0.000000" z="0.000000"/>
            </vertex>
            <vertex>
                <position y="1.526928" x="-0.519271" z="0.649129"/>
                <normal y="-1.000000" x="0.000000" z="0.000000"/>
            </vertex>
            <vertex>
                <position y="1.526928" x="-0.634909" z="0.715892"/>
                <normal y="-1.000000" x="0.000000" z="0.000000"/>
            </vertex>
            <vertex>
                <position y="1.642511" x="-0.519271" z="0.782656"/>
                <normal y="0.655354" x="0.000000" z="0.755303"/>
            </vertex>
            <vertex>
                <position y="1.642511" x="-0.586446" z="0.765480"/>
                <normal y="0.651082" x="-0.379467" z="0.657277"/>
            </vertex>
            <vertex>
                <position y="1.526928" x="-0.586446" z="0.765480"/>
                <normal y="-0.651082" x="-0.379467" z="0.657277"/>
            </vertex>
            <vertex>
                <position y="1.526928" x="-0.519271" z="0.782656"/>
                <normal y="-0.655354" x="0.000000" z="0.755303"/>
            </vertex>
            <vertex>
                <position y="1.642511" x="-0.634909" z="0.715893"/>
                <normal y="0.655354" x="-0.654103" z="0.377636"/>
            </vertex>
            <vertex>
                <position y="1.526928" x="-0.634909" z="0.715892"/>
                <normal y="-0.655354" x="-0.654103" z="0.377636"/>
            </vertex>
            <vertex>
                <position y="1.642511" x="-0.452095" z="0.765480"/>
                <normal y="1.000000" x="0.000000" z="-0.000000"/>
            </vertex>
            <vertex>
                <position y="1.642511" x="-0.403632" z="0.715892"/>
                <normal y="1.000000" x="0.000000" z="-0.000000"/>
            </vertex>
            <vertex>
                <position y="1.526928" x="-0.403632" z="0.715893"/>
                <normal y="-1.000000" x="0.000000" z="-0.000000"/>
            </vertex>
            <vertex>
                <position y="1.526928" x="-0.452095" z="0.765480"/>
                <normal y="-1.000000" x="0.000000" z="-0.000000"/>
            </vertex>
            <vertex>
                <position y="1.526928" x="-0.519271" z="0.649129"/>
                <normal y="-1.000000" x="0.000000" z="-0.000000"/>
            </vertex>
            <vertex>
                <position y="1.526928" x="-0.452095" z="0.765480"/>
                <normal y="-1.000000" x="0.000000" z="-0.000000"/>
            </vertex>
            <vertex>
                <position y="1.642511" x="-0.452095" z="0.765480"/>
                <normal y="0.651082" x="0.379467" z="0.657277"/>
            </vertex>
            <vertex>
                <position y="1.526928" x="-0.452095" z="0.765480"/>
                <normal y="-0.651082" x="0.379467" z="0.657277"/>
            </vertex>
            <vertex>
                <position y="1.526928" x="-0.403632" z="0.715893"/>
                <normal y="-0.655354" x="0.654103" z="0.377636"/>
            </vertex>
            <vertex>
                <position y="1.642511" x="-0.403632" z="0.715892"/>
                <normal y="0.655354" x="0.654103" z="0.377636"/>
            </vertex>
            <vertex>
                <position y="1.642511" x="-0.403632" z="0.715892"/>
                <normal y="1.000000" x="-0.000000" z="-0.000000"/>
            </vertex>
            <vertex>
                <position y="1.642511" x="-0.384920" z="0.649129"/>
                <normal y="1.000000" x="-0.000000" z="-0.000000"/>
            </vertex>
            <vertex>
                <position y="1.642511" x="-0.519271" z="0.649129"/>
                <normal y="1.000000" x="-0.000000" z="-0.000000"/>
            </vertex>
            <vertex>
                <position y="1.642511" x="-0.384920" z="0.649129"/>
                <normal y="1.000000" x="-0.000000" z="-0.000000"/>
            </vertex>
            <vertex>
                <position y="1.642511" x="-0.403632" z="0.582365"/>
                <normal y="1.000000" x="-0.000000" z="-0.000000"/>
            </vertex>
            <vertex>
                <position y="1.526928" x="-0.403632" z="0.582365"/>
                <normal y="-1.000000" x="0.000000" z="-0.000000"/>
            </vertex>
            <vertex>
                <position y="1.526928" x="-0.384920" z="0.649129"/>
                <normal y="-1.000000" x="0.000000" z="-0.000000"/>
            </vertex>
            <vertex>
                <position y="1.526928" x="-0.403632" z="0.715893"/>
                <normal y="-1.000000" x="0.000000" z="-0.000000"/>
            </vertex>
            <vertex>
                <position y="1.526928" x="-0.384920" z="0.649129"/>
                <normal y="-0.651082" x="0.758965" z="-0.000000"/>
            </vertex>
            <vertex>
                <position y="1.642511" x="-0.384920" z="0.649129"/>
                <normal y="0.651082" x="0.758965" z="-0.000000"/>
            </vertex>
            <vertex>
                <position y="1.526928" x="-0.403632" z="0.582365"/>
                <normal y="-0.655354" x="0.654103" z="-0.377636"/>
            </vertex>
            <vertex>
                <position y="1.642511" x="-0.403632" z="0.582365"/>
                <normal y="0.655354" x="0.654103" z="-0.377636"/>
            </vertex>
            <vertex>
                <position y="1.642511" x="-0.403632" z="0.582365"/>
                <normal y="1.000000" x="-0.000000" z="-0.000000"/>
            </vertex>
            <vertex>
                <position y="1.642511" x="-0.452095" z="0.532778"/>
                <normal y="1.000000" x="-0.000000" z="-0.000000"/>
            </vertex>
            <vertex>
                <position y="1.642511" x="-0.452095" z="0.532778"/>
                <normal y="1.000000" x="-0.000000" z="0.000000"/>
            </vertex>
            <vertex>
                <position y="1.642511" x="-0.519271" z="0.515601"/>
                <normal y="1.000000" x="-0.000000" z="0.000000"/>
            </vertex>
            <vertex>
                <position y="1.526928" x="-0.519270" z="0.515601"/>
                <normal y="-1.000000" x="0.000000" z="-0.000000"/>
            </vertex>
            <vertex>
                <position y="1.526928" x="-0.452095" z="0.532778"/>
                <normal y="-1.000000" x="0.000000" z="-0.000000"/>
            </vertex>
            <vertex>
                <position y="1.526928" x="-0.452095" z="0.532778"/>
                <normal y="-0.651082" x="0.379467" z="-0.657277"/>
            </vertex>
            <vertex>
                <position y="1.642511" x="-0.452095" z="0.532778"/>
                <normal y="0.651082" x="0.379467" z="-0.657277"/>
            </vertex>
            <vertex>
                <position y="1.526928" x="-0.519270" z="0.515601"/>
                <normal y="-0.655354" x="0.000000" z="-0.755303"/>
            </vertex>
            <vertex>
                <position y="1.642511" x="-0.519271" z="0.515601"/>
                <normal y="0.655354" x="0.000000" z="-0.755303"/>
            </vertex>
            <vertex>
                <position y="1.642511" x="-0.519271" z="0.515601"/>
                <normal y="1.000000" x="0.000000" z="0.000000"/>
            </vertex>
            <vertex>
                <position y="1.642511" x="-0.586446" z="0.532778"/>
                <normal y="1.000000" x="0.000000" z="0.000000"/>
            </vertex>
            <vertex>
                <position y="1.642511" x="-0.586446" z="0.532778"/>
                <normal y="1.000000" x="0.000000" z="0.000000"/>
            </vertex>
            <vertex>
                <position y="1.642511" x="-0.634909" z="0.582365"/>
                <normal y="1.000000" x="0.000000" z="0.000000"/>
            </vertex>
            <vertex>
                <position y="1.526928" x="-0.634909" z="0.582365"/>
                <normal y="-1.000000" x="-0.000000" z="-0.000000"/>
            </vertex>
            <vertex>
                <position y="1.526928" x="-0.586446" z="0.532778"/>
                <normal y="-1.000000" x="-0.000000" z="-0.000000"/>
            </vertex>
            <vertex>
                <position y="1.526928" x="-0.586446" z="0.532778"/>
                <normal y="-0.651082" x="-0.379467" z="-0.657277"/>
            </vertex>
            <vertex>
                <position y="1.642511" x="-0.586446" z="0.532778"/>
                <normal y="0.651082" x="-0.379467" z="-0.657277"/>
            </vertex>
            <vertex>
                <position y="1.526928" x="-0.634909" z="0.582365"/>
                <normal y="-0.655354" x="-0.654103" z="-0.377636"/>
            </vertex>
            <vertex>
                <position y="1.642511" x="-0.634909" z="0.582365"/>
                <normal y="0.655354" x="-0.654103" z="-0.377636"/>
            </vertex>
            <vertex>
                <position y="1.642511" x="-0.634909" z="0.582365"/>
                <normal y="1.000000" x="0.000000" z="0.000000"/>
            </vertex>
            <vertex>
                <position y="1.642511" x="-0.653621" z="0.649129"/>
                <normal y="1.000000" x="0.000000" z="0.000000"/>
            </vertex>
            <vertex>
                <position y="1.642511" x="-0.634909" z="0.715893"/>
                <normal y="1.000000" x="0.000000" z="-0.000000"/>
            </vertex>
            <vertex>
                <position y="1.526928" x="-0.653621" z="0.649128"/>
                <normal y="-1.000000" x="-0.000000" z="0.000000"/>
            </vertex>
            <vertex>
                <position y="1.526928" x="-0.653621" z="0.649128"/>
                <normal y="-1.000000" x="-0.000000" z="-0.000000"/>
            </vertex>
            <vertex>
                <position y="1.526928" x="-0.634909" z="0.582365"/>
                <normal y="-1.000000" x="-0.000000" z="-0.000000"/>
            </vertex>
            <vertex>
                <position y="1.526928" x="-0.653621" z="0.649128"/>
                <normal y="-0.651082" x="-0.758965" z="-0.000000"/>
            </vertex>
            <vertex>
                <position y="1.642511" x="-0.653621" z="0.649129"/>
                <normal y="0.651082" x="-0.758965" z="-0.000000"/>
            </vertex>
            <vertex>
                <position y="0.211206" x="-0.860683" z="0.961242"/>
                <normal y="-0.857845" x="-0.450942" z="0.246437"/>
            </vertex>
            <vertex>
                <position y="0.211206" x="-0.860683" z="-0.928758"/>
                <normal y="-0.857845" x="-0.450942" z="-0.246437"/>
            </vertex>
            <vertex>
                <position y="0.211206" x="-0.108155" z="-0.928758"/>
                <normal y="-0.857845" x="0.450942" z="-0.246437"/>
            </vertex>
            <vertex>
                <position y="0.211206" x="-0.108155" z="0.961242"/>
                <normal y="-0.857845" x="0.450942" z="0.246437"/>
            </vertex>
            <vertex>
                <position y="1.529859" x="-0.108155" z="-0.928758"/>
                <normal y="0.857845" x="0.450942" z="-0.246437"/>
            </vertex>
            <vertex>
                <position y="1.529858" x="-0.860683" z="-0.928759"/>
                <normal y="0.857845" x="-0.450942" z="-0.246437"/>
            </vertex>
            <vertex>
                <position y="1.529859" x="-0.860683" z="0.961241"/>
                <normal y="0.857845" x="-0.450942" z="0.246437"/>
            </vertex>
            <vertex>
                <position y="1.529859" x="-0.108155" z="0.961241"/>
                <normal y="0.857845" x="0.450942" z="0.246437"/>
            </vertex>
            <vertex>
                <position y="1.493595" x="-0.882582" z="-0.928759"/>
                <normal y="0.257118" x="-0.949919" z="-0.177435"/>
            </vertex>
            <vertex>
                <position y="0.247469" x="-0.882582" z="-0.928758"/>
                <normal y="-0.257118" x="-0.949919" z="-0.177435"/>
            </vertex>
            <vertex>
                <position y="0.247469" x="-0.882582" z="0.961242"/>
                <normal y="-0.257118" x="-0.949919" z="0.177435"/>
            </vertex>
            <vertex>
                <position y="1.493596" x="-0.882582" z="0.961241"/>
                <normal y="0.257118" x="-0.949919" z="0.177435"/>
            </vertex>
            <vertex>
                <position y="1.493596" x="-0.108155" z="-0.983758"/>
                <normal y="0.396344" x="0.484787" z="-0.779626"/>
            </vertex>
            <vertex>
                <position y="0.247469" x="-0.108155" z="-0.983758"/>
                <normal y="-0.396344" x="0.484787" z="-0.779626"/>
            </vertex>
            <vertex>
                <position y="0.247469" x="-0.860683" z="-0.983758"/>
                <normal y="-0.396344" x="-0.484787" z="-0.779626"/>
            </vertex>
            <vertex>
                <position y="1.493595" x="-0.860683" z="-0.983759"/>
                <normal y="0.396344" x="-0.484787" z="-0.779626"/>
            </vertex>
            <vertex>
                <position y="1.493596" x="-0.086256" z="0.961241"/>
                <normal y="0.257118" x="0.949919" z="0.177435"/>
            </vertex>
            <vertex>
                <position y="0.247469" x="-0.086256" z="0.961242"/>
                <normal y="-0.257118" x="0.949919" z="0.177435"/>
            </vertex>
            <vertex>
                <position y="0.247469" x="-0.086256" z="-0.928758"/>
                <normal y="-0.257118" x="0.949919" z="-0.177435"/>
            </vertex>
            <vertex>
                <position y="1.493596" x="-0.086256" z="-0.928758"/>
                <normal y="0.257118" x="0.949919" z="-0.177435"/>
            </vertex>
            <vertex>
                <position y="0.247469" x="-0.108155" z="1.016242"/>
                <normal y="-0.396344" x="0.484787" z="0.779626"/>
            </vertex>
            <vertex>
                <position y="1.493596" x="-0.108155" z="1.016241"/>
                <normal y="0.396344" x="0.484787" z="0.779626"/>
            </vertex>
            <vertex>
                <position y="1.493596" x="-0.860683" z="1.016241"/>
                <normal y="0.396344" x="-0.484787" z="0.779626"/>
            </vertex>
            <vertex>
                <position y="0.247469" x="-0.860683" z="1.016242"/>
                <normal y="-0.396344" x="-0.484787" z="0.779626"/>
            </vertex>
            <vertex>
                <position y="1.111041" x="0.260067" z="-0.160205"/>
                <normal y="-0.578265" x="0.744377" z="0.333842"/>
            </vertex>
            <vertex>
                <position y="1.143774" x="0.260067" z="-0.074586"/>
                <normal y="-0.658559" x="0.732597" z="0.171972"/>
            </vertex>
            <vertex>
                <position y="1.143774" x="0.224934" z="-0.074586"/>
                <normal y="-0.967528" x="0.000000" z="0.252663"/>
            </vertex>
            <vertex>
                <position y="1.111041" x="0.224934" z="-0.160205"/>
                <normal y="-0.866024" x="0.000000" z="0.499985"/>
            </vertex>
            <vertex>
                <position y="1.157105" x="0.260067" z="0.016241"/>
                <normal y="-0.671163" x="0.741295" z="-0.000000"/>
            </vertex>
            <vertex>
                <position y="1.157105" x="0.224934" z="0.016241"/>
                <normal y="-1.000000" x="0.000000" z="-0.000000"/>
            </vertex>
            <vertex>
                <position y="1.172717" x="0.260067" z="-0.195814"/>
                <normal y="-0.000000" x="1.000000" z="-0.000000"/>
            </vertex>
            <vertex>
                <position y="1.212056" x="0.260067" z="-0.092916"/>
                <normal y="-0.000000" x="1.000000" z="-0.000000"/>
            </vertex>
            <vertex>
                <position y="1.143774" x="0.260067" z="-0.074586"/>
                <normal y="-0.000000" x="1.000000" z="-0.000000"/>
            </vertex>
            <vertex>
                <position y="1.111041" x="0.260067" z="-0.160205"/>
                <normal y="-0.000000" x="1.000000" z="-0.000000"/>
            </vertex>
            <vertex>
                <position y="1.212056" x="0.260067" z="-0.092916"/>
                <normal y="-0.000000" x="1.000000" z="-0.000001"/>
            </vertex>
            <vertex>
                <position y="1.228077" x="0.260067" z="0.016241"/>
                <normal y="-0.000000" x="1.000000" z="-0.000001"/>
            </vertex>
            <vertex>
                <position y="1.157105" x="0.260067" z="0.016241"/>
                <normal y="-0.000000" x="1.000000" z="-0.000001"/>
            </vertex>
            <vertex>
                <position y="1.143774" x="0.260067" z="-0.074586"/>
                <normal y="-0.000000" x="1.000000" z="-0.000001"/>
            </vertex>
            <vertex>
                <position y="1.228077" x="0.260067" z="0.016241"/>
                <normal y="0.737022" x="0.675832" z="-0.000000"/>
            </vertex>
            <vertex>
                <position y="1.212056" x="0.260067" z="-0.092916"/>
                <normal y="0.706442" x="0.683248" z="-0.184484"/>
            </vertex>
            <vertex>
                <position y="1.212056" x="0.078262" z="-0.092916"/>
                <normal y="0.768548" x="-0.607471" z="-0.200751"/>
            </vertex>
            <vertex>
                <position y="1.228077" x="0.078262" z="0.016241"/>
                <normal y="0.798944" x="-0.601367" z="-0.000000"/>
            </vertex>
            <vertex>
                <position y="1.172717" x="0.260067" z="-0.195814"/>
                <normal y="0.640339" x="0.673238" z="-0.369701"/>
            </vertex>
            <vertex>
                <position y="1.172717" x="0.078262" z="-0.195814"/>
                <normal y="0.693167" x="-0.599414" z="-0.400189"/>
            </vertex>
            <vertex>
                <position y="1.228077" x="0.078262" z="0.016241"/>
                <normal y="0.210170" x="-0.977178" z="-0.030846"/>
            </vertex>
            <vertex>
                <position y="1.212056" x="0.078262" z="-0.092916"/>
                <normal y="0.210170" x="-0.977178" z="-0.030846"/>
            </vertex>
            <vertex>
                <position y="1.189555" x="0.073232" z="-0.086876"/>
                <normal y="0.210170" x="-0.977178" z="-0.030846"/>
            </vertex>
            <vertex>
                <position y="1.204689" x="0.073232" z="0.016241"/>
                <normal y="0.210170" x="-0.977178" z="-0.030846"/>
            </vertex>
            <vertex>
                <position y="1.212056" x="0.078262" z="-0.092916"/>
                <normal y="0.198131" x="-0.977244" z="-0.075748"/>
            </vertex>
            <vertex>
                <position y="1.172717" x="0.078262" z="-0.195814"/>
                <normal y="0.198131" x="-0.977244" z="-0.075748"/>
            </vertex>
            <vertex>
                <position y="1.152392" x="0.073232" z="-0.184080"/>
                <normal y="0.198131" x="-0.977244" z="-0.075748"/>
            </vertex>
            <vertex>
                <position y="1.189555" x="0.073232" z="-0.086876"/>
                <normal y="0.198131" x="-0.977244" z="-0.075748"/>
            </vertex>
            <vertex>
                <position y="1.204689" x="0.073232" z="0.016241"/>
                <normal y="0.752708" x="-0.658315" z="-0.000000"/>
            </vertex>
            <vertex>
                <position y="1.189555" x="0.073232" z="-0.086876"/>
                <normal y="0.735008" x="-0.650319" z="-0.191870"/>
            </vertex>
            <vertex>
                <position y="1.189555" x="-0.098513" z="-0.086876"/>
                <normal y="0.967528" x="0.000000" z="-0.252663"/>
            </vertex>
            <vertex>
                <position y="1.204689" x="-0.098512" z="0.016241"/>
                <normal y="1.000000" x="0.000000" z="-0.000000"/>
            </vertex>
            <vertex>
                <position y="1.152392" x="0.073232" z="-0.184080"/>
                <normal y="0.649556" x="-0.661336" z="-0.375011"/>
            </vertex>
            <vertex>
                <position y="1.152392" x="-0.098513" z="-0.184080"/>
                <normal y="0.866024" x="0.000000" z="-0.499985"/>
            </vertex>
            <vertex>
                <position y="1.053259" x="0.224934" z="-0.231362"/>
                <normal y="-0.702597" x="0.000000" z="0.711570"/>
            </vertex>
            <vertex>
                <position y="0.981266" x="0.224934" z="-0.288320"/>
                <normal y="-0.499985" x="0.000000" z="0.866024"/>
            </vertex>
            <vertex>
                <position y="0.981266" x="0.260067" z="-0.288321"/>
                <normal y="-0.335582" x="0.741295" z="0.581225"/>
            </vertex>
            <vertex>
                <position y="1.053259" x="0.260067" z="-0.231362"/>
                <normal y="-0.478225" x="0.732597" z="0.484329"/>
            </vertex>
            <vertex>
                <position y="1.016752" x="0.260067" z="-0.349784"/>
                <normal y="0.000000" x="1.000000" z="-0.000000"/>
            </vertex>
            <vertex>
                <position y="1.103274" x="0.260067" z="-0.281331"/>
                <normal y="0.000000" x="1.000000" z="-0.000000"/>
            </vertex>
            <vertex>
                <position y="1.053259" x="0.260067" z="-0.231362"/>
                <normal y="0.000000" x="1.000000" z="-0.000000"/>
            </vertex>
            <vertex>
                <position y="0.981266" x="0.260067" z="-0.288321"/>
                <normal y="0.000000" x="1.000000" z="-0.000000"/>
            </vertex>
            <vertex>
                <position y="1.103274" x="0.260067" z="-0.281331"/>
                <normal y="0.000000" x="1.000000" z="-0.000000"/>
            </vertex>
            <vertex>
                <position y="1.172717" x="0.260067" z="-0.195814"/>
                <normal y="0.000000" x="1.000000" z="-0.000000"/>
            </vertex>
            <vertex>
                <position y="1.111041" x="0.260067" z="-0.160205"/>
                <normal y="0.000000" x="1.000000" z="-0.000000"/>
            </vertex>
            <vertex>
                <position y="1.053259" x="0.260067" z="-0.231362"/>
                <normal y="0.000000" x="1.000000" z="-0.000000"/>
            </vertex>
            <vertex>
                <position y="1.103274" x="0.260067" z="-0.281331"/>
                <normal y="0.512986" x="0.683248" z="-0.519547"/>
            </vertex>
            <vertex>
                <position y="1.103274" x="0.078262" z="-0.281331"/>
                <normal y="0.558123" x="-0.607471" z="-0.565172"/>
            </vertex>
            <vertex>
                <position y="1.016752" x="0.260067" z="-0.349784"/>
                <normal y="0.368511" x="0.675832" z="-0.638295"/>
            </vertex>
            <vertex>
                <position y="1.016752" x="0.078262" z="-0.349784"/>
                <normal y="0.399457" x="-0.601367" z="-0.691916"/>
            </vertex>
            <vertex>
                <position y="1.172717" x="0.078262" z="-0.195814"/>
                <normal y="0.164664" x="-0.977245" z="-0.133712"/>
            </vertex>
            <vertex>
                <position y="1.103274" x="0.078262" z="-0.281331"/>
                <normal y="0.164664" x="-0.977245" z="-0.133712"/>
            </vertex>
            <vertex>
                <position y="1.086792" x="0.073232" z="-0.264865"/>
                <normal y="0.164664" x="-0.977245" z="-0.133712"/>
            </vertex>
            <vertex>
                <position y="1.152392" x="0.073232" z="-0.184080"/>
                <normal y="0.164664" x="-0.977245" z="-0.133712"/>
            </vertex>
            <vertex>
                <position y="1.103274" x="0.078262" z="-0.281331"/>
                <normal y="0.131797" x="-0.977179" z="-0.166588"/>
            </vertex>
            <vertex>
                <position y="1.016752" x="0.078262" z="-0.349784"/>
                <normal y="0.131797" x="-0.977179" z="-0.166588"/>
            </vertex>
            <vertex>
                <position y="1.005058" x="0.073232" z="-0.329530"/>
                <normal y="0.131797" x="-0.977179" z="-0.166588"/>
            </vertex>
            <vertex>
                <position y="1.086792" x="0.073232" z="-0.264865"/>
                <normal y="0.131797" x="-0.977179" z="-0.166588"/>
            </vertex>
            <vertex>
                <position y="1.086792" x="0.073232" z="-0.264865"/>
                <normal y="0.533647" x="-0.650319" z="-0.540574"/>
            </vertex>
            <vertex>
                <position y="1.086792" x="-0.098513" z="-0.264865"/>
                <normal y="0.702597" x="0.000000" z="-0.711570"/>
            </vertex>
            <vertex>
                <position y="1.005058" x="0.073232" z="-0.329530"/>
                <normal y="0.376354" x="-0.658315" z="-0.651875"/>
            </vertex>
            <vertex>
                <position y="1.005057" x="-0.098513" z="-0.329530"/>
                <normal y="0.499985" x="0.000000" z="-0.866024"/>
            </vertex>
            <vertex>
                <position y="0.805427" x="0.260067" z="-0.336651"/>
                <normal y="0.000000" x="0.744377" z="0.667714"/>
            </vertex>
            <vertex>
                <position y="0.895942" x="0.260067" z="-0.322190"/>
                <normal y="-0.180334" x="0.732597" z="0.656301"/>
            </vertex>
            <vertex>
                <position y="0.895942" x="0.224934" z="-0.322190"/>
                <normal y="-0.264931" x="0.000000" z="0.964232"/>
            </vertex>
            <vertex>
                <position y="0.805427" x="0.224934" z="-0.336651"/>
                <normal y="0.000000" x="0.000000" z="1.000000"/>
            </vertex>
            <vertex>
                <position y="0.805427" x="0.260067" z="-0.407869"/>
                <normal y="-0.000000" x="1.000000" z="-0.000001"/>
            </vertex>
            <vertex>
                <position y="0.914208" x="0.260067" z="-0.390488"/>
                <normal y="-0.000000" x="1.000000" z="-0.000001"/>
            </vertex>
            <vertex>
                <position y="0.895942" x="0.260067" z="-0.322190"/>
                <normal y="-0.000000" x="1.000000" z="-0.000001"/>
            </vertex>
            <vertex>
                <position y="0.805427" x="0.260067" z="-0.336651"/>
                <normal y="-0.000000" x="1.000000" z="-0.000001"/>
            </vertex>
            <vertex>
                <position y="0.914208" x="0.260067" z="-0.390488"/>
                <normal y="0.000000" x="1.000000" z="-0.000001"/>
            </vertex>
            <vertex>
                <position y="1.016752" x="0.260067" z="-0.349784"/>
                <normal y="0.000000" x="1.000000" z="-0.000001"/>
            </vertex>
            <vertex>
                <position y="0.981266" x="0.260067" z="-0.288321"/>
                <normal y="0.000000" x="1.000000" z="-0.000001"/>
            </vertex>
            <vertex>
                <position y="0.895942" x="0.260067" z="-0.322190"/>
                <normal y="0.000000" x="1.000000" z="-0.000001"/>
            </vertex>
            <vertex>
                <position y="0.914208" x="0.260067" z="-0.390488"/>
                <normal y="0.193457" x="0.683248" z="-0.704062"/>
            </vertex>
            <vertex>
                <position y="0.914208" x="0.078262" z="-0.390488"/>
                <normal y="0.210395" x="-0.607471" z="-0.765954"/>
            </vertex>
            <vertex>
                <position y="0.805427" x="0.260067" z="-0.407869"/>
                <normal y="0.000000" x="0.673238" z="-0.739402"/>
            </vertex>
            <vertex>
                <position y="0.805427" x="0.078262" z="-0.407869"/>
                <normal y="0.000000" x="-0.599414" z="-0.800409"/>
            </vertex>
            <vertex>
                <position y="1.016752" x="0.078262" z="-0.349784"/>
                <normal y="0.078371" x="-0.977179" z="-0.197434"/>
            </vertex>
            <vertex>
                <position y="0.914208" x="0.078262" z="-0.390488"/>
                <normal y="0.078371" x="-0.977179" z="-0.197434"/>
            </vertex>
            <vertex>
                <position y="0.908189" x="0.073232" z="-0.367982"/>
                <normal y="0.078371" x="-0.977179" z="-0.197434"/>
            </vertex>
            <vertex>
                <position y="1.005058" x="0.073232" z="-0.329530"/>
                <normal y="0.078371" x="-0.977179" z="-0.197434"/>
            </vertex>
            <vertex>
                <position y="0.914208" x="0.078262" z="-0.390488"/>
                <normal y="0.033465" x="-0.977245" z="-0.209459"/>
            </vertex>
            <vertex>
                <position y="0.805427" x="0.078262" z="-0.407869"/>
                <normal y="0.033465" x="-0.977245" z="-0.209459"/>
            </vertex>
            <vertex>
                <position y="0.805427" x="0.073232" z="-0.384400"/>
                <normal y="0.033465" x="-0.977245" z="-0.209459"/>
            </vertex>
            <vertex>
                <position y="0.908189" x="0.073232" z="-0.367982"/>
                <normal y="0.033465" x="-0.977245" z="-0.209459"/>
            </vertex>
            <vertex>
                <position y="0.908189" x="0.073232" z="-0.367982"/>
                <normal y="0.201331" x="-0.650319" z="-0.732475"/>
            </vertex>
            <vertex>
                <position y="0.908188" x="-0.098513" z="-0.367982"/>
                <normal y="0.264931" x="0.000000" z="-0.964232"/>
            </vertex>
            <vertex>
                <position y="0.805427" x="0.073232" z="-0.384400"/>
                <normal y="0.000000" x="-0.661336" z="-0.750053"/>
            </vertex>
            <vertex>
                <position y="0.805426" x="-0.098513" z="-0.384400"/>
                <normal y="0.000000" x="0.000000" z="-1.000000"/>
            </vertex>
            <vertex>
                <position y="0.714912" x="0.224934" z="-0.322190"/>
                <normal y="0.264931" x="0.000000" z="0.964232"/>
            </vertex>
            <vertex>
                <position y="0.714912" x="0.260067" z="-0.322190"/>
                <normal y="0.180334" x="0.732597" z="0.656301"/>
            </vertex>
            <vertex>
                <position y="0.629588" x="0.224934" z="-0.288320"/>
                <normal y="0.499985" x="0.000000" z="0.866024"/>
            </vertex>
            <vertex>
                <position y="0.629588" x="0.260067" z="-0.288321"/>
                <normal y="0.335582" x="0.741295" z="0.581225"/>
            </vertex>
            <vertex>
                <position y="0.594102" x="0.260067" z="-0.349784"/>
                <normal y="0.000000" x="1.000000" z="-0.000001"/>
            </vertex>
            <vertex>
                <position y="0.696645" x="0.260067" z="-0.390488"/>
                <normal y="0.000000" x="1.000000" z="-0.000001"/>
            </vertex>
            <vertex>
                <position y="0.714912" x="0.260067" z="-0.322190"/>
                <normal y="0.000000" x="1.000000" z="-0.000001"/>
            </vertex>
            <vertex>
                <position y="0.629588" x="0.260067" z="-0.288321"/>
                <normal y="0.000000" x="1.000000" z="-0.000001"/>
            </vertex>
            <vertex>
                <position y="0.696645" x="0.260067" z="-0.390488"/>
                <normal y="0.000000" x="1.000000" z="-0.000000"/>
            </vertex>
            <vertex>
                <position y="0.805427" x="0.260067" z="-0.407869"/>
                <normal y="0.000000" x="1.000000" z="-0.000000"/>
            </vertex>
            <vertex>
                <position y="0.805427" x="0.260067" z="-0.336651"/>
                <normal y="0.000000" x="1.000000" z="-0.000000"/>
            </vertex>
            <vertex>
                <position y="0.714912" x="0.260067" z="-0.322190"/>
                <normal y="0.000000" x="1.000000" z="-0.000000"/>
            </vertex>
            <vertex>
                <position y="0.696645" x="0.260067" z="-0.390488"/>
                <normal y="-0.193457" x="0.683248" z="-0.704062"/>
            </vertex>
            <vertex>
                <position y="0.696645" x="0.078262" z="-0.390488"/>
                <normal y="-0.210395" x="-0.607471" z="-0.765954"/>
            </vertex>
            <vertex>
                <position y="0.594102" x="0.260067" z="-0.349784"/>
                <normal y="-0.368511" x="0.675832" z="-0.638295"/>
            </vertex>
            <vertex>
                <position y="0.594102" x="0.078262" z="-0.349784"/>
                <normal y="-0.399457" x="-0.601367" z="-0.691916"/>
            </vertex>
            <vertex>
                <position y="0.805427" x="0.078262" z="-0.407869"/>
                <normal y="-0.033466" x="-0.977244" z="-0.209460"/>
            </vertex>
            <vertex>
                <position y="0.696645" x="0.078262" z="-0.390488"/>
                <normal y="-0.033466" x="-0.977244" z="-0.209460"/>
            </vertex>
            <vertex>
                <position y="0.702664" x="0.073232" z="-0.367982"/>
                <normal y="-0.033466" x="-0.977244" z="-0.209460"/>
            </vertex>
            <vertex>
                <position y="0.805427" x="0.073232" z="-0.384400"/>
                <normal y="-0.033466" x="-0.977244" z="-0.209460"/>
            </vertex>
            <vertex>
                <position y="0.696645" x="0.078262" z="-0.390488"/>
                <normal y="-0.078372" x="-0.977178" z="-0.197436"/>
            </vertex>
            <vertex>
                <position y="0.594102" x="0.078262" z="-0.349784"/>
                <normal y="-0.078372" x="-0.977178" z="-0.197436"/>
            </vertex>
            <vertex>
                <position y="0.605795" x="0.073232" z="-0.329530"/>
                <normal y="-0.078372" x="-0.977178" z="-0.197436"/>
            </vertex>
            <vertex>
                <position y="0.702664" x="0.073232" z="-0.367982"/>
                <normal y="-0.078372" x="-0.977178" z="-0.197436"/>
            </vertex>
            <vertex>
                <position y="0.702664" x="0.073232" z="-0.367982"/>
                <normal y="-0.201331" x="-0.650319" z="-0.732475"/>
            </vertex>
            <vertex>
                <position y="0.702664" x="-0.098513" z="-0.367982"/>
                <normal y="-0.264931" x="0.000000" z="-0.964232"/>
            </vertex>
            <vertex>
                <position y="0.605795" x="0.073232" z="-0.329530"/>
                <normal y="-0.376354" x="-0.658315" z="-0.651875"/>
            </vertex>
            <vertex>
                <position y="0.605795" x="-0.098513" z="-0.329530"/>
                <normal y="-0.499985" x="0.000000" z="-0.866024"/>
            </vertex>
            <vertex>
                <position y="0.557594" x="0.224934" z="-0.231362"/>
                <normal y="0.702597" x="0.000000" z="0.711570"/>
            </vertex>
            <vertex>
                <position y="0.557594" x="0.260067" z="-0.231362"/>
                <normal y="0.478225" x="0.732597" z="0.484329"/>
            </vertex>
            <vertex>
                <position y="0.499813" x="0.224934" z="-0.160205"/>
                <normal y="0.866024" x="0.000000" z="0.499985"/>
            </vertex>
            <vertex>
                <position y="0.499813" x="0.260067" z="-0.160205"/>
                <normal y="0.578265" x="0.744377" z="0.333842"/>
            </vertex>
            <vertex>
                <position y="0.438137" x="0.260067" z="-0.195814"/>
                <normal y="-0.000000" x="1.000000" z="-0.000000"/>
            </vertex>
            <vertex>
                <position y="0.507579" x="0.260067" z="-0.281331"/>
                <normal y="-0.000000" x="1.000000" z="-0.000000"/>
            </vertex>
            <vertex>
                <position y="0.557594" x="0.260067" z="-0.231362"/>
                <normal y="-0.000000" x="1.000000" z="-0.000000"/>
            </vertex>
            <vertex>
                <position y="0.499813" x="0.260067" z="-0.160205"/>
                <normal y="-0.000000" x="1.000000" z="-0.000000"/>
            </vertex>
            <vertex>
                <position y="0.507579" x="0.260067" z="-0.281331"/>
                <normal y="-0.000000" x="1.000000" z="-0.000000"/>
            </vertex>
            <vertex>
                <position y="0.594102" x="0.260067" z="-0.349784"/>
                <normal y="-0.000000" x="1.000000" z="-0.000000"/>
            </vertex>
            <vertex>
                <position y="0.629588" x="0.260067" z="-0.288321"/>
                <normal y="-0.000000" x="1.000000" z="-0.000000"/>
            </vertex>
            <vertex>
                <position y="0.557594" x="0.260067" z="-0.231362"/>
                <normal y="-0.000000" x="1.000000" z="-0.000000"/>
            </vertex>
            <vertex>
                <position y="0.507579" x="0.260067" z="-0.281331"/>
                <normal y="-0.512986" x="0.683248" z="-0.519547"/>
            </vertex>
            <vertex>
                <position y="0.507579" x="0.078262" z="-0.281331"/>
                <normal y="-0.558123" x="-0.607471" z="-0.565172"/>
            </vertex>
            <vertex>
                <position y="0.438137" x="0.260067" z="-0.195814"/>
                <normal y="-0.640339" x="0.673238" z="-0.369701"/>
            </vertex>
            <vertex>
                <position y="0.438137" x="0.078262" z="-0.195813"/>
                <normal y="-0.693167" x="-0.599414" z="-0.400189"/>
            </vertex>
            <vertex>
                <position y="0.594102" x="0.078262" z="-0.349784"/>
                <normal y="-0.131799" x="-0.977178" z="-0.166590"/>
            </vertex>
            <vertex>
                <position y="0.507579" x="0.078262" z="-0.281331"/>
                <normal y="-0.131799" x="-0.977178" z="-0.166590"/>
            </vertex>
            <vertex>
                <position y="0.524061" x="0.073232" z="-0.264865"/>
                <normal y="-0.131799" x="-0.977178" z="-0.166590"/>
            </vertex>
            <vertex>
                <position y="0.605795" x="0.073232" z="-0.329530"/>
                <normal y="-0.131799" x="-0.977178" z="-0.166590"/>
            </vertex>
            <vertex>
                <position y="0.507579" x="0.078262" z="-0.281331"/>
                <normal y="-0.164666" x="-0.977244" z="-0.133712"/>
            </vertex>
            <vertex>
                <position y="0.438137" x="0.078262" z="-0.195813"/>
                <normal y="-0.164666" x="-0.977244" z="-0.133712"/>
            </vertex>
            <vertex>
                <position y="0.458461" x="0.073232" z="-0.184079"/>
                <normal y="-0.164666" x="-0.977244" z="-0.133712"/>
            </vertex>
            <vertex>
                <position y="0.524061" x="0.073232" z="-0.264865"/>
                <normal y="-0.164666" x="-0.977244" z="-0.133712"/>
            </vertex>
            <vertex>
                <position y="0.524061" x="0.073232" z="-0.264865"/>
                <normal y="-0.533647" x="-0.650319" z="-0.540574"/>
            </vertex>
            <vertex>
                <position y="0.524061" x="-0.098512" z="-0.264864"/>
                <normal y="-0.702597" x="0.000000" z="-0.711570"/>
            </vertex>
            <vertex>
                <position y="0.458461" x="0.073232" z="-0.184079"/>
                <normal y="-0.649556" x="-0.661336" z="-0.375011"/>
            </vertex>
            <vertex>
                <position y="0.458461" x="-0.098512" z="-0.184079"/>
                <normal y="-0.866024" x="0.000000" z="-0.499985"/>
            </vertex>
            <vertex>
                <position y="0.453749" x="0.260067" z="0.016241"/>
                <normal y="0.671163" x="0.741295" z="-0.000000"/>
            </vertex>
            <vertex>
                <position y="0.467079" x="0.260067" z="-0.074586"/>
                <normal y="0.658559" x="0.732597" z="0.171972"/>
            </vertex>
            <vertex>
                <position y="0.467079" x="0.224934" z="-0.074586"/>
                <normal y="0.967528" x="0.000000" z="0.252663"/>
            </vertex>
            <vertex>
                <position y="0.453749" x="0.224934" z="0.016241"/>
                <normal y="1.000000" x="0.000000" z="-0.000000"/>
            </vertex>
            <vertex>
                <position y="0.382777" x="0.260067" z="0.016241"/>
                <normal y="0.000001" x="1.000000" z="-0.000000"/>
            </vertex>
            <vertex>
                <position y="0.398798" x="0.260067" z="-0.092916"/>
                <normal y="0.000001" x="1.000000" z="-0.000000"/>
            </vertex>
            <vertex>
                <position y="0.467079" x="0.260067" z="-0.074586"/>
                <normal y="0.000001" x="1.000000" z="-0.000000"/>
            </vertex>
            <vertex>
                <position y="0.453749" x="0.260067" z="0.016241"/>
                <normal y="0.000001" x="1.000000" z="-0.000000"/>
            </vertex>
            <vertex>
                <position y="0.398798" x="0.260067" z="-0.092916"/>
                <normal y="0.000001" x="1.000000" z="-0.000000"/>
            </vertex>
            <vertex>
                <position y="0.438137" x="0.260067" z="-0.195814"/>
                <normal y="0.000001" x="1.000000" z="-0.000000"/>
            </vertex>
            <vertex>
                <position y="0.499813" x="0.260067" z="-0.160205"/>
                <normal y="0.000001" x="1.000000" z="-0.000000"/>
            </vertex>
            <vertex>
                <position y="0.467079" x="0.260067" z="-0.074586"/>
                <normal y="0.000001" x="1.000000" z="-0.000000"/>
            </vertex>
            <vertex>
                <position y="0.398798" x="0.260067" z="-0.092916"/>
                <normal y="-0.706442" x="0.683248" z="-0.184484"/>
            </vertex>
            <vertex>
                <position y="0.398798" x="0.078262" z="-0.092916"/>
                <normal y="-0.768548" x="-0.607471" z="-0.200751"/>
            </vertex>
            <vertex>
                <position y="0.382777" x="0.260067" z="0.016241"/>
                <normal y="-0.737022" x="0.675832" z="-0.000000"/>
            </vertex>
            <vertex>
                <position y="0.382777" x="0.078262" z="0.016242"/>
                <normal y="-0.798944" x="-0.601367" z="-0.000000"/>
            </vertex>
            <vertex>
                <position y="0.438137" x="0.078262" z="-0.195813"/>
                <normal y="-0.198131" x="-0.977244" z="-0.075748"/>
            </vertex>
            <vertex>
                <position y="0.398798" x="0.078262" z="-0.092916"/>
                <normal y="-0.198131" x="-0.977244" z="-0.075748"/>
            </vertex>
            <vertex>
                <position y="0.421299" x="0.073232" z="-0.086875"/>
                <normal y="-0.198131" x="-0.977244" z="-0.075748"/>
            </vertex>
            <vertex>
                <position y="0.458461" x="0.073232" z="-0.184079"/>
                <normal y="-0.198131" x="-0.977244" z="-0.075748"/>
            </vertex>
            <vertex>
                <position y="0.398798" x="0.078262" z="-0.092916"/>
                <normal y="-0.210170" x="-0.977178" z="-0.030846"/>
            </vertex>
            <vertex>
                <position y="0.382777" x="0.078262" z="0.016242"/>
                <normal y="-0.210170" x="-0.977178" z="-0.030846"/>
            </vertex>
            <vertex>
                <position y="0.406165" x="0.073232" z="0.016242"/>
                <normal y="-0.210170" x="-0.977178" z="-0.030846"/>
            </vertex>
            <vertex>
                <position y="0.421299" x="0.073232" z="-0.086875"/>
                <normal y="-0.210170" x="-0.977178" z="-0.030846"/>
            </vertex>
            <vertex>
                <position y="0.421299" x="0.073232" z="-0.086875"/>
                <normal y="-0.735008" x="-0.650319" z="-0.191870"/>
            </vertex>
            <vertex>
                <position y="0.421299" x="-0.098512" z="-0.086875"/>
                <normal y="-0.967528" x="0.000000" z="-0.252663"/>
            </vertex>
            <vertex>
                <position y="0.406165" x="0.073232" z="0.016242"/>
                <normal y="-0.752708" x="-0.658315" z="-0.000000"/>
            </vertex>
            <vertex>
                <position y="0.406165" x="-0.098512" z="0.016242"/>
                <normal y="-1.000000" x="0.000000" z="-0.000000"/>
            </vertex>
            <vertex>
                <position y="0.499813" x="0.260068" z="0.192688"/>
                <normal y="0.578265" x="0.744377" z="-0.333842"/>
            </vertex>
            <vertex>
                <position y="0.467079" x="0.260067" z="0.107069"/>
                <normal y="0.658559" x="0.732597" z="-0.171972"/>
            </vertex>
            <vertex>
                <position y="0.467079" x="0.224934" z="0.107069"/>
                <normal y="0.967528" x="0.000000" z="-0.252663"/>
            </vertex>
            <vertex>
                <position y="0.499813" x="0.224934" z="0.192688"/>
                <normal y="0.866024" x="0.000000" z="-0.499985"/>
            </vertex>
            <vertex>
                <position y="0.438137" x="0.260068" z="0.228296"/>
                <normal y="0.000000" x="1.000000" z="-0.000000"/>
            </vertex>
            <vertex>
                <position y="0.398798" x="0.260067" z="0.125399"/>
                <normal y="0.000000" x="1.000000" z="-0.000000"/>
            </vertex>
            <vertex>
                <position y="0.467079" x="0.260067" z="0.107069"/>
                <normal y="0.000000" x="1.000000" z="-0.000000"/>
            </vertex>
            <vertex>
                <position y="0.499813" x="0.260068" z="0.192688"/>
                <normal y="0.000000" x="1.000000" z="-0.000000"/>
            </vertex>
            <vertex>
                <position y="0.398798" x="0.260067" z="0.125399"/>
                <normal y="0.000001" x="1.000000" z="-0.000001"/>
            </vertex>
            <vertex>
                <position y="0.382777" x="0.260067" z="0.016241"/>
                <normal y="0.000001" x="1.000000" z="-0.000001"/>
            </vertex>
            <vertex>
                <position y="0.453749" x="0.260067" z="0.016241"/>
                <normal y="0.000001" x="1.000000" z="-0.000001"/>
            </vertex>
            <vertex>
                <position y="0.467079" x="0.260067" z="0.107069"/>
                <normal y="0.000001" x="1.000000" z="-0.000001"/>
            </vertex>
            <vertex>
                <position y="0.398798" x="0.260067" z="0.125399"/>
                <normal y="-0.706442" x="0.683248" z="0.184484"/>
            </vertex>
            <vertex>
                <position y="0.398798" x="0.078262" z="0.125399"/>
                <normal y="-0.768548" x="-0.607471" z="0.200751"/>
            </vertex>
            <vertex>
                <position y="0.438137" x="0.260068" z="0.228296"/>
                <normal y="-0.640339" x="0.673238" z="0.369701"/>
            </vertex>
            <vertex>
                <position y="0.438137" x="0.078263" z="0.228297"/>
                <normal y="-0.693167" x="-0.599414" z="0.400189"/>
            </vertex>
            <vertex>
                <position y="0.382777" x="0.078262" z="0.016242"/>
                <normal y="-0.210170" x="-0.977178" z="0.030846"/>
            </vertex>
            <vertex>
                <position y="0.398798" x="0.078262" z="0.125399"/>
                <normal y="-0.210170" x="-0.977178" z="0.030846"/>
            </vertex>
            <vertex>
                <position y="0.421299" x="0.073232" z="0.119359"/>
                <normal y="-0.210170" x="-0.977178" z="0.030846"/>
            </vertex>
            <vertex>
                <position y="0.406165" x="0.073232" z="0.016242"/>
                <normal y="-0.210170" x="-0.977178" z="0.030846"/>
            </vertex>
            <vertex>
                <position y="0.398798" x="0.078262" z="0.125399"/>
                <normal y="-0.198130" x="-0.977244" z="0.075748"/>
            </vertex>
            <vertex>
                <position y="0.438137" x="0.078263" z="0.228297"/>
                <normal y="-0.198130" x="-0.977244" z="0.075748"/>
            </vertex>
            <vertex>
                <position y="0.458461" x="0.073232" z="0.216562"/>
                <normal y="-0.198130" x="-0.977244" z="0.075748"/>
            </vertex>
            <vertex>
                <position y="0.421299" x="0.073232" z="0.119359"/>
                <normal y="-0.198130" x="-0.977244" z="0.075748"/>
            </vertex>
            <vertex>
                <position y="0.421299" x="0.073232" z="0.119359"/>
                <normal y="-0.735008" x="-0.650319" z="0.191870"/>
            </vertex>
            <vertex>
                <position y="0.421299" x="-0.098512" z="0.119359"/>
                <normal y="-0.967528" x="0.000000" z="0.252663"/>
            </vertex>
            <vertex>
                <position y="0.458461" x="0.073232" z="0.216562"/>
                <normal y="-0.649556" x="-0.661336" z="0.375011"/>
            </vertex>
            <vertex>
                <position y="0.458461" x="-0.098512" z="0.216562"/>
                <normal y="-0.866024" x="0.000000" z="0.499985"/>
            </vertex>
            <vertex>
                <position y="0.629588" x="0.260067" z="0.320803"/>
                <normal y="0.335582" x="0.741295" z="-0.581225"/>
            </vertex>
            <vertex>
                <position y="0.557594" x="0.260068" z="0.263845"/>
                <normal y="0.478225" x="0.732597" z="-0.484329"/>
            </vertex>
            <vertex>
                <position y="0.557594" x="0.224934" z="0.263845"/>
                <normal y="0.702597" x="0.000000" z="-0.711570"/>
            </vertex>
            <vertex>
                <position y="0.629588" x="0.224934" z="0.320803"/>
                <normal y="0.499985" x="0.000000" z="-0.866024"/>
            </vertex>
            <vertex>
                <position y="0.594102" x="0.260068" z="0.382267"/>
                <normal y="0.000000" x="1.000000" z="-0.000000"/>
            </vertex>
            <vertex>
                <position y="0.507579" x="0.260068" z="0.313814"/>
                <normal y="0.000000" x="1.000000" z="-0.000000"/>
            </vertex>
            <vertex>
                <position y="0.557594" x="0.260068" z="0.263845"/>
                <normal y="0.000000" x="1.000000" z="-0.000000"/>
            </vertex>
            <vertex>
                <position y="0.629588" x="0.260067" z="0.320803"/>
                <normal y="0.000000" x="1.000000" z="-0.000000"/>
            </vertex>
            <vertex>
                <position y="0.507579" x="0.260068" z="0.313814"/>
                <normal y="0.000000" x="1.000000" z="-0.000000"/>
            </vertex>
            <vertex>
                <position y="0.438137" x="0.260068" z="0.228296"/>
                <normal y="0.000000" x="1.000000" z="-0.000000"/>
            </vertex>
            <vertex>
                <position y="0.499813" x="0.260068" z="0.192688"/>
                <normal y="0.000000" x="1.000000" z="-0.000000"/>
            </vertex>
            <vertex>
                <position y="0.557594" x="0.260068" z="0.263845"/>
                <normal y="0.000000" x="1.000000" z="-0.000000"/>
            </vertex>
            <vertex>
                <position y="0.507579" x="0.260068" z="0.313814"/>
                <normal y="-0.512986" x="0.683248" z="0.519547"/>
            </vertex>
            <vertex>
                <position y="0.507579" x="0.078263" z="0.313814"/>
                <normal y="-0.558123" x="-0.607471" z="0.565172"/>
            </vertex>
            <vertex>
                <position y="0.594102" x="0.260068" z="0.382267"/>
                <normal y="-0.368511" x="0.675832" z="0.638295"/>
            </vertex>
            <vertex>
                <position y="0.594102" x="0.078263" z="0.382267"/>
                <normal y="-0.399457" x="-0.601367" z="0.691916"/>
            </vertex>
            <vertex>
                <position y="0.438137" x="0.078263" z="0.228297"/>
                <normal y="-0.164664" x="-0.977244" z="0.133712"/>
            </vertex>
            <vertex>
                <position y="0.507579" x="0.078263" z="0.313814"/>
                <normal y="-0.164664" x="-0.977244" z="0.133712"/>
            </vertex>
            <vertex>
                <position y="0.524061" x="0.073232" z="0.297348"/>
                <normal y="-0.164664" x="-0.977244" z="0.133712"/>
            </vertex>
            <vertex>
                <position y="0.458461" x="0.073232" z="0.216562"/>
                <normal y="-0.164664" x="-0.977244" z="0.133712"/>
            </vertex>
            <vertex>
                <position y="0.507579" x="0.078263" z="0.313814"/>
                <normal y="-0.131798" x="-0.977178" z="0.166589"/>
            </vertex>
            <vertex>
                <position y="0.594102" x="0.078263" z="0.382267"/>
                <normal y="-0.131798" x="-0.977178" z="0.166589"/>
            </vertex>
            <vertex>
                <position y="0.605796" x="0.073232" z="0.362013"/>
                <normal y="-0.131798" x="-0.977178" z="0.166589"/>
            </vertex>
            <vertex>
                <position y="0.524061" x="0.073232" z="0.297348"/>
                <normal y="-0.131798" x="-0.977178" z="0.166589"/>
            </vertex>
            <vertex>
                <position y="0.524061" x="0.073232" z="0.297348"/>
                <normal y="-0.533647" x="-0.650319" z="0.540574"/>
            </vertex>
            <vertex>
                <position y="0.524061" x="-0.098512" z="0.297348"/>
                <normal y="-0.702597" x="0.000000" z="0.711570"/>
            </vertex>
            <vertex>
                <position y="0.605796" x="0.073232" z="0.362013"/>
                <normal y="-0.376354" x="-0.658315" z="0.651875"/>
            </vertex>
            <vertex>
                <position y="0.605796" x="-0.098512" z="0.362013"/>
                <normal y="-0.499985" x="0.000000" z="0.866024"/>
            </vertex>
            <vertex>
                <position y="0.805427" x="0.260068" z="0.369134"/>
                <normal y="0.000000" x="0.744377" z="-0.667714"/>
            </vertex>
            <vertex>
                <position y="0.714912" x="0.260068" z="0.354672"/>
                <normal y="0.180334" x="0.732597" z="-0.656301"/>
            </vertex>
            <vertex>
                <position y="0.714912" x="0.224934" z="0.354672"/>
                <normal y="0.264931" x="0.000000" z="-0.964232"/>
            </vertex>
            <vertex>
                <position y="0.805427" x="0.224934" z="0.369134"/>
                <normal y="0.000000" x="0.000000" z="-1.000000"/>
            </vertex>
            <vertex>
                <position y="0.805427" x="0.260068" z="0.440351"/>
                <normal y="-0.000000" x="1.000000" z="-0.000000"/>
            </vertex>
            <vertex>
                <position y="0.696645" x="0.260068" z="0.422971"/>
                <normal y="-0.000000" x="1.000000" z="-0.000000"/>
            </vertex>
            <vertex>
                <position y="0.714912" x="0.260068" z="0.354672"/>
                <normal y="-0.000000" x="1.000000" z="-0.000000"/>
            </vertex>
            <vertex>
                <position y="0.805427" x="0.260068" z="0.369134"/>
                <normal y="-0.000000" x="1.000000" z="-0.000000"/>
            </vertex>
            <vertex>
                <position y="0.696645" x="0.260068" z="0.422971"/>
                <normal y="-0.000000" x="1.000000" z="-0.000000"/>
            </vertex>
            <vertex>
                <position y="0.594102" x="0.260068" z="0.382267"/>
                <normal y="-0.000000" x="1.000000" z="-0.000000"/>
            </vertex>
            <vertex>
                <position y="0.629588" x="0.260067" z="0.320803"/>
                <normal y="-0.000000" x="1.000000" z="-0.000000"/>
            </vertex>
            <vertex>
                <position y="0.714912" x="0.260068" z="0.354672"/>
                <normal y="-0.000000" x="1.000000" z="-0.000000"/>
            </vertex>
            <vertex>
                <position y="0.805427" x="0.078263" z="0.440351"/>
                <normal y="0.000000" x="-0.599414" z="0.800409"/>
            </vertex>
            <vertex>
                <position y="0.696645" x="0.078263" z="0.422971"/>
                <normal y="-0.210395" x="-0.607471" z="0.765954"/>
            </vertex>
            <vertex>
                <position y="0.696645" x="0.260068" z="0.422971"/>
                <normal y="-0.193457" x="0.683248" z="0.704062"/>
            </vertex>
            <vertex>
                <position y="0.805427" x="0.260068" z="0.440351"/>
                <normal y="0.000000" x="0.673238" z="0.739402"/>
            </vertex>
            <vertex>
                <position y="0.594102" x="0.078263" z="0.382267"/>
                <normal y="-0.078371" x="-0.977178" z="0.197435"/>
            </vertex>
            <vertex>
                <position y="0.696645" x="0.078263" z="0.422971"/>
                <normal y="-0.078371" x="-0.977178" z="0.197435"/>
            </vertex>
            <vertex>
                <position y="0.702665" x="0.073232" z="0.400465"/>
                <normal y="-0.078371" x="-0.977178" z="0.197435"/>
            </vertex>
            <vertex>
                <position y="0.605796" x="0.073232" z="0.362013"/>
                <normal y="-0.078371" x="-0.977178" z="0.197435"/>
            </vertex>
            <vertex>
                <position y="0.696645" x="0.078263" z="0.422971"/>
                <normal y="-0.033466" x="-0.977244" z="0.209460"/>
            </vertex>
            <vertex>
                <position y="0.805427" x="0.078263" z="0.440351"/>
                <normal y="-0.033466" x="-0.977244" z="0.209460"/>
            </vertex>
            <vertex>
                <position y="0.805427" x="0.073232" z="0.416883"/>
                <normal y="-0.033466" x="-0.977244" z="0.209460"/>
            </vertex>
            <vertex>
                <position y="0.702665" x="0.073232" z="0.400465"/>
                <normal y="-0.033466" x="-0.977244" z="0.209460"/>
            </vertex>
            <vertex>
                <position y="0.805427" x="-0.098512" z="0.416883"/>
                <normal y="0.000000" x="0.000000" z="1.000000"/>
            </vertex>
            <vertex>
                <position y="0.702665" x="-0.098512" z="0.400465"/>
                <normal y="-0.264931" x="0.000000" z="0.964232"/>
            </vertex>
            <vertex>
                <position y="0.702665" x="0.073232" z="0.400465"/>
                <normal y="-0.201331" x="-0.650319" z="0.732475"/>
            </vertex>
            <vertex>
                <position y="0.805427" x="0.073232" z="0.416883"/>
                <normal y="0.000000" x="-0.661336" z="0.750053"/>
            </vertex>
            <vertex>
                <position y="0.981266" x="0.260067" z="0.320803"/>
                <normal y="-0.335582" x="0.741295" z="-0.581225"/>
            </vertex>
            <vertex>
                <position y="0.895942" x="0.260067" z="0.354672"/>
                <normal y="-0.180334" x="0.732597" z="-0.656301"/>
            </vertex>
            <vertex>
                <position y="0.895942" x="0.224934" z="0.354672"/>
                <normal y="-0.264931" x="0.000000" z="-0.964232"/>
            </vertex>
            <vertex>
                <position y="0.981266" x="0.224934" z="0.320803"/>
                <normal y="-0.499985" x="0.000000" z="-0.866024"/>
            </vertex>
            <vertex>
                <position y="0.805427" x="0.260068" z="0.369134"/>
                <normal y="0.000001" x="1.000000" z="-0.000000"/>
            </vertex>
            <vertex>
                <position y="0.895942" x="0.260067" z="0.354672"/>
                <normal y="0.000001" x="1.000000" z="-0.000000"/>
            </vertex>
            <vertex>
                <position y="0.914208" x="0.260068" z="0.422971"/>
                <normal y="0.000001" x="1.000000" z="-0.000000"/>
            </vertex>
            <vertex>
                <position y="0.805427" x="0.260068" z="0.440351"/>
                <normal y="0.000001" x="1.000000" z="-0.000000"/>
            </vertex>
            <vertex>
                <position y="0.895942" x="0.260067" z="0.354672"/>
                <normal y="0.000000" x="1.000000" z="-0.000001"/>
            </vertex>
            <vertex>
                <position y="0.981266" x="0.260067" z="0.320803"/>
                <normal y="0.000000" x="1.000000" z="-0.000001"/>
            </vertex>
            <vertex>
                <position y="1.016752" x="0.260067" z="0.382267"/>
                <normal y="0.000000" x="1.000000" z="-0.000001"/>
            </vertex>
            <vertex>
                <position y="0.914208" x="0.260068" z="0.422971"/>
                <normal y="0.000000" x="1.000000" z="-0.000001"/>
            </vertex>
            <vertex>
                <position y="1.016752" x="0.078263" z="0.382267"/>
                <normal y="0.399457" x="-0.601367" z="0.691916"/>
            </vertex>
            <vertex>
                <position y="0.914209" x="0.078263" z="0.422971"/>
                <normal y="0.210395" x="-0.607471" z="0.765954"/>
            </vertex>
            <vertex>
                <position y="0.914208" x="0.260068" z="0.422971"/>
                <normal y="0.193457" x="0.683248" z="0.704062"/>
            </vertex>
            <vertex>
                <position y="1.016752" x="0.260067" z="0.382267"/>
                <normal y="0.368511" x="0.675832" z="0.638295"/>
            </vertex>
            <vertex>
                <position y="0.805427" x="0.078263" z="0.440351"/>
                <normal y="0.033466" x="-0.977244" z="0.209461"/>
            </vertex>
            <vertex>
                <position y="0.914209" x="0.078263" z="0.422971"/>
                <normal y="0.033466" x="-0.977244" z="0.209461"/>
            </vertex>
            <vertex>
                <position y="0.908189" x="0.073232" z="0.400465"/>
                <normal y="0.033466" x="-0.977244" z="0.209461"/>
            </vertex>
            <vertex>
                <position y="0.805427" x="0.073232" z="0.416883"/>
                <normal y="0.033466" x="-0.977244" z="0.209461"/>
            </vertex>
            <vertex>
                <position y="0.914209" x="0.078263" z="0.422971"/>
                <normal y="0.078372" x="-0.977178" z="0.197436"/>
            </vertex>
            <vertex>
                <position y="1.016752" x="0.078263" z="0.382267"/>
                <normal y="0.078372" x="-0.977178" z="0.197436"/>
            </vertex>
            <vertex>
                <position y="1.005058" x="0.073232" z="0.362012"/>
                <normal y="0.078372" x="-0.977178" z="0.197436"/>
            </vertex>
            <vertex>
                <position y="0.908189" x="0.073232" z="0.400465"/>
                <normal y="0.078372" x="-0.977178" z="0.197436"/>
            </vertex>
            <vertex>
                <position y="1.005058" x="-0.098512" z="0.362012"/>
                <normal y="0.499985" x="0.000000" z="0.866024"/>
            </vertex>
            <vertex>
                <position y="0.908189" x="-0.098512" z="0.400464"/>
                <normal y="0.264931" x="0.000000" z="0.964232"/>
            </vertex>
            <vertex>
                <position y="0.908189" x="0.073232" z="0.400465"/>
                <normal y="0.201331" x="-0.650319" z="0.732475"/>
            </vertex>
            <vertex>
                <position y="1.005058" x="0.073232" z="0.362012"/>
                <normal y="0.376354" x="-0.658315" z="0.651875"/>
            </vertex>
            <vertex>
                <position y="1.053260" x="0.224934" z="0.263845"/>
                <normal y="-0.702597" x="0.000000" z="-0.711570"/>
            </vertex>
            <vertex>
                <position y="1.053260" x="0.260067" z="0.263845"/>
                <normal y="-0.478225" x="0.732597" z="-0.484329"/>
            </vertex>
            <vertex>
                <position y="1.111041" x="0.224934" z="0.192688"/>
                <normal y="-0.866024" x="0.000000" z="-0.499985"/>
            </vertex>
            <vertex>
                <position y="1.111041" x="0.260067" z="0.192688"/>
                <normal y="-0.578265" x="0.744377" z="-0.333842"/>
            </vertex>
            <vertex>
                <position y="0.981266" x="0.260067" z="0.320803"/>
                <normal y="-0.000001" x="1.000000" z="-0.000001"/>
            </vertex>
            <vertex>
                <position y="1.053260" x="0.260067" z="0.263845"/>
                <normal y="-0.000001" x="1.000000" z="-0.000001"/>
            </vertex>
            <vertex>
                <position y="1.103275" x="0.260067" z="0.313814"/>
                <normal y="-0.000001" x="1.000000" z="-0.000001"/>
            </vertex>
            <vertex>
                <position y="1.016752" x="0.260067" z="0.382267"/>
                <normal y="-0.000001" x="1.000000" z="-0.000001"/>
            </vertex>
            <vertex>
                <position y="1.053260" x="0.260067" z="0.263845"/>
                <normal y="-0.000000" x="1.000000" z="-0.000001"/>
            </vertex>
            <vertex>
                <position y="1.111041" x="0.260067" z="0.192688"/>
                <normal y="-0.000000" x="1.000000" z="-0.000001"/>
            </vertex>
            <vertex>
                <position y="1.172717" x="0.260067" z="0.228296"/>
                <normal y="-0.000000" x="1.000000" z="-0.000001"/>
            </vertex>
            <vertex>
                <position y="1.103275" x="0.260067" z="0.313814"/>
                <normal y="-0.000000" x="1.000000" z="-0.000001"/>
            </vertex>
            <vertex>
                <position y="1.172717" x="0.078262" z="0.228296"/>
                <normal y="0.693167" x="-0.599414" z="0.400189"/>
            </vertex>
            <vertex>
                <position y="1.103275" x="0.078262" z="0.313814"/>
                <normal y="0.558123" x="-0.607471" z="0.565172"/>
            </vertex>
            <vertex>
                <position y="1.103275" x="0.260067" z="0.313814"/>
                <normal y="0.512986" x="0.683248" z="0.519547"/>
            </vertex>
            <vertex>
                <position y="1.172717" x="0.260067" z="0.228296"/>
                <normal y="0.640339" x="0.673238" z="0.369701"/>
            </vertex>
            <vertex>
                <position y="1.016752" x="0.078263" z="0.382267"/>
                <normal y="0.131798" x="-0.977178" z="0.166589"/>
            </vertex>
            <vertex>
                <position y="1.103275" x="0.078262" z="0.313814"/>
                <normal y="0.131798" x="-0.977178" z="0.166589"/>
            </vertex>
            <vertex>
                <position y="1.086793" x="0.073232" z="0.297347"/>
                <normal y="0.131798" x="-0.977178" z="0.166589"/>
            </vertex>
            <vertex>
                <position y="1.005058" x="0.073232" z="0.362012"/>
                <normal y="0.131798" x="-0.977178" z="0.166589"/>
            </vertex>
            <vertex>
                <position y="1.103275" x="0.078262" z="0.313814"/>
                <normal y="0.164664" x="-0.977245" z="0.133712"/>
            </vertex>
            <vertex>
                <position y="1.172717" x="0.078262" z="0.228296"/>
                <normal y="0.164664" x="-0.977245" z="0.133712"/>
            </vertex>
            <vertex>
                <position y="1.152393" x="0.073232" z="0.216562"/>
                <normal y="0.164664" x="-0.977245" z="0.133712"/>
            </vertex>
            <vertex>
                <position y="1.086793" x="0.073232" z="0.297347"/>
                <normal y="0.164664" x="-0.977245" z="0.133712"/>
            </vertex>
            <vertex>
                <position y="1.152393" x="-0.098512" z="0.216562"/>
                <normal y="0.866024" x="0.000000" z="0.499985"/>
            </vertex>
            <vertex>
                <position y="1.086793" x="-0.098512" z="0.297347"/>
                <normal y="0.702597" x="0.000000" z="0.711570"/>
            </vertex>
            <vertex>
                <position y="1.086793" x="0.073232" z="0.297347"/>
                <normal y="0.533647" x="-0.650319" z="0.540574"/>
            </vertex>
            <vertex>
                <position y="1.152393" x="0.073232" z="0.216562"/>
                <normal y="0.649556" x="-0.661336" z="0.375011"/>
            </vertex>
            <vertex>
                <position y="1.143774" x="0.224934" z="0.107069"/>
                <normal y="-0.967528" x="0.000000" z="-0.252663"/>
            </vertex>
            <vertex>
                <position y="1.143774" x="0.260067" z="0.107069"/>
                <normal y="-0.658559" x="0.732597" z="-0.171972"/>
            </vertex>
            <vertex>
                <position y="1.228077" x="0.260067" z="0.016241"/>
                <normal y="0.000000" x="1.000000" z="-0.000000"/>
            </vertex>
            <vertex>
                <position y="1.212056" x="0.260067" z="0.125399"/>
                <normal y="0.000000" x="1.000000" z="-0.000000"/>
            </vertex>
            <vertex>
                <position y="1.143774" x="0.260067" z="0.107069"/>
                <normal y="0.000000" x="1.000000" z="-0.000000"/>
            </vertex>
            <vertex>
                <position y="1.157105" x="0.260067" z="0.016241"/>
                <normal y="0.000000" x="1.000000" z="-0.000000"/>
            </vertex>
            <vertex>
                <position y="1.212056" x="0.260067" z="0.125399"/>
                <normal y="0.000000" x="1.000000" z="-0.000000"/>
            </vertex>
            <vertex>
                <position y="1.172717" x="0.260067" z="0.228296"/>
                <normal y="0.000000" x="1.000000" z="-0.000000"/>
            </vertex>
            <vertex>
                <position y="1.111041" x="0.260067" z="0.192688"/>
                <normal y="0.000000" x="1.000000" z="-0.000000"/>
            </vertex>
            <vertex>
                <position y="1.143774" x="0.260067" z="0.107069"/>
                <normal y="0.000000" x="1.000000" z="-0.000000"/>
            </vertex>
            <vertex>
                <position y="1.212056" x="0.260067" z="0.125399"/>
                <normal y="0.706442" x="0.683248" z="0.184484"/>
            </vertex>
            <vertex>
                <position y="1.212056" x="0.078262" z="0.125399"/>
                <normal y="0.768548" x="-0.607471" z="0.200751"/>
            </vertex>
            <vertex>
                <position y="1.172717" x="0.078262" z="0.228296"/>
                <normal y="0.198129" x="-0.977245" z="0.075748"/>
            </vertex>
            <vertex>
                <position y="1.212056" x="0.078262" z="0.125399"/>
                <normal y="0.198129" x="-0.977245" z="0.075748"/>
            </vertex>
            <vertex>
                <position y="1.189555" x="0.073232" z="0.119358"/>
                <normal y="0.198129" x="-0.977245" z="0.075748"/>
            </vertex>
            <vertex>
                <position y="1.152393" x="0.073232" z="0.216562"/>
                <normal y="0.198129" x="-0.977245" z="0.075748"/>
            </vertex>
            <vertex>
                <position y="1.212056" x="0.078262" z="0.125399"/>
                <normal y="0.210169" x="-0.977178" z="0.030846"/>
            </vertex>
            <vertex>
                <position y="1.228077" x="0.078262" z="0.016241"/>
                <normal y="0.210169" x="-0.977178" z="0.030846"/>
            </vertex>
            <vertex>
                <position y="1.204689" x="0.073232" z="0.016241"/>
                <normal y="0.210169" x="-0.977178" z="0.030846"/>
            </vertex>
            <vertex>
                <position y="1.189555" x="0.073232" z="0.119358"/>
                <normal y="0.210169" x="-0.977178" z="0.030846"/>
            </vertex>
            <vertex>
                <position y="1.189555" x="0.073232" z="0.119358"/>
                <normal y="0.735008" x="-0.650319" z="0.191870"/>
            </vertex>
            <vertex>
                <position y="1.189555" x="-0.098512" z="0.119358"/>
                <normal y="0.967528" x="0.000000" z="0.252663"/>
            </vertex>
        </vertexbuffer>
    </sharedgeometry>
    <submeshes>
        <submesh usesharedvertices="true" material="Material.003" use32bitindexes="False">
            <faces count="288">
                <face v1="24" v2="25" v3="26"/>
                <face v1="25" v2="27" v3="26"/>
                <face v1="28" v2="29" v3="30"/>
                <face v1="29" v2="31" v3="30"/>
                <face v1="32" v2="33" v3="34"/>
                <face v1="32" v2="34" v3="35"/>
                <face v1="33" v2="36" v3="37"/>
                <face v1="33" v2="37" v3="34"/>
                <face v1="27" v2="38" v3="26"/>
                <face v1="38" v2="39" v3="26"/>
                <face v1="40" v2="41" v3="42"/>
                <face v1="43" v2="28" v3="30"/>
                <face v1="44" v2="32" v3="35"/>
                <face v1="44" v2="35" v3="45"/>
                <face v1="45" v2="46" v3="47"/>
                <face v1="45" v2="47" v3="44"/>
                <face v1="48" v2="49" v3="50"/>
                <face v1="51" v2="52" v3="26"/>
                <face v1="53" v2="54" v3="30"/>
                <face v1="54" v2="55" v3="30"/>
                <face v1="46" v2="56" v3="57"/>
                <face v1="46" v2="57" v3="47"/>
                <face v1="56" v2="58" v3="59"/>
                <face v1="56" v2="59" v3="57"/>
                <face v1="60" v2="61" v3="50"/>
                <face v1="62" v2="63" v3="26"/>
                <face v1="64" v2="65" v3="30"/>
                <face v1="65" v2="53" v3="30"/>
                <face v1="58" v2="66" v3="67"/>
                <face v1="58" v2="67" v3="59"/>
                <face v1="66" v2="68" v3="69"/>
                <face v1="66" v2="69" v3="67"/>
                <face v1="70" v2="71" v3="50"/>
                <face v1="72" v2="73" v3="26"/>
                <face v1="74" v2="75" v3="30"/>
                <face v1="75" v2="64" v3="30"/>
                <face v1="68" v2="76" v3="77"/>
                <face v1="68" v2="77" v3="69"/>
                <face v1="76" v2="78" v3="79"/>
                <face v1="76" v2="79" v3="77"/>
                <face v1="80" v2="81" v3="50"/>
                <face v1="81" v2="82" v3="50"/>
                <face v1="31" v2="83" v3="30"/>
                <face v1="84" v2="85" v3="42"/>
                <face v1="78" v2="86" v3="87"/>
                <face v1="78" v2="87" v3="79"/>
                <face v1="86" v2="37" v3="36"/>
                <face v1="86" v2="36" v3="87"/>
                <face v1="112" v2="113" v3="114"/>
                <face v1="112" v2="114" v3="115"/>
                <face v1="113" v2="116" v3="117"/>
                <face v1="113" v2="117" v3="114"/>
                <face v1="118" v2="119" v3="120"/>
                <face v1="118" v2="120" v3="121"/>
                <face v1="122" v2="123" v3="124"/>
                <face v1="122" v2="124" v3="125"/>
                <face v1="126" v2="127" v3="128"/>
                <face v1="126" v2="128" v3="129"/>
                <face v1="127" v2="130" v3="131"/>
                <face v1="127" v2="131" v3="128"/>
                <face v1="132" v2="133" v3="134"/>
                <face v1="132" v2="134" v3="135"/>
                <face v1="136" v2="137" v3="138"/>
                <face v1="136" v2="138" v3="139"/>
                <face v1="140" v2="141" v3="142"/>
                <face v1="140" v2="142" v3="143"/>
                <face v1="141" v2="144" v3="145"/>
                <face v1="141" v2="145" v3="142"/>
                <face v1="146" v2="147" v3="148"/>
                <face v1="146" v2="148" v3="149"/>
                <face v1="149" v2="112" v3="115"/>
                <face v1="149" v2="115" v3="146"/>
                <face v1="150" v2="151" v3="152"/>
                <face v1="150" v2="152" v3="153"/>
                <face v1="154" v2="155" v3="156"/>
                <face v1="154" v2="156" v3="157"/>
                <face v1="130" v2="158" v3="159"/>
                <face v1="130" v2="159" v3="131"/>
                <face v1="158" v2="160" v3="161"/>
                <face v1="158" v2="161" v3="159"/>
                <face v1="162" v2="163" v3="164"/>
                <face v1="162" v2="164" v3="165"/>
                <face v1="166" v2="167" v3="168"/>
                <face v1="166" v2="168" v3="169"/>
                <face v1="144" v2="170" v3="171"/>
                <face v1="144" v2="171" v3="145"/>
                <face v1="170" v2="172" v3="173"/>
                <face v1="170" v2="173" v3="171"/>
                <face v1="174" v2="175" v3="176"/>
                <face v1="174" v2="176" v3="177"/>
                <face v1="147" v2="176" v3="175"/>
                <face v1="147" v2="175" v3="148"/>
                <face v1="178" v2="179" v3="180"/>
                <face v1="178" v2="180" v3="181"/>
                <face v1="182" v2="183" v3="184"/>
                <face v1="182" v2="184" v3="185"/>
                <face v1="160" v2="186" v3="187"/>
                <face v1="160" v2="187" v3="161"/>
                <face v1="186" v2="188" v3="189"/>
                <face v1="186" v2="189" v3="187"/>
                <face v1="190" v2="191" v3="192"/>
                <face v1="190" v2="192" v3="193"/>
                <face v1="194" v2="195" v3="196"/>
                <face v1="194" v2="196" v3="197"/>
                <face v1="172" v2="198" v3="199"/>
                <face v1="172" v2="199" v3="173"/>
                <face v1="198" v2="200" v3="201"/>
                <face v1="198" v2="201" v3="199"/>
                <face v1="177" v2="202" v3="203"/>
                <face v1="177" v2="203" v3="174"/>
                <face v1="202" v2="204" v3="205"/>
                <face v1="202" v2="205" v3="203"/>
                <face v1="206" v2="207" v3="208"/>
                <face v1="206" v2="208" v3="209"/>
                <face v1="210" v2="211" v3="212"/>
                <face v1="210" v2="212" v3="213"/>
                <face v1="188" v2="214" v3="215"/>
                <face v1="188" v2="215" v3="189"/>
                <face v1="214" v2="216" v3="217"/>
                <face v1="214" v2="217" v3="215"/>
                <face v1="218" v2="219" v3="220"/>
                <face v1="218" v2="220" v3="221"/>
                <face v1="222" v2="223" v3="224"/>
                <face v1="222" v2="224" v3="225"/>
                <face v1="200" v2="226" v3="227"/>
                <face v1="200" v2="227" v3="201"/>
                <face v1="226" v2="228" v3="229"/>
                <face v1="226" v2="229" v3="227"/>
                <face v1="204" v2="230" v3="231"/>
                <face v1="204" v2="231" v3="205"/>
                <face v1="230" v2="232" v3="233"/>
                <face v1="230" v2="233" v3="231"/>
                <face v1="234" v2="235" v3="236"/>
                <face v1="234" v2="236" v3="237"/>
                <face v1="238" v2="239" v3="240"/>
                <face v1="238" v2="240" v3="241"/>
                <face v1="216" v2="242" v3="243"/>
                <face v1="216" v2="243" v3="217"/>
                <face v1="242" v2="244" v3="245"/>
                <face v1="242" v2="245" v3="243"/>
                <face v1="246" v2="247" v3="248"/>
                <face v1="246" v2="248" v3="249"/>
                <face v1="250" v2="251" v3="252"/>
                <face v1="250" v2="252" v3="253"/>
                <face v1="228" v2="254" v3="255"/>
                <face v1="228" v2="255" v3="229"/>
                <face v1="254" v2="256" v3="257"/>
                <face v1="254" v2="257" v3="255"/>
                <face v1="258" v2="259" v3="260"/>
                <face v1="258" v2="260" v3="261"/>
                <face v1="259" v2="233" v3="232"/>
                <face v1="259" v2="232" v3="260"/>
                <face v1="262" v2="263" v3="264"/>
                <face v1="262" v2="264" v3="265"/>
                <face v1="266" v2="267" v3="268"/>
                <face v1="266" v2="268" v3="269"/>
                <face v1="244" v2="270" v3="271"/>
                <face v1="244" v2="271" v3="245"/>
                <face v1="270" v2="272" v3="273"/>
                <face v1="270" v2="273" v3="271"/>
                <face v1="274" v2="275" v3="276"/>
                <face v1="274" v2="276" v3="277"/>
                <face v1="278" v2="279" v3="280"/>
                <face v1="278" v2="280" v3="281"/>
                <face v1="256" v2="282" v3="283"/>
                <face v1="256" v2="283" v3="257"/>
                <face v1="282" v2="284" v3="285"/>
                <face v1="282" v2="285" v3="283"/>
                <face v1="286" v2="287" v3="288"/>
                <face v1="286" v2="288" v3="289"/>
                <face v1="287" v2="258" v3="261"/>
                <face v1="287" v2="261" v3="288"/>
                <face v1="290" v2="291" v3="292"/>
                <face v1="290" v2="292" v3="293"/>
                <face v1="294" v2="295" v3="296"/>
                <face v1="294" v2="296" v3="297"/>
                <face v1="272" v2="298" v3="299"/>
                <face v1="272" v2="299" v3="273"/>
                <face v1="298" v2="300" v3="301"/>
                <face v1="298" v2="301" v3="299"/>
                <face v1="302" v2="303" v3="304"/>
                <face v1="302" v2="304" v3="305"/>
                <face v1="306" v2="307" v3="308"/>
                <face v1="306" v2="308" v3="309"/>
                <face v1="284" v2="310" v3="311"/>
                <face v1="284" v2="311" v3="285"/>
                <face v1="310" v2="312" v3="313"/>
                <face v1="310" v2="313" v3="311"/>
                <face v1="314" v2="315" v3="316"/>
                <face v1="314" v2="316" v3="317"/>
                <face v1="315" v2="286" v3="289"/>
                <face v1="315" v2="289" v3="316"/>
                <face v1="318" v2="319" v3="320"/>
                <face v1="318" v2="320" v3="321"/>
                <face v1="322" v2="323" v3="324"/>
                <face v1="322" v2="324" v3="325"/>
                <face v1="300" v2="326" v3="327"/>
                <face v1="300" v2="327" v3="301"/>
                <face v1="326" v2="328" v3="329"/>
                <face v1="326" v2="329" v3="327"/>
                <face v1="330" v2="331" v3="332"/>
                <face v1="330" v2="332" v3="333"/>
                <face v1="334" v2="335" v3="336"/>
                <face v1="334" v2="336" v3="337"/>
                <face v1="312" v2="338" v3="339"/>
                <face v1="312" v2="339" v3="313"/>
                <face v1="338" v2="340" v3="341"/>
                <face v1="338" v2="341" v3="339"/>
                <face v1="342" v2="343" v3="344"/>
                <face v1="342" v2="344" v3="345"/>
                <face v1="343" v2="314" v3="317"/>
                <face v1="343" v2="317" v3="344"/>
                <face v1="346" v2="347" v3="348"/>
                <face v1="346" v2="348" v3="349"/>
                <face v1="350" v2="351" v3="352"/>
                <face v1="350" v2="352" v3="353"/>
                <face v1="354" v2="355" v3="356"/>
                <face v1="354" v2="356" v3="357"/>
                <face v1="355" v2="329" v3="328"/>
                <face v1="355" v2="328" v3="356"/>
                <face v1="358" v2="359" v3="360"/>
                <face v1="358" v2="360" v3="361"/>
                <face v1="362" v2="363" v3="364"/>
                <face v1="362" v2="364" v3="365"/>
                <face v1="366" v2="367" v3="368"/>
                <face v1="366" v2="368" v3="369"/>
                <face v1="367" v2="341" v3="340"/>
                <face v1="367" v2="340" v3="368"/>
                <face v1="370" v2="371" v3="372"/>
                <face v1="370" v2="372" v3="373"/>
                <face v1="371" v2="342" v3="345"/>
                <face v1="371" v2="345" v3="372"/>
                <face v1="374" v2="375" v3="376"/>
                <face v1="374" v2="376" v3="377"/>
                <face v1="378" v2="379" v3="380"/>
                <face v1="378" v2="380" v3="381"/>
                <face v1="382" v2="383" v3="384"/>
                <face v1="382" v2="384" v3="385"/>
                <face v1="383" v2="354" v3="357"/>
                <face v1="383" v2="357" v3="384"/>
                <face v1="386" v2="387" v3="388"/>
                <face v1="386" v2="388" v3="389"/>
                <face v1="390" v2="391" v3="392"/>
                <face v1="390" v2="392" v3="393"/>
                <face v1="394" v2="395" v3="396"/>
                <face v1="394" v2="396" v3="397"/>
                <face v1="395" v2="366" v3="369"/>
                <face v1="395" v2="369" v3="396"/>
                <face v1="373" v2="398" v3="399"/>
                <face v1="373" v2="399" v3="370"/>
                <face v1="398" v2="400" v3="401"/>
                <face v1="398" v2="401" v3="399"/>
                <face v1="402" v2="403" v3="404"/>
                <face v1="402" v2="404" v3="405"/>
                <face v1="406" v2="407" v3="408"/>
                <face v1="406" v2="408" v3="409"/>
                <face v1="410" v2="411" v3="412"/>
                <face v1="410" v2="412" v3="413"/>
                <face v1="411" v2="382" v3="385"/>
                <face v1="411" v2="385" v3="412"/>
                <face v1="414" v2="415" v3="416"/>
                <face v1="414" v2="416" v3="417"/>
                <face v1="418" v2="419" v3="420"/>
                <face v1="418" v2="420" v3="421"/>
                <face v1="422" v2="423" v3="424"/>
                <face v1="422" v2="424" v3="425"/>
                <face v1="423" v2="394" v3="397"/>
                <face v1="423" v2="397" v3="424"/>
                <face v1="400" v2="426" v3="427"/>
                <face v1="400" v2="427" v3="401"/>
                <face v1="426" v2="117" v3="116"/>
                <face v1="426" v2="116" v3="427"/>
                <face v1="428" v2="429" v3="430"/>
                <face v1="428" v2="430" v3="431"/>
                <face v1="432" v2="433" v3="434"/>
                <face v1="432" v2="434" v3="435"/>
                <face v1="413" v2="436" v3="437"/>
                <face v1="413" v2="437" v3="410"/>
                <face v1="436" v2="126" v3="129"/>
                <face v1="436" v2="129" v3="437"/>
                <face v1="438" v2="439" v3="440"/>
                <face v1="438" v2="440" v3="441"/>
                <face v1="442" v2="443" v3="444"/>
                <face v1="442" v2="444" v3="445"/>
                <face v1="425" v2="446" v3="447"/>
                <face v1="425" v2="447" v3="422"/>
                <face v1="446" v2="140" v3="143"/>
                <face v1="446" v2="143" v3="447"/>
            </faces>
        </submesh>
        <submesh usesharedvertices="true" material="Material" use32bitindexes="False">
            <faces count="12">
                <face v1="0" v2="1" v3="2"/>
                <face v1="0" v2="2" v3="3"/>
                <face v1="4" v2="5" v3="6"/>
                <face v1="4" v2="6" v3="7"/>
                <face v1="8" v2="9" v3="10"/>
                <face v1="8" v2="10" v3="11"/>
                <face v1="12" v2="13" v3="14"/>
                <face v1="12" v2="14" v3="15"/>
                <face v1="16" v2="17" v3="18"/>
                <face v1="16" v2="18" v3="19"/>
                <face v1="20" v2="21" v3="22"/>
                <face v1="20" v2="22" v3="23"/>
            </faces>
        </submesh>
        <submesh usesharedvertices="true" material="Material.002" use32bitindexes="False">
            <faces count="44">
                <face v1="88" v2="89" v3="90"/>
                <face v1="88" v2="90" v3="91"/>
                <face v1="92" v2="93" v3="94"/>
                <face v1="92" v2="94" v3="95"/>
                <face v1="96" v2="97" v3="98"/>
                <face v1="96" v2="98" v3="99"/>
                <face v1="100" v2="101" v3="102"/>
                <face v1="100" v2="102" v3="103"/>
                <face v1="104" v2="105" v3="106"/>
                <face v1="104" v2="106" v3="107"/>
                <face v1="108" v2="109" v3="110"/>
                <face v1="108" v2="110" v3="111"/>
                <face v1="88" v2="98" v3="97"/>
                <face v1="88" v2="97" v3="89"/>
                <face v1="101" v2="90" v3="89"/>
                <face v1="101" v2="89" v3="102"/>
                <face v1="111" v2="88" v3="91"/>
                <face v1="111" v2="91" v3="108"/>
                <face v1="105" v2="91" v3="90"/>
                <face v1="105" v2="90" v3="106"/>
                <face v1="109" v2="95" v3="94"/>
                <face v1="109" v2="94" v3="110"/>
                <face v1="95" v2="104" v3="107"/>
                <face v1="95" v2="107" v3="92"/>
                <face v1="93" v2="96" v3="99"/>
                <face v1="93" v2="99" v3="94"/>
                <face v1="92" v2="100" v3="103"/>
                <face v1="92" v2="103" v3="93"/>
                <face v1="110" v2="99" v3="98"/>
                <face v1="110" v2="98" v3="111"/>
                <face v1="96" v2="103" v3="102"/>
                <face v1="96" v2="102" v3="97"/>
                <face v1="100" v2="107" v3="106"/>
                <face v1="100" v2="106" v3="101"/>
                <face v1="104" v2="109" v3="108"/>
                <face v1="104" v2="108" v3="105"/>
                <face v1="88" v2="111" v3="98"/>
                <face v1="89" v2="97" v3="102"/>
                <face v1="90" v2="101" v3="106"/>
                <face v1="91" v2="105" v3="108"/>
                <face v1="94" v2="99" v3="110"/>
                <face v1="93" v2="103" v3="96"/>
                <face v1="92" v2="107" v3="100"/>
                <face v1="95" v2="109" v3="104"/>
            </faces>
        </submesh>
    </submeshes>
    <submeshnames>
        <submesh index="0" name="Material.003">
        </submesh>
        <submesh index="1" name="Material">
        </submesh>
        <submesh index="2" name="Material.001">
        </submesh>
        <submesh index="3" name="Material.002">
        </submesh>
    </submeshnames>
</mesh>