<?xml version="1.0" encoding="UTF-8"?>
<mesh>
    <sharedgeometry vertexcount="49">
        <vertexbuffer texture_coords="0" positions="true" colours_diffuse="False" normals="true">
            <vertex>
                <position y="1.143774" x="0.224934" z="0.107069"/>
                <normal y="0.220985" x="0.973540" z="0.057802"/>
            </vertex>
            <vertex>
                <position y="1.111041" x="0.224934" z="0.192688"/>
                <normal y="0.196448" x="0.973907" z="0.113407"/>
            </vertex>
            <vertex>
                <position y="1.014880" x="0.250799" z="0.137169"/>
                <normal y="0.138707" x="0.987060" z="0.080081"/>
            </vertex>
            <vertex>
                <position y="1.037313" x="0.250799" z="0.078490"/>
                <normal y="0.153874" x="0.987274" z="0.040132"/>
            </vertex>
            <vertex>
                <position y="1.157105" x="0.224934" z="0.016241"/>
                <normal y="0.227607" x="0.973724" z="-0.000000"/>
            </vertex>
            <vertex>
                <position y="1.046450" x="0.250799" z="0.016241"/>
                <normal y="0.160100" x="0.987091" z="-0.000000"/>
            </vertex>
            <vertex>
                <position y="0.805427" x="0.269675" z="0.016241"/>
                <normal y="0.000000" x="1.000000" z="-0.000000"/>
            </vertex>
            <vertex>
                <position y="1.053260" x="0.224934" z="0.263845"/>
                <normal y="0.160558" x="0.973540" z="0.162481"/>
            </vertex>
            <vertex>
                <position y="0.981266" x="0.224934" z="0.320803"/>
                <normal y="0.113804" x="0.973724" z="0.197089"/>
            </vertex>
            <vertex>
                <position y="0.925938" x="0.250799" z="0.224973"/>
                <normal y="0.080050" x="0.987091" z="0.138646"/>
            </vertex>
            <vertex>
                <position y="0.975279" x="0.250799" z="0.185937"/>
                <normal y="0.111698" x="0.987274" z="0.113193"/>
            </vertex>
            <vertex>
                <position y="0.895942" x="0.224934" z="0.354672"/>
                <normal y="0.060427" x="0.973540" z="0.220283"/>
            </vertex>
            <vertex>
                <position y="0.805427" x="0.224934" z="0.369134"/>
                <normal y="0.000000" x="0.973907" z="0.226844"/>
            </vertex>
            <vertex>
                <position y="0.805427" x="0.250799" z="0.258097"/>
                <normal y="0.000000" x="0.987060" z="0.160161"/>
            </vertex>
            <vertex>
                <position y="0.867461" x="0.250799" z="0.248185"/>
                <normal y="0.042177" x="0.987274" z="0.153325"/>
            </vertex>
            <vertex>
                <position y="0.714912" x="0.224934" z="0.354672"/>
                <normal y="-0.060427" x="0.973540" z="0.220283"/>
            </vertex>
            <vertex>
                <position y="0.629588" x="0.224934" z="0.320803"/>
                <normal y="-0.113804" x="0.973724" z="0.197089"/>
            </vertex>
            <vertex>
                <position y="0.684916" x="0.250799" z="0.224973"/>
                <normal y="-0.080050" x="0.987091" z="0.138646"/>
            </vertex>
            <vertex>
                <position y="0.743393" x="0.250799" z="0.248185"/>
                <normal y="-0.042177" x="0.987274" z="0.153325"/>
            </vertex>
            <vertex>
                <position y="0.557594" x="0.224934" z="0.263845"/>
                <normal y="-0.160558" x="0.973540" z="0.162481"/>
            </vertex>
            <vertex>
                <position y="0.499813" x="0.224934" z="0.192688"/>
                <normal y="-0.196448" x="0.973907" z="0.113407"/>
            </vertex>
            <vertex>
                <position y="0.595974" x="0.250799" z="0.137169"/>
                <normal y="-0.138707" x="0.987060" z="0.080081"/>
            </vertex>
            <vertex>
                <position y="0.635575" x="0.250799" z="0.185937"/>
                <normal y="-0.111698" x="0.987274" z="0.113193"/>
            </vertex>
            <vertex>
                <position y="0.467079" x="0.224934" z="0.107069"/>
                <normal y="-0.220985" x="0.973540" z="0.057802"/>
            </vertex>
            <vertex>
                <position y="0.453749" x="0.224934" z="0.016241"/>
                <normal y="-0.227607" x="0.973724" z="-0.000000"/>
            </vertex>
            <vertex>
                <position y="0.564404" x="0.250799" z="0.016241"/>
                <normal y="-0.160100" x="0.987091" z="-0.000000"/>
            </vertex>
            <vertex>
                <position y="0.573540" x="0.250799" z="0.078490"/>
                <normal y="-0.153874" x="0.987274" z="0.040132"/>
            </vertex>
            <vertex>
                <position y="0.467079" x="0.224934" z="-0.074586"/>
                <normal y="-0.220985" x="0.973540" z="-0.057802"/>
            </vertex>
            <vertex>
                <position y="0.499813" x="0.224934" z="-0.160205"/>
                <normal y="-0.196448" x="0.973907" z="-0.113407"/>
            </vertex>
            <vertex>
                <position y="0.595974" x="0.250799" z="-0.104686"/>
                <normal y="-0.138707" x="0.987060" z="-0.080081"/>
            </vertex>
            <vertex>
                <position y="0.573540" x="0.250799" z="-0.046007"/>
                <normal y="-0.153874" x="0.987274" z="-0.040132"/>
            </vertex>
            <vertex>
                <position y="0.557594" x="0.224934" z="-0.231362"/>
                <normal y="-0.160558" x="0.973540" z="-0.162481"/>
            </vertex>
            <vertex>
                <position y="0.629588" x="0.224934" z="-0.288320"/>
                <normal y="-0.113804" x="0.973724" z="-0.197089"/>
            </vertex>
            <vertex>
                <position y="0.684915" x="0.250799" z="-0.192490"/>
                <normal y="-0.080050" x="0.987091" z="-0.138646"/>
            </vertex>
            <vertex>
                <position y="0.635574" x="0.250799" z="-0.153454"/>
                <normal y="-0.111698" x="0.987274" z="-0.113193"/>
            </vertex>
            <vertex>
                <position y="0.714912" x="0.224934" z="-0.322190"/>
                <normal y="-0.060427" x="0.973540" z="-0.220283"/>
            </vertex>
            <vertex>
                <position y="0.805427" x="0.224934" z="-0.336651"/>
                <normal y="0.000000" x="0.973907" z="-0.226844"/>
            </vertex>
            <vertex>
                <position y="0.805427" x="0.250799" z="-0.225614"/>
                <normal y="0.000000" x="0.987060" z="-0.160161"/>
            </vertex>
            <vertex>
                <position y="0.743392" x="0.250799" z="-0.215703"/>
                <normal y="-0.042177" x="0.987274" z="-0.153325"/>
            </vertex>
            <vertex>
                <position y="0.895942" x="0.224934" z="-0.322190"/>
                <normal y="0.060427" x="0.973540" z="-0.220283"/>
            </vertex>
            <vertex>
                <position y="0.981266" x="0.224934" z="-0.288320"/>
                <normal y="0.113804" x="0.973724" z="-0.197089"/>
            </vertex>
            <vertex>
                <position y="0.925938" x="0.250799" z="-0.192490"/>
                <normal y="0.080050" x="0.987091" z="-0.138646"/>
            </vertex>
            <vertex>
                <position y="0.867461" x="0.250799" z="-0.215703"/>
                <normal y="0.042177" x="0.987274" z="-0.153325"/>
            </vertex>
            <vertex>
                <position y="1.053259" x="0.224934" z="-0.231362"/>
                <normal y="0.160558" x="0.973540" z="-0.162481"/>
            </vertex>
            <vertex>
                <position y="1.111041" x="0.224934" z="-0.160205"/>
                <normal y="0.196448" x="0.973907" z="-0.113407"/>
            </vertex>
            <vertex>
                <position y="1.014880" x="0.250799" z="-0.104686"/>
                <normal y="0.138707" x="0.987060" z="-0.080081"/>
            </vertex>
            <vertex>
                <position y="0.975279" x="0.250799" z="-0.153454"/>
                <normal y="0.111698" x="0.987274" z="-0.113193"/>
            </vertex>
            <vertex>
                <position y="1.143774" x="0.224934" z="-0.074586"/>
                <normal y="0.220985" x="0.973540" z="-0.057802"/>
            </vertex>
            <vertex>
                <position y="1.037313" x="0.250799" z="-0.046007"/>
                <normal y="0.153874" x="0.987274" z="-0.040132"/>
            </vertex>
        </vertexbuffer>
    </sharedgeometry>
    <submeshes>
        <submesh usesharedvertices="true" material="Material.001" use32bitindexes="False">
            <faces count="72">
                <face v1="0" v2="1" v3="2"/>
                <face v1="0" v2="2" v3="3"/>
                <face v1="4" v2="0" v3="3"/>
                <face v1="4" v2="3" v3="5"/>
                <face v1="3" v2="2" v3="6"/>
                <face v1="5" v2="3" v3="6"/>
                <face v1="7" v2="8" v3="9"/>
                <face v1="7" v2="9" v3="10"/>
                <face v1="1" v2="7" v3="10"/>
                <face v1="1" v2="10" v3="2"/>
                <face v1="10" v2="9" v3="6"/>
                <face v1="2" v2="10" v3="6"/>
                <face v1="11" v2="12" v3="13"/>
                <face v1="11" v2="13" v3="14"/>
                <face v1="8" v2="11" v3="14"/>
                <face v1="8" v2="14" v3="9"/>
                <face v1="14" v2="13" v3="6"/>
                <face v1="9" v2="14" v3="6"/>
                <face v1="15" v2="16" v3="17"/>
                <face v1="15" v2="17" v3="18"/>
                <face v1="12" v2="15" v3="18"/>
                <face v1="12" v2="18" v3="13"/>
                <face v1="18" v2="17" v3="6"/>
                <face v1="13" v2="18" v3="6"/>
                <face v1="19" v2="20" v3="21"/>
                <face v1="19" v2="21" v3="22"/>
                <face v1="16" v2="19" v3="22"/>
                <face v1="16" v2="22" v3="17"/>
                <face v1="22" v2="21" v3="6"/>
                <face v1="17" v2="22" v3="6"/>
                <face v1="23" v2="24" v3="25"/>
                <face v1="23" v2="25" v3="26"/>
                <face v1="20" v2="23" v3="26"/>
                <face v1="20" v2="26" v3="21"/>
                <face v1="26" v2="25" v3="6"/>
                <face v1="21" v2="26" v3="6"/>
                <face v1="27" v2="28" v3="29"/>
                <face v1="27" v2="29" v3="30"/>
                <face v1="24" v2="27" v3="30"/>
                <face v1="24" v2="30" v3="25"/>
                <face v1="30" v2="29" v3="6"/>
                <face v1="25" v2="30" v3="6"/>
                <face v1="31" v2="32" v3="33"/>
                <face v1="31" v2="33" v3="34"/>
                <face v1="28" v2="31" v3="34"/>
                <face v1="28" v2="34" v3="29"/>
                <face v1="34" v2="33" v3="6"/>
                <face v1="29" v2="34" v3="6"/>
                <face v1="35" v2="36" v3="37"/>
                <face v1="35" v2="37" v3="38"/>
                <face v1="32" v2="35" v3="38"/>
                <face v1="32" v2="38" v3="33"/>
                <face v1="38" v2="37" v3="6"/>
                <face v1="33" v2="38" v3="6"/>
                <face v1="39" v2="40" v3="41"/>
                <face v1="39" v2="41" v3="42"/>
                <face v1="36" v2="39" v3="42"/>
                <face v1="36" v2="42" v3="37"/>
                <face v1="42" v2="41" v3="6"/>
                <face v1="37" v2="42" v3="6"/>
                <face v1="43" v2="44" v3="45"/>
                <face v1="43" v2="45" v3="46"/>
                <face v1="40" v2="43" v3="46"/>
                <face v1="40" v2="46" v3="41"/>
                <face v1="46" v2="45" v3="6"/>
                <face v1="41" v2="46" v3="6"/>
                <face v1="47" v2="4" v3="5"/>
                <face v1="47" v2="5" v3="48"/>
                <face v1="44" v2="47" v3="48"/>
                <face v1="44" v2="48" v3="45"/>
                <face v1="48" v2="5" v3="6"/>
                <face v1="45" v2="48" v3="6"/>
            </faces>
        </submesh>
    </submeshes>
    <submeshnames>
        <submesh index="0" name="Material.003">
        </submesh>
        <submesh index="1" name="Material">
        </submesh>
        <submesh index="2" name="Material.001">
        </submesh>
        <submesh index="3" name="Material.002">
        </submesh>
    </submeshnames>
</mesh>