<?xml version="1.0" encoding="UTF-8"?>
<mesh>
    <sharedgeometry vertexcount="121">
        <vertexbuffer texture_coords="1" positions="true" colours_diffuse="False" normals="true">
            <vertex>
                <position y="1.098699" x="-0.649195" z="-0.232758"/>
                <normal y="-0.032899" x="-0.999146" z="-0.023896"/>
                <texcoord u="0.750178" v="0.548204"/>
            </vertex>
            <vertex>
                <position y="1.118615" x="-0.649195" z="-0.272780"/>
                <normal y="-0.047884" x="-0.998566" z="-0.023835"/>
                <texcoord u="0.737806" v="0.529077"/>
            </vertex>
            <vertex>
                <position y="0.867174" x="-0.601529" z="-0.400970"/>
                <normal y="0.000000" x="-1.000000" z="-0.000000"/>
                <texcoord u="0.630442" v="0.616281"/>
            </vertex>
            <vertex>
                <position y="1.138531" x="-0.649195" z="-0.312801"/>
                <normal y="-0.040101" x="-0.999084" z="-0.013031"/>
                <texcoord u="0.725435" v="0.509949"/>
            </vertex>
            <vertex>
                <position y="1.154953" x="-0.644901" z="-0.191887"/>
                <normal y="0.256447" x="-0.948393" z="0.186316"/>
                <texcoord u="0.779467" v="0.531552"/>
            </vertex>
            <vertex>
                <position y="1.183934" x="-0.644901" z="-0.239478"/>
                <normal y="0.284585" x="-0.948119" z="0.141484"/>
                <texcoord u="0.763975" v="0.507851"/>
            </vertex>
            <vertex>
                <position y="1.204463" x="-0.644901" z="-0.291379"/>
                <normal y="0.299661" x="-0.949034" z="0.097354"/>
                <texcoord u="0.748483" v="0.484149"/>
            </vertex>
            <vertex>
                <position y="1.250038" x="-0.571052" z="-0.122804"/>
                <normal y="0.430403" x="-0.846706" z="0.312693"/>
                <texcoord u="0.838749" v="0.497848"/>
            </vertex>
            <vertex>
                <position y="1.288595" x="-0.571052" z="-0.186120"/>
                <normal y="0.476363" x="-0.846583" z="0.237342"/>
                <texcoord u="0.817344" v="0.464439"/>
            </vertex>
            <vertex>
                <position y="1.315906" x="-0.571052" z="-0.255169"/>
                <normal y="0.507065" x="-0.845973" z="0.164739"/>
                <texcoord u="0.795938" v="0.431030"/>
            </vertex>
            <vertex>
                <position y="1.034882" x="-0.649195" z="-0.170141"/>
                <normal y="-0.024781" x="-0.999084" z="-0.034120"/>
                <texcoord u="0.762407" v="0.593574"/>
            </vertex>
            <vertex>
                <position y="1.066791" x="-0.649195" z="-0.201449"/>
                <normal y="-0.037477" x="-0.998566" z="-0.038179"/>
                <texcoord u="0.756293" v="0.570889"/>
            </vertex>
            <vertex>
                <position y="1.118647" x="-0.644901" z="-0.149618"/>
                <normal y="0.222510" x="-0.948119" z="0.226936"/>
                <texcoord u="0.786947" v="0.559808"/>
            </vertex>
            <vertex>
                <position y="1.075630" x="-0.644901" z="-0.114056"/>
                <normal y="0.185186" x="-0.949034" z="0.254891"/>
                <texcoord u="0.794427" v="0.588065"/>
            </vertex>
            <vertex>
                <position y="1.144506" x="-0.571052" z="-0.019257"/>
                <normal y="0.313395" x="-0.845973" z="0.431349"/>
                <texcoord u="0.860352" v="0.576722"/>
            </vertex>
            <vertex>
                <position y="1.201736" x="-0.571052" z="-0.066568"/>
                <normal y="0.372906" x="-0.846583" z="0.379711"/>
                <texcoord u="0.849550" v="0.537285"/>
            </vertex>
            <vertex>
                <position y="0.955609" x="-0.649195" z="-0.128797"/>
                <normal y="-0.012574" x="-0.999146" z="-0.038697"/>
                <texcoord u="0.762596" v="0.641016"/>
            </vertex>
            <vertex>
                <position y="0.995246" x="-0.649195" z="-0.149469"/>
                <normal y="-0.024720" x="-0.998566" z="-0.047456"/>
                <texcoord u="0.762502" v="0.617295"/>
            </vertex>
            <vertex>
                <position y="0.977096" x="-0.644901" z="-0.062667"/>
                <normal y="0.097934" x="-0.948393" z="0.301492"/>
                <texcoord u="0.794923" v="0.647066"/>
            </vertex>
            <vertex>
                <position y="1.028516" x="-0.644901" z="-0.084134"/>
                <normal y="0.147069" x="-0.948119" z="0.281747"/>
                <texcoord u="0.794675" v="0.617566"/>
            </vertex>
            <vertex>
                <position y="1.013415" x="-0.571052" z="0.049112"/>
                <normal y="0.164403" x="-0.846706" z="0.505966"/>
                <texcoord u="0.860352" v="0.659313"/>
            </vertex>
            <vertex>
                <position y="1.081825" x="-0.571052" z="0.020552"/>
                <normal y="0.245857" x="-0.846583" z="0.471999"/>
                <texcoord u="0.860352" v="0.618018"/>
            </vertex>
            <vertex>
                <position y="0.867175" x="-0.649195" z="-0.115649"/>
                <normal y="0.000000" x="-0.999084" z="-0.042146"/>
                <texcoord u="0.748973" v="0.685872"/>
            </vertex>
            <vertex>
                <position y="0.911392" x="-0.649195" z="-0.122223"/>
                <normal y="-0.007874" x="-0.998566" z="-0.052919"/>
                <texcoord u="0.755785" v="0.663444"/>
            </vertex>
            <vertex>
                <position y="0.922879" x="-0.644901" z="-0.049810"/>
                <normal y="0.046632" x="-0.948119" z="0.314371"/>
                <texcoord u="0.786328" v="0.674912"/>
            </vertex>
            <vertex>
                <position y="0.941284" x="-0.571052" z="0.066217"/>
                <normal y="0.078494" x="-0.846583" z="0.526383"/>
                <texcoord u="0.848649" v="0.698418"/>
            </vertex>
            <vertex>
                <position y="0.867175" x="-0.644901" z="-0.046325"/>
                <normal y="0.000000" x="-0.949034" z="0.315073"/>
                <texcoord u="0.777733" v="0.702757"/>
            </vertex>
            <vertex>
                <position y="0.867175" x="-0.571052" z="0.070854"/>
                <normal y="0.000000" x="-0.845973" z="0.533158"/>
                <texcoord u="0.836946" v="0.737523"/>
            </vertex>
            <vertex>
                <position y="0.778740" x="-0.649195" z="-0.128797"/>
                <normal y="0.012574" x="-0.999146" z="-0.038697"/>
                <texcoord u="0.724536" v="0.724378"/>
            </vertex>
            <vertex>
                <position y="0.822957" x="-0.649195" z="-0.122223"/>
                <normal y="0.007874" x="-0.998566" z="-0.052919"/>
                <texcoord u="0.736755" v="0.705125"/>
            </vertex>
            <vertex>
                <position y="0.811471" x="-0.644901" z="-0.049810"/>
                <normal y="-0.046632" x="-0.948119" z="0.314371"/>
                <texcoord u="0.762643" v="0.726789"/>
            </vertex>
            <vertex>
                <position y="0.793065" x="-0.571052" z="0.066217"/>
                <normal y="-0.078494" x="-0.846583" z="0.526383"/>
                <texcoord u="0.815542" v="0.770931"/>
            </vertex>
            <vertex>
                <position y="0.757253" x="-0.644901" z="-0.062667"/>
                <normal y="-0.097934" x="-0.948393" z="0.301492"/>
                <texcoord u="0.747552" v="0.750820"/>
            </vertex>
            <vertex>
                <position y="0.720934" x="-0.571052" z="0.049112"/>
                <normal y="-0.164403" x="-0.846706" z="0.505966"/>
                <texcoord u="0.794137" v="0.804339"/>
            </vertex>
            <vertex>
                <position y="0.699467" x="-0.649195" z="-0.170141"/>
                <normal y="0.024781" x="-0.999084" z="-0.034120"/>
                <texcoord u="0.690265" v="0.751587"/>
            </vertex>
            <vertex>
                <position y="0.739103" x="-0.649195" z="-0.149469"/>
                <normal y="0.024720" x="-0.998566" z="-0.047456"/>
                <texcoord u="0.707401" v="0.737983"/>
            </vertex>
            <vertex>
                <position y="0.705833" x="-0.644901" z="-0.084134"/>
                <normal y="-0.147069" x="-0.948119" z="0.281747"/>
                <texcoord u="0.726166" v="0.767619"/>
            </vertex>
            <vertex>
                <position y="0.652524" x="-0.571052" z="0.020552"/>
                <normal y="-0.245857" x="-0.846583" z="0.471999"/>
                <texcoord u="0.764401" v="0.828175"/>
            </vertex>
            <vertex>
                <position y="0.658719" x="-0.644901" z="-0.114056"/>
                <normal y="-0.185186" x="-0.949034" z="0.254891"/>
                <texcoord u="0.704780" v="0.784417"/>
            </vertex>
            <vertex>
                <position y="0.589843" x="-0.571052" z="-0.019257"/>
                <normal y="-0.313364" x="-0.845973" z="0.431349"/>
                <texcoord u="0.734664" v="0.852011"/>
            </vertex>
            <vertex>
                <position y="0.635650" x="-0.649195" z="-0.232758"/>
                <normal y="0.032899" x="-0.999146" z="-0.023896"/>
                <texcoord u="0.650536" v="0.766451"/>
            </vertex>
            <vertex>
                <position y="0.667558" x="-0.649195" z="-0.201449"/>
                <normal y="0.037477" x="-0.998566" z="-0.038179"/>
                <texcoord u="0.670400" v="0.759019"/>
            </vertex>
            <vertex>
                <position y="0.615702" x="-0.644901" z="-0.149618"/>
                <normal y="-0.222510" x="-0.948119" z="0.226936"/>
                <texcoord u="0.680115" v="0.793801"/>
            </vertex>
            <vertex>
                <position y="0.532613" x="-0.571052" z="-0.066568"/>
                <normal y="-0.372906" x="-0.846583" z="0.379711"/>
                <texcoord u="0.700031" v="0.864772"/>
            </vertex>
            <vertex>
                <position y="0.579396" x="-0.644901" z="-0.191887"/>
                <normal y="-0.256447" x="-0.948393" z="0.186316"/>
                <texcoord u="0.655451" v="0.803184"/>
            </vertex>
            <vertex>
                <position y="0.484312" x="-0.571052" z="-0.122804"/>
                <normal y="-0.430403" x="-0.846706" z="0.312693"/>
                <texcoord u="0.665398" v="0.877533"/>
            </vertex>
            <vertex>
                <position y="0.595818" x="-0.649195" z="-0.312801"/>
                <normal y="0.040101" x="-0.999084" z="-0.013031"/>
                <texcoord u="0.608707" v="0.765620"/>
            </vertex>
            <vertex>
                <position y="0.615734" x="-0.649195" z="-0.272779"/>
                <normal y="0.047884" x="-0.998566" z="-0.023835"/>
                <texcoord u="0.629621" v="0.766036"/>
            </vertex>
            <vertex>
                <position y="0.550415" x="-0.644901" z="-0.239478"/>
                <normal y="-0.284585" x="-0.948119" z="0.141484"/>
                <texcoord u="0.629442" v="0.802520"/>
            </vertex>
            <vertex>
                <position y="0.445754" x="-0.571052" z="-0.186120"/>
                <normal y="-0.476363" x="-0.846583" z="0.237342"/>
                <texcoord u="0.628986" v="0.876995"/>
            </vertex>
            <vertex>
                <position y="0.529887" x="-0.644901" z="-0.291379"/>
                <normal y="-0.299661" x="-0.949034" z="0.097354"/>
                <texcoord u="0.603433" v="0.801855"/>
            </vertex>
            <vertex>
                <position y="0.418443" x="-0.571052" z="-0.255169"/>
                <normal y="-0.507065" x="-0.845973" z="0.164739"/>
                <texcoord u="0.592574" v="0.876458"/>
            </vertex>
            <vertex>
                <position y="0.580994" x="-0.649195" z="-0.400970"/>
                <normal y="0.040681" x="-0.999146" z="-0.000000"/>
                <texcoord u="0.568861" v="0.751164"/>
            </vertex>
            <vertex>
                <position y="0.588406" x="-0.649195" z="-0.356886"/>
                <normal y="0.052767" x="-0.998566" z="-0.008850"/>
                <texcoord u="0.588784" v="0.758392"/>
            </vertex>
            <vertex>
                <position y="0.515988" x="-0.644901" z="-0.345433"/>
                <normal y="-0.313395" x="-0.948119" z="0.052797"/>
                <texcoord u="0.578615" v="0.793007"/>
            </vertex>
            <vertex>
                <position y="0.399952" x="-0.571052" z="-0.327084"/>
                <normal y="-0.524888" x="-0.846583" z="0.087985"/>
                <texcoord u="0.557942" v="0.863698"/>
            </vertex>
            <vertex>
                <position y="0.511461" x="-0.644901" z="-0.400970"/>
                <normal y="-0.316996" x="-0.948393" z="-0.000000"/>
                <texcoord u="0.553797" v="0.784158"/>
            </vertex>
            <vertex>
                <position y="0.393930" x="-0.571052" z="-0.400970"/>
                <normal y="-0.532029" x="-0.846706" z="-0.000000"/>
                <texcoord u="0.523309" v="0.850937"/>
            </vertex>
            <vertex>
                <position y="0.635650" x="-0.649195" z="-0.569183"/>
                <normal y="0.032899" x="-0.999146" z="0.023896"/>
                <texcoord u="0.510707" v="0.684357"/>
            </vertex>
            <vertex>
                <position y="0.615734" x="-0.649195" z="-0.529161"/>
                <normal y="0.047884" x="-0.998566" z="0.023835"/>
                <texcoord u="0.523079" v="0.703484"/>
            </vertex>
            <vertex>
                <position y="0.595818" x="-0.649195" z="-0.489139"/>
                <normal y="0.040101" x="-0.999084" z="0.013031"/>
                <texcoord u="0.535451" v="0.722612"/>
            </vertex>
            <vertex>
                <position y="0.529887" x="-0.644901" z="-0.510562"/>
                <normal y="-0.299661" x="-0.949034" z="-0.097354"/>
                <texcoord u="0.512403" v="0.748411"/>
            </vertex>
            <vertex>
                <position y="0.550415" x="-0.644901" z="-0.562462"/>
                <normal y="-0.284585" x="-0.948119" z="-0.141484"/>
                <texcoord u="0.496911" v="0.724710"/>
            </vertex>
            <vertex>
                <position y="0.445754" x="-0.571052" z="-0.615821"/>
                <normal y="-0.476363" x="-0.846583" z="-0.237342"/>
                <texcoord u="0.443545" v="0.768122"/>
            </vertex>
            <vertex>
                <position y="0.418443" x="-0.571052" z="-0.546772"/>
                <normal y="-0.507065" x="-0.845973" z="-0.164739"/>
                <texcoord u="0.464950" v="0.801529"/>
            </vertex>
            <vertex>
                <position y="0.579396" x="-0.644901" z="-0.610053"/>
                <normal y="-0.256447" x="-0.948393" z="-0.186316"/>
                <texcoord u="0.481419" v="0.701010"/>
            </vertex>
            <vertex>
                <position y="0.484312" x="-0.571052" z="-0.679136"/>
                <normal y="-0.430403" x="-0.846706" z="-0.312693"/>
                <texcoord u="0.422140" v="0.734715"/>
            </vertex>
            <vertex>
                <position y="0.588406" x="-0.649195" z="-0.445055"/>
                <normal y="0.052767" x="-0.998566" z="0.008850"/>
                <texcoord u="0.552156" v="0.736888"/>
            </vertex>
            <vertex>
                <position y="0.515988" x="-0.644901" z="-0.456507"/>
                <normal y="-0.313395" x="-0.948119" z="-0.052797"/>
                <texcoord u="0.533100" v="0.766285"/>
            </vertex>
            <vertex>
                <position y="0.399952" x="-0.571052" z="-0.474857"/>
                <normal y="-0.524888" x="-0.846583" z="-0.087985"/>
                <texcoord u="0.494129" v="0.826233"/>
            </vertex>
            <vertex>
                <position y="0.699467" x="-0.649195" z="-0.631800"/>
                <normal y="0.024781" x="-0.999084" z="0.034120"/>
                <texcoord u="0.498478" v="0.638988"/>
            </vertex>
            <vertex>
                <position y="0.667558" x="-0.649195" z="-0.600491"/>
                <normal y="0.037477" x="-0.998566" z="0.038179"/>
                <texcoord u="0.504592" v="0.661673"/>
            </vertex>
            <vertex>
                <position y="0.615702" x="-0.644901" z="-0.652323"/>
                <normal y="-0.222510" x="-0.948119" z="-0.226936"/>
                <texcoord u="0.473939" v="0.672754"/>
            </vertex>
            <vertex>
                <position y="0.532613" x="-0.571052" z="-0.735372"/>
                <normal y="-0.372906" x="-0.846583" z="-0.379711"/>
                <texcoord u="0.411338" v="0.695279"/>
            </vertex>
            <vertex>
                <position y="0.658719" x="-0.644901" z="-0.687885"/>
                <normal y="-0.185186" x="-0.949034" z="-0.254891"/>
                <texcoord u="0.466459" v="0.644498"/>
            </vertex>
            <vertex>
                <position y="0.589843" x="-0.571052" z="-0.782684"/>
                <normal y="-0.313395" x="-0.845973" z="-0.431349"/>
                <texcoord u="0.400535" v="0.655843"/>
            </vertex>
            <vertex>
                <position y="0.778740" x="-0.649195" z="-0.673144"/>
                <normal y="0.012574" x="-0.999146" z="0.038697"/>
                <texcoord u="0.498288" v="0.591547"/>
            </vertex>
            <vertex>
                <position y="0.739103" x="-0.649195" z="-0.652472"/>
                <normal y="0.024720" x="-0.998566" z="0.047456"/>
                <texcoord u="0.498383" v="0.615268"/>
            </vertex>
            <vertex>
                <position y="0.705833" x="-0.644901" z="-0.717807"/>
                <normal y="-0.147069" x="-0.948119" z="-0.281747"/>
                <texcoord u="0.466210" v="0.614998"/>
            </vertex>
            <vertex>
                <position y="0.652524" x="-0.571052" z="-0.822493"/>
                <normal y="-0.245857" x="-0.846583" z="-0.471999"/>
                <texcoord u="0.400534" v="0.614548"/>
            </vertex>
            <vertex>
                <position y="0.757253" x="-0.644901" z="-0.739274"/>
                <normal y="-0.097934" x="-0.948393" z="-0.301492"/>
                <texcoord u="0.465962" v="0.585498"/>
            </vertex>
            <vertex>
                <position y="0.720934" x="-0.571052" z="-0.851053"/>
                <normal y="-0.164403" x="-0.846706" z="-0.505966"/>
                <texcoord u="0.400533" v="0.573253"/>
            </vertex>
            <vertex>
                <position y="0.867174" x="-0.649195" z="-0.686291"/>
                <normal y="0.000000" x="-0.999084" z="0.042146"/>
                <texcoord u="0.511910" v="0.546691"/>
            </vertex>
            <vertex>
                <position y="0.822957" x="-0.649195" z="-0.679718"/>
                <normal y="0.007874" x="-0.998566" z="0.052919"/>
                <texcoord u="0.505099" v="0.569119"/>
            </vertex>
            <vertex>
                <position y="0.811471" x="-0.644901" z="-0.752131"/>
                <normal y="-0.046602" x="-0.948119" z="-0.314371"/>
                <texcoord u="0.474556" v="0.557652"/>
            </vertex>
            <vertex>
                <position y="0.793065" x="-0.571052" z="-0.868157"/>
                <normal y="-0.078494" x="-0.846583" z="-0.526383"/>
                <texcoord u="0.412234" v="0.534148"/>
            </vertex>
            <vertex>
                <position y="0.867174" x="-0.644901" z="-0.755616"/>
                <normal y="0.000000" x="-0.949034" z="-0.315073"/>
                <texcoord u="0.483150" v="0.529806"/>
            </vertex>
            <vertex>
                <position y="0.867174" x="-0.571052" z="-0.872794"/>
                <normal y="0.000000" x="-0.845973" z="-0.533158"/>
                <texcoord u="0.423936" v="0.495043"/>
            </vertex>
            <vertex>
                <position y="0.955609" x="-0.649195" z="-0.673144"/>
                <normal y="-0.012574" x="-0.999146" z="0.038697"/>
                <texcoord u="0.536347" v="0.508184"/>
            </vertex>
            <vertex>
                <position y="0.911392" x="-0.649195" z="-0.679718"/>
                <normal y="-0.007874" x="-0.998566" z="0.052919"/>
                <texcoord u="0.524128" v="0.527437"/>
            </vertex>
            <vertex>
                <position y="0.922878" x="-0.644901" z="-0.752131"/>
                <normal y="0.046632" x="-0.948119" z="-0.314371"/>
                <texcoord u="0.498240" v="0.505774"/>
            </vertex>
            <vertex>
                <position y="0.941284" x="-0.571052" z="-0.868157"/>
                <normal y="0.078494" x="-0.846583" z="-0.526383"/>
                <texcoord u="0.445339" v="0.461633"/>
            </vertex>
            <vertex>
                <position y="0.977096" x="-0.644901" z="-0.739274"/>
                <normal y="0.097934" x="-0.948393" z="-0.301492"/>
                <texcoord u="0.513330" v="0.481742"/>
            </vertex>
            <vertex>
                <position y="1.013415" x="-0.571052" z="-0.851053"/>
                <normal y="0.164403" x="-0.846706" z="-0.505966"/>
                <texcoord u="0.466743" v="0.428224"/>
            </vertex>
            <vertex>
                <position y="1.034882" x="-0.649195" z="-0.631800"/>
                <normal y="-0.024781" x="-0.999084" z="0.034120"/>
                <texcoord u="0.570618" v="0.480974"/>
            </vertex>
            <vertex>
                <position y="0.995245" x="-0.649195" z="-0.652472"/>
                <normal y="-0.024720" x="-0.998566" z="0.047456"/>
                <texcoord u="0.553482" v="0.494579"/>
            </vertex>
            <vertex>
                <position y="1.028516" x="-0.644901" z="-0.717807"/>
                <normal y="0.147069" x="-0.948119" z="-0.281747"/>
                <texcoord u="0.534716" v="0.464943"/>
            </vertex>
            <vertex>
                <position y="1.081825" x="-0.571052" z="-0.822493"/>
                <normal y="0.245857" x="-0.846583" z="-0.471999"/>
                <texcoord u="0.496480" v="0.404387"/>
            </vertex>
            <vertex>
                <position y="1.075630" x="-0.644901" z="-0.687885"/>
                <normal y="0.185186" x="-0.949034" z="-0.254891"/>
                <texcoord u="0.556102" v="0.448144"/>
            </vertex>
            <vertex>
                <position y="1.144506" x="-0.571052" z="-0.782684"/>
                <normal y="0.313395" x="-0.845973" z="-0.431349"/>
                <texcoord u="0.526216" v="0.380550"/>
            </vertex>
            <vertex>
                <position y="1.098699" x="-0.649195" z="-0.569183"/>
                <normal y="-0.032899" x="-0.999146" z="0.023896"/>
                <texcoord u="0.610348" v="0.466109"/>
            </vertex>
            <vertex>
                <position y="1.066791" x="-0.649195" z="-0.600491"/>
                <normal y="-0.037477" x="-0.998566" z="0.038179"/>
                <texcoord u="0.590483" v="0.473541"/>
            </vertex>
            <vertex>
                <position y="1.118647" x="-0.644901" z="-0.652323"/>
                <normal y="0.222510" x="-0.948119" z="-0.226936"/>
                <texcoord u="0.580767" v="0.438759"/>
            </vertex>
            <vertex>
                <position y="1.201735" x="-0.571052" z="-0.735372"/>
                <normal y="0.372906" x="-0.846583" z="-0.379711"/>
                <texcoord u="0.560850" v="0.367788"/>
            </vertex>
            <vertex>
                <position y="1.154953" x="-0.644901" z="-0.610053"/>
                <normal y="0.256447" x="-0.948393" z="-0.186316"/>
                <texcoord u="0.605432" v="0.429375"/>
            </vertex>
            <vertex>
                <position y="1.250037" x="-0.571052" z="-0.679136"/>
                <normal y="0.430403" x="-0.846706" z="-0.312693"/>
                <texcoord u="0.595483" v="0.355026"/>
            </vertex>
            <vertex>
                <position y="1.138531" x="-0.649195" z="-0.489139"/>
                <normal y="-0.040101" x="-0.999084" z="0.013031"/>
                <texcoord u="0.652177" v="0.466939"/>
            </vertex>
            <vertex>
                <position y="1.118615" x="-0.649195" z="-0.529161"/>
                <normal y="-0.047884" x="-0.998566" z="0.023835"/>
                <texcoord u="0.631263" v="0.466524"/>
            </vertex>
            <vertex>
                <position y="1.183934" x="-0.644901" z="-0.562462"/>
                <normal y="0.284585" x="-0.948119" z="-0.141484"/>
                <texcoord u="0.631442" v="0.430040"/>
            </vertex>
            <vertex>
                <position y="1.288594" x="-0.571052" z="-0.615821"/>
                <normal y="0.476363" x="-0.846583" z="-0.237342"/>
                <texcoord u="0.631896" v="0.355562"/>
            </vertex>
            <vertex>
                <position y="1.204462" x="-0.644901" z="-0.510562"/>
                <normal y="0.299661" x="-0.949034" z="-0.097354"/>
                <texcoord u="0.657451" v="0.430704"/>
            </vertex>
            <vertex>
                <position y="1.315906" x="-0.571052" z="-0.546772"/>
                <normal y="0.507065" x="-0.845973" z="-0.164739"/>
                <texcoord u="0.668309" v="0.356098"/>
            </vertex>
            <vertex>
                <position y="1.153355" x="-0.649195" z="-0.400970"/>
                <normal y="-0.040681" x="-0.999146" z="-0.000000"/>
                <texcoord u="0.692024" v="0.481396"/>
            </vertex>
            <vertex>
                <position y="1.145943" x="-0.649195" z="-0.445055"/>
                <normal y="-0.052767" x="-0.998566" z="0.008850"/>
                <texcoord u="0.672101" v="0.474168"/>
            </vertex>
            <vertex>
                <position y="1.218361" x="-0.644901" z="-0.456507"/>
                <normal y="0.313395" x="-0.948119" z="-0.052797"/>
                <texcoord u="0.682270" v="0.439553"/>
            </vertex>
            <vertex>
                <position y="1.334397" x="-0.571052" z="-0.474857"/>
                <normal y="0.524888" x="-0.846583" z="-0.087985"/>
                <texcoord u="0.702943" v="0.368859"/>
            </vertex>
            <vertex>
                <position y="1.222888" x="-0.644901" z="-0.400970"/>
                <normal y="0.316996" x="-0.948393" z="-0.000000"/>
                <texcoord u="0.707088" v="0.448401"/>
            </vertex>
            <vertex>
                <position y="1.340419" x="-0.571052" z="-0.400970"/>
                <normal y="0.532029" x="-0.846706" z="-0.000000"/>
                <texcoord u="0.737577" v="0.381619"/>
            </vertex>
            <vertex>
                <position y="1.145943" x="-0.649195" z="-0.356886"/>
                <normal y="-0.052767" x="-0.998566" z="-0.008850"/>
                <texcoord u="0.708729" v="0.495672"/>
            </vertex>
            <vertex>
                <position y="1.218361" x="-0.644901" z="-0.345433"/>
                <normal y="0.313395" x="-0.948119" z="0.052797"/>
                <texcoord u="0.727786" v="0.466275"/>
            </vertex>
            <vertex>
                <position y="1.334397" x="-0.571052" z="-0.327084"/>
                <normal y="0.524888" x="-0.846583" z="0.087985"/>
                <texcoord u="0.766758" v="0.406325"/>
            </vertex>
        </vertexbuffer>
    </sharedgeometry>
    <submeshes>
        <submesh usesharedvertices="true" material="Material.001" use32bitindexes="False">
            <faces count="200">
                <face v1="0" v2="1" v3="2"/>
                <face v1="1" v2="3" v3="2"/>
                <face v1="1" v2="0" v3="4"/>
                <face v1="1" v2="4" v3="5"/>
                <face v1="5" v2="6" v3="3"/>
                <face v1="5" v2="3" v3="1"/>
                <face v1="7" v2="8" v3="5"/>
                <face v1="7" v2="5" v3="4"/>
                <face v1="8" v2="9" v3="6"/>
                <face v1="8" v2="6" v3="5"/>
                <face v1="10" v2="11" v3="2"/>
                <face v1="11" v2="0" v3="2"/>
                <face v1="0" v2="11" v3="12"/>
                <face v1="0" v2="12" v3="4"/>
                <face v1="11" v2="10" v3="13"/>
                <face v1="11" v2="13" v3="12"/>
                <face v1="14" v2="15" v3="12"/>
                <face v1="14" v2="12" v3="13"/>
                <face v1="15" v2="7" v3="4"/>
                <face v1="15" v2="4" v3="12"/>
                <face v1="16" v2="17" v3="2"/>
                <face v1="17" v2="10" v3="2"/>
                <face v1="18" v2="19" v3="17"/>
                <face v1="18" v2="17" v3="16"/>
                <face v1="19" v2="13" v3="10"/>
                <face v1="19" v2="10" v3="17"/>
                <face v1="20" v2="21" v3="19"/>
                <face v1="20" v2="19" v3="18"/>
                <face v1="21" v2="14" v3="13"/>
                <face v1="21" v2="13" v3="19"/>
                <face v1="22" v2="23" v3="2"/>
                <face v1="23" v2="16" v3="2"/>
                <face v1="18" v2="24" v3="25"/>
                <face v1="18" v2="25" v3="20"/>
                <face v1="24" v2="26" v3="27"/>
                <face v1="24" v2="27" v3="25"/>
                <face v1="16" v2="23" v3="24"/>
                <face v1="16" v2="24" v3="18"/>
                <face v1="23" v2="22" v3="26"/>
                <face v1="23" v2="26" v3="24"/>
                <face v1="28" v2="29" v3="2"/>
                <face v1="29" v2="22" v3="2"/>
                <face v1="26" v2="30" v3="31"/>
                <face v1="26" v2="31" v3="27"/>
                <face v1="30" v2="32" v3="33"/>
                <face v1="30" v2="33" v3="31"/>
                <face v1="22" v2="29" v3="30"/>
                <face v1="22" v2="30" v3="26"/>
                <face v1="29" v2="28" v3="32"/>
                <face v1="29" v2="32" v3="30"/>
                <face v1="34" v2="35" v3="2"/>
                <face v1="35" v2="28" v3="2"/>
                <face v1="32" v2="36" v3="37"/>
                <face v1="32" v2="37" v3="33"/>
                <face v1="36" v2="38" v3="39"/>
                <face v1="36" v2="39" v3="37"/>
                <face v1="28" v2="35" v3="36"/>
                <face v1="28" v2="36" v3="32"/>
                <face v1="35" v2="34" v3="38"/>
                <face v1="35" v2="38" v3="36"/>
                <face v1="40" v2="41" v3="2"/>
                <face v1="41" v2="34" v3="2"/>
                <face v1="38" v2="42" v3="43"/>
                <face v1="38" v2="43" v3="39"/>
                <face v1="42" v2="44" v3="45"/>
                <face v1="42" v2="45" v3="43"/>
                <face v1="34" v2="41" v3="42"/>
                <face v1="34" v2="42" v3="38"/>
                <face v1="41" v2="40" v3="44"/>
                <face v1="41" v2="44" v3="42"/>
                <face v1="46" v2="47" v3="2"/>
                <face v1="47" v2="40" v3="2"/>
                <face v1="44" v2="48" v3="49"/>
                <face v1="44" v2="49" v3="45"/>
                <face v1="48" v2="50" v3="51"/>
                <face v1="48" v2="51" v3="49"/>
                <face v1="40" v2="47" v3="48"/>
                <face v1="40" v2="48" v3="44"/>
                <face v1="47" v2="46" v3="50"/>
                <face v1="47" v2="50" v3="48"/>
                <face v1="52" v2="53" v3="2"/>
                <face v1="53" v2="46" v3="2"/>
                <face v1="50" v2="54" v3="55"/>
                <face v1="50" v2="55" v3="51"/>
                <face v1="54" v2="56" v3="57"/>
                <face v1="54" v2="57" v3="55"/>
                <face v1="46" v2="53" v3="54"/>
                <face v1="46" v2="54" v3="50"/>
                <face v1="53" v2="52" v3="56"/>
                <face v1="53" v2="56" v3="54"/>
                <face v1="58" v2="59" v3="2"/>
                <face v1="59" v2="60" v3="2"/>
                <face v1="61" v2="62" v3="63"/>
                <face v1="61" v2="63" v3="64"/>
                <face v1="62" v2="65" v3="66"/>
                <face v1="62" v2="66" v3="63"/>
                <face v1="60" v2="59" v3="62"/>
                <face v1="60" v2="62" v3="61"/>
                <face v1="59" v2="58" v3="65"/>
                <face v1="59" v2="65" v3="62"/>
                <face v1="60" v2="67" v3="2"/>
                <face v1="67" v2="52" v3="2"/>
                <face v1="56" v2="68" v3="69"/>
                <face v1="56" v2="69" v3="57"/>
                <face v1="68" v2="61" v3="64"/>
                <face v1="68" v2="64" v3="69"/>
                <face v1="52" v2="67" v3="68"/>
                <face v1="52" v2="68" v3="56"/>
                <face v1="67" v2="60" v3="61"/>
                <face v1="67" v2="61" v3="68"/>
                <face v1="70" v2="71" v3="2"/>
                <face v1="71" v2="58" v3="2"/>
                <face v1="65" v2="72" v3="73"/>
                <face v1="65" v2="73" v3="66"/>
                <face v1="72" v2="74" v3="75"/>
                <face v1="72" v2="75" v3="73"/>
                <face v1="58" v2="71" v3="72"/>
                <face v1="58" v2="72" v3="65"/>
                <face v1="71" v2="70" v3="74"/>
                <face v1="71" v2="74" v3="72"/>
                <face v1="76" v2="77" v3="2"/>
                <face v1="77" v2="70" v3="2"/>
                <face v1="74" v2="78" v3="79"/>
                <face v1="74" v2="79" v3="75"/>
                <face v1="78" v2="80" v3="81"/>
                <face v1="78" v2="81" v3="79"/>
                <face v1="70" v2="77" v3="78"/>
                <face v1="70" v2="78" v3="74"/>
                <face v1="77" v2="76" v3="80"/>
                <face v1="77" v2="80" v3="78"/>
                <face v1="82" v2="83" v3="2"/>
                <face v1="83" v2="76" v3="2"/>
                <face v1="80" v2="84" v3="85"/>
                <face v1="80" v2="85" v3="81"/>
                <face v1="84" v2="86" v3="87"/>
                <face v1="84" v2="87" v3="85"/>
                <face v1="76" v2="83" v3="84"/>
                <face v1="76" v2="84" v3="80"/>
                <face v1="83" v2="82" v3="86"/>
                <face v1="83" v2="86" v3="84"/>
                <face v1="88" v2="89" v3="2"/>
                <face v1="89" v2="82" v3="2"/>
                <face v1="86" v2="90" v3="91"/>
                <face v1="86" v2="91" v3="87"/>
                <face v1="90" v2="92" v3="93"/>
                <face v1="90" v2="93" v3="91"/>
                <face v1="82" v2="89" v3="90"/>
                <face v1="82" v2="90" v3="86"/>
                <face v1="89" v2="88" v3="92"/>
                <face v1="89" v2="92" v3="90"/>
                <face v1="94" v2="95" v3="2"/>
                <face v1="95" v2="88" v3="2"/>
                <face v1="92" v2="96" v3="97"/>
                <face v1="92" v2="97" v3="93"/>
                <face v1="96" v2="98" v3="99"/>
                <face v1="96" v2="99" v3="97"/>
                <face v1="88" v2="95" v3="96"/>
                <face v1="88" v2="96" v3="92"/>
                <face v1="95" v2="94" v3="98"/>
                <face v1="95" v2="98" v3="96"/>
                <face v1="100" v2="101" v3="2"/>
                <face v1="101" v2="94" v3="2"/>
                <face v1="98" v2="102" v3="103"/>
                <face v1="98" v2="103" v3="99"/>
                <face v1="102" v2="104" v3="105"/>
                <face v1="102" v2="105" v3="103"/>
                <face v1="94" v2="101" v3="102"/>
                <face v1="94" v2="102" v3="98"/>
                <face v1="101" v2="100" v3="104"/>
                <face v1="101" v2="104" v3="102"/>
                <face v1="106" v2="107" v3="2"/>
                <face v1="107" v2="100" v3="2"/>
                <face v1="104" v2="108" v3="109"/>
                <face v1="104" v2="109" v3="105"/>
                <face v1="108" v2="110" v3="111"/>
                <face v1="108" v2="111" v3="109"/>
                <face v1="100" v2="107" v3="108"/>
                <face v1="100" v2="108" v3="104"/>
                <face v1="107" v2="106" v3="110"/>
                <face v1="107" v2="110" v3="108"/>
                <face v1="112" v2="113" v3="2"/>
                <face v1="113" v2="106" v3="2"/>
                <face v1="110" v2="114" v3="115"/>
                <face v1="110" v2="115" v3="111"/>
                <face v1="114" v2="116" v3="117"/>
                <face v1="114" v2="117" v3="115"/>
                <face v1="106" v2="113" v3="114"/>
                <face v1="106" v2="114" v3="110"/>
                <face v1="113" v2="112" v3="116"/>
                <face v1="113" v2="116" v3="114"/>
                <face v1="3" v2="118" v3="2"/>
                <face v1="118" v2="112" v3="2"/>
                <face v1="6" v2="119" v3="118"/>
                <face v1="6" v2="118" v3="3"/>
                <face v1="119" v2="116" v3="112"/>
                <face v1="119" v2="112" v3="118"/>
                <face v1="9" v2="120" v3="119"/>
                <face v1="9" v2="119" v3="6"/>
                <face v1="120" v2="117" v3="116"/>
                <face v1="120" v2="116" v3="119"/>
            </faces>
        </submesh>
    </submeshes>
    <submeshnames>
        <submesh index="0" name="Material">
        </submesh>
        <submesh index="1" name="Material.003">
        </submesh>
        <submesh index="2" name="Material.002">
        </submesh>
        <submesh index="3" name="Material.001">
        </submesh>
    </submeshnames>
</mesh>