<?xml version="1.0" encoding="UTF-8"?>
<mesh>
    <sharedgeometry vertexcount="56">
        <vertexbuffer texture_coords="1" positions="true" colours_diffuse="False" normals="true">
            <vertex>
                <position y="0.357369" x="-0.579258" z="0.912710"/>
                <normal y="-0.000000" x="-1.000000" z="-0.000000"/>
                <texcoord u="1.000000" v="0.000000"/>
            </vertex>
            <vertex>
                <position y="1.375685" x="-0.579258" z="0.912710"/>
                <normal y="-0.000000" x="-1.000000" z="-0.000000"/>
                <texcoord u="0.000000" v="0.000000"/>
            </vertex>
            <vertex>
                <position y="1.375685" x="-0.579258" z="-0.912710"/>
                <normal y="-0.000000" x="-1.000000" z="-0.000000"/>
                <texcoord u="0.000000" v="1.000000"/>
            </vertex>
            <vertex>
                <position y="0.357369" x="-0.579257" z="-0.912711"/>
                <normal y="-0.000000" x="-1.000000" z="-0.000000"/>
                <texcoord u="1.000000" v="1.000000"/>
            </vertex>
            <vertex>
                <position y="1.375685" x="-0.579258" z="-0.912710"/>
                <normal y="-1.000000" x="-0.000001" z="-0.000000"/>
                <texcoord u="0.905870" v="0.168114"/>
            </vertex>
            <vertex>
                <position y="1.375685" x="-0.579258" z="0.912710"/>
                <normal y="-1.000000" x="-0.000001" z="-0.000000"/>
                <texcoord u="0.391712" v="0.168114"/>
            </vertex>
            <vertex>
                <position y="1.375685" x="-0.663995" z="0.912710"/>
                <normal y="-1.000000" x="-0.000001" z="-0.000000"/>
                <texcoord u="0.387862" v="0.244300"/>
            </vertex>
            <vertex>
                <position y="1.375685" x="-0.663995" z="-0.912710"/>
                <normal y="-1.000000" x="-0.000001" z="-0.000000"/>
                <texcoord u="0.902020" v="0.244300"/>
            </vertex>
            <vertex>
                <position y="0.357369" x="-0.579257" z="-0.912711"/>
                <normal y="-0.000000" x="-0.000000" z="1.000000"/>
                <texcoord u="0.510920" v="0.191698"/>
            </vertex>
            <vertex>
                <position y="1.375685" x="-0.579258" z="-0.912710"/>
                <normal y="-0.000000" x="-0.000000" z="1.000000"/>
                <texcoord u="0.845469" v="0.191697"/>
            </vertex>
            <vertex>
                <position y="1.375685" x="-0.663995" z="-0.912710"/>
                <normal y="-0.000000" x="-0.000000" z="1.000000"/>
                <texcoord u="0.843381" v="0.142120"/>
            </vertex>
            <vertex>
                <position y="0.357369" x="-0.663995" z="-0.912711"/>
                <normal y="-0.000000" x="-0.000000" z="1.000000"/>
                <texcoord u="0.508831" v="0.142121"/>
            </vertex>
            <vertex>
                <position y="1.375685" x="-0.579258" z="0.912710"/>
                <normal y="-0.000000" x="-0.000000" z="-1.000000"/>
                <texcoord u="0.793285" v="0.216304"/>
            </vertex>
            <vertex>
                <position y="0.357369" x="-0.579258" z="0.912710"/>
                <normal y="-0.000000" x="-0.000000" z="-1.000000"/>
                <texcoord u="0.467427" v="0.216304"/>
            </vertex>
            <vertex>
                <position y="0.357369" x="-0.663995" z="0.912710"/>
                <normal y="-0.000000" x="-0.000000" z="-1.000000"/>
                <texcoord u="0.469461" v="0.264593"/>
            </vertex>
            <vertex>
                <position y="1.375685" x="-0.663995" z="0.912710"/>
                <normal y="-0.000000" x="-0.000000" z="-1.000000"/>
                <texcoord u="0.795319" v="0.264593"/>
            </vertex>
            <vertex>
                <position y="0.357369" x="-0.579258" z="0.912710"/>
                <normal y="1.000000" x="0.000000" z="0.000000"/>
                <texcoord u="0.379928" v="0.267922"/>
            </vertex>
            <vertex>
                <position y="0.357369" x="-0.579257" z="-0.912711"/>
                <normal y="1.000000" x="0.000000" z="0.000000"/>
                <texcoord u="0.884992" v="0.267922"/>
            </vertex>
            <vertex>
                <position y="0.357369" x="-0.663995" z="-0.912711"/>
                <normal y="1.000000" x="0.000000" z="0.000000"/>
                <texcoord u="0.879472" v="0.193611"/>
            </vertex>
            <vertex>
                <position y="0.357369" x="-0.663995" z="0.912710"/>
                <normal y="1.000000" x="0.000000" z="0.000000"/>
                <texcoord u="0.374407" v="0.193611"/>
            </vertex>
            <vertex>
                <position y="0.308674" x="-0.663995" z="-1.000000"/>
                <normal y="-0.000001" x="-1.000000" z="-0.000000"/>
                <texcoord u="0.874621" v="0.075516"/>
            </vertex>
            <vertex>
                <position y="0.308674" x="-0.663995" z="1.000000"/>
                <normal y="-0.000001" x="-1.000000" z="-0.000000"/>
                <texcoord u="0.396223" v="0.075516"/>
            </vertex>
            <vertex>
                <position y="0.357369" x="-0.663995" z="0.912710"/>
                <normal y="-0.000001" x="-1.000000" z="-0.000000"/>
                <texcoord u="0.417103" v="0.086502"/>
            </vertex>
            <vertex>
                <position y="0.357369" x="-0.663995" z="-0.912711"/>
                <normal y="-0.000001" x="-1.000000" z="-0.000000"/>
                <texcoord u="0.853740" v="0.086502"/>
            </vertex>
            <vertex>
                <position y="0.308674" x="-0.663995" z="1.000000"/>
                <normal y="-0.000000" x="-1.000000" z="-0.000000"/>
                <texcoord u="0.396223" v="0.075516"/>
            </vertex>
            <vertex>
                <position y="1.424380" x="-0.663995" z="1.000000"/>
                <normal y="-0.000000" x="-1.000000" z="-0.000000"/>
                <texcoord u="0.396223" v="0.327211"/>
            </vertex>
            <vertex>
                <position y="1.375685" x="-0.663995" z="0.912710"/>
                <normal y="-0.000000" x="-1.000000" z="-0.000000"/>
                <texcoord u="0.417103" v="0.316225"/>
            </vertex>
            <vertex>
                <position y="0.357369" x="-0.663995" z="0.912710"/>
                <normal y="-0.000000" x="-1.000000" z="-0.000000"/>
                <texcoord u="0.417103" v="0.086502"/>
            </vertex>
            <vertex>
                <position y="1.424380" x="-0.663995" z="-1.000000"/>
                <normal y="-0.000000" x="-1.000000" z="-0.000001"/>
                <texcoord u="0.874620" v="0.327212"/>
            </vertex>
            <vertex>
                <position y="0.308674" x="-0.663995" z="-1.000000"/>
                <normal y="-0.000000" x="-1.000000" z="-0.000001"/>
                <texcoord u="0.874621" v="0.075516"/>
            </vertex>
            <vertex>
                <position y="0.357369" x="-0.663995" z="-0.912711"/>
                <normal y="-0.000000" x="-1.000000" z="-0.000001"/>
                <texcoord u="0.853740" v="0.086502"/>
            </vertex>
            <vertex>
                <position y="1.375685" x="-0.663995" z="-0.912710"/>
                <normal y="-0.000000" x="-1.000000" z="-0.000001"/>
                <texcoord u="0.853739" v="0.316226"/>
            </vertex>
            <vertex>
                <position y="1.424380" x="-0.663995" z="1.000000"/>
                <normal y="0.000000" x="-1.000000" z="-0.000000"/>
                <texcoord u="0.396223" v="0.327211"/>
            </vertex>
            <vertex>
                <position y="1.424380" x="-0.663995" z="-1.000000"/>
                <normal y="0.000000" x="-1.000000" z="-0.000000"/>
                <texcoord u="0.874620" v="0.327212"/>
            </vertex>
            <vertex>
                <position y="1.375685" x="-0.663995" z="-0.912710"/>
                <normal y="0.000000" x="-1.000000" z="-0.000000"/>
                <texcoord u="0.853739" v="0.316226"/>
            </vertex>
            <vertex>
                <position y="1.375685" x="-0.663995" z="0.912710"/>
                <normal y="0.000000" x="-1.000000" z="-0.000000"/>
                <texcoord u="0.417103" v="0.316225"/>
            </vertex>
            <vertex>
                <position y="0.308674" x="-0.663995" z="-1.000000"/>
                <normal y="0.000000" x="0.000000" z="-1.000000"/>
                <texcoord u="0.666384" v="0.054550"/>
            </vertex>
            <vertex>
                <position y="1.424380" x="-0.663995" z="-1.000000"/>
                <normal y="0.000000" x="0.000000" z="-1.000000"/>
                <texcoord u="0.417395" v="0.054550"/>
            </vertex>
            <vertex>
                <position y="1.424380" x="0.480371" z="-1.000000"/>
                <normal y="0.000000" x="0.000000" z="-1.000000"/>
                <texcoord u="0.417395" v="0.344156"/>
            </vertex>
            <vertex>
                <position y="0.308674" x="0.480371" z="-1.000000"/>
                <normal y="0.000000" x="0.000000" z="-1.000000"/>
                <texcoord u="0.666384" v="0.344156"/>
            </vertex>
            <vertex>
                <position y="0.308674" x="0.480371" z="1.000000"/>
                <normal y="-0.000000" x="-0.000000" z="1.000000"/>
                <texcoord u="0.406951" v="0.338555"/>
            </vertex>
            <vertex>
                <position y="1.424380" x="0.480370" z="1.000000"/>
                <normal y="-0.000000" x="-0.000000" z="1.000000"/>
                <texcoord u="0.646310" v="0.338555"/>
            </vertex>
            <vertex>
                <position y="1.424380" x="-0.663995" z="1.000000"/>
                <normal y="-0.000000" x="-0.000000" z="1.000000"/>
                <texcoord u="0.646310" v="0.060151"/>
            </vertex>
            <vertex>
                <position y="0.308674" x="-0.663995" z="1.000000"/>
                <normal y="-0.000000" x="-0.000000" z="1.000000"/>
                <texcoord u="0.406951" v="0.060150"/>
            </vertex>
            <vertex>
                <position y="1.424380" x="-0.663995" z="1.000000"/>
                <normal y="1.000000" x="0.000000" z="0.000000"/>
                <texcoord u="0.859484" v="0.338080"/>
            </vertex>
            <vertex>
                <position y="1.424380" x="0.480370" z="1.000000"/>
                <normal y="1.000000" x="0.000000" z="0.000000"/>
                <texcoord u="0.859484" v="0.064951"/>
            </vertex>
            <vertex>
                <position y="1.424380" x="0.480371" z="-1.000000"/>
                <normal y="1.000000" x="0.000000" z="0.000000"/>
                <texcoord u="0.438544" v="0.064951"/>
            </vertex>
            <vertex>
                <position y="1.424380" x="-0.663995" z="-1.000000"/>
                <normal y="1.000000" x="0.000000" z="0.000000"/>
                <texcoord u="0.438544" v="0.338080"/>
            </vertex>
            <vertex>
                <position y="0.308674" x="0.480371" z="-1.000000"/>
                <normal y="-1.000000" x="-0.000000" z="-0.000000"/>
                <texcoord u="0.861239" v="0.052593"/>
            </vertex>
            <vertex>
                <position y="0.308674" x="0.480371" z="1.000000"/>
                <normal y="-1.000000" x="-0.000000" z="-0.000000"/>
                <texcoord u="0.421048" v="0.052593"/>
            </vertex>
            <vertex>
                <position y="0.308674" x="-0.663995" z="1.000000"/>
                <normal y="-1.000000" x="-0.000000" z="-0.000000"/>
                <texcoord u="0.421048" v="0.338213"/>
            </vertex>
            <vertex>
                <position y="0.308674" x="-0.663995" z="-1.000000"/>
                <normal y="-1.000000" x="-0.000000" z="-0.000000"/>
                <texcoord u="0.861239" v="0.338213"/>
            </vertex>
            <vertex>
                <position y="1.424380" x="0.480370" z="1.000000"/>
                <normal y="0.000000" x="1.000000" z="0.000000"/>
                <texcoord u="0.407212" v="0.058455"/>
            </vertex>
            <vertex>
                <position y="0.308674" x="0.480371" z="1.000000"/>
                <normal y="0.000000" x="1.000000" z="0.000000"/>
                <texcoord u="0.407212" v="0.339949"/>
            </vertex>
            <vertex>
                <position y="0.308674" x="0.480371" z="-1.000000"/>
                <normal y="0.000000" x="1.000000" z="0.000000"/>
                <texcoord u="0.852187" v="0.339949"/>
            </vertex>
            <vertex>
                <position y="1.424380" x="0.480371" z="-1.000000"/>
                <normal y="0.000000" x="1.000000" z="0.000000"/>
                <texcoord u="0.852187" v="0.058455"/>
            </vertex>
        </vertexbuffer>
    </sharedgeometry>
    <submeshes>
        <submesh usesharedvertices="true" material="Material.003" use32bitindexes="False">
            <faces count="26">
                <face v1="4" v2="5" v3="6"/>
                <face v1="4" v2="6" v3="7"/>
                <face v1="8" v2="9" v3="10"/>
                <face v1="8" v2="10" v3="11"/>
                <face v1="12" v2="13" v3="14"/>
                <face v1="12" v2="14" v3="15"/>
                <face v1="16" v2="17" v3="18"/>
                <face v1="16" v2="18" v3="19"/>
                <face v1="20" v2="21" v3="22"/>
                <face v1="20" v2="22" v3="23"/>
                <face v1="24" v2="25" v3="26"/>
                <face v1="24" v2="26" v3="27"/>
                <face v1="28" v2="29" v3="30"/>
                <face v1="28" v2="30" v3="31"/>
                <face v1="32" v2="33" v3="34"/>
                <face v1="32" v2="34" v3="35"/>
                <face v1="36" v2="37" v3="38"/>
                <face v1="36" v2="38" v3="39"/>
                <face v1="40" v2="41" v3="42"/>
                <face v1="40" v2="42" v3="43"/>
                <face v1="44" v2="45" v3="46"/>
                <face v1="44" v2="46" v3="47"/>
                <face v1="48" v2="49" v3="50"/>
                <face v1="48" v2="50" v3="51"/>
                <face v1="52" v2="53" v3="54"/>
                <face v1="52" v2="54" v3="55"/>
            </faces>
        </submesh>
        <submesh usesharedvertices="true" material="Material.002" use32bitindexes="False">
            <faces count="2">
                <face v1="0" v2="1" v3="2"/>
                <face v1="0" v2="2" v3="3"/>
            </faces>
        </submesh>
    </submeshes>
    <submeshnames>
        <submesh index="0" name="Material">
        </submesh>
        <submesh index="1" name="Material.003">
        </submesh>
        <submesh index="2" name="Material.002">
        </submesh>
        <submesh index="3" name="Material.001">
        </submesh>
    </submeshnames>
</mesh>