<?xml version="1.0" encoding="UTF-8"?>
<mesh>
    <sharedgeometry vertexcount="210">
        <vertexbuffer texture_coords="0" positions="true" colours_diffuse="False" normals="true">
            <vertex>
                <position y="0.597008" x="-0.998852" z="-0.515783"/>
                <normal y="-0.255501" x="-0.949736" z="0.180731"/>
            </vertex>
            <vertex>
                <position y="0.597008" x="-0.998852" z="-0.373066"/>
                <normal y="-0.041261" x="-0.999146" z="-0.000000"/>
            </vertex>
            <vertex>
                <position y="0.715643" x="-0.999190" z="-0.373066"/>
                <normal y="-0.209326" x="-0.955931" z="0.205817"/>
            </vertex>
            <vertex>
                <position y="0.715643" x="-0.999190" z="-0.515783"/>
                <normal y="-0.599292" x="-0.582751" z="0.548784"/>
            </vertex>
            <vertex>
                <position y="0.597008" x="-0.998853" z="1.000000"/>
                <normal y="-0.041261" x="-0.999146" z="-0.000000"/>
            </vertex>
            <vertex>
                <position y="0.715643" x="-0.999191" z="1.000000"/>
                <normal y="-0.002838" x="-0.999969" z="-0.000000"/>
            </vertex>
            <vertex>
                <position y="0.479666" x="-0.989475" z="-0.515783"/>
                <normal y="-0.079653" x="-0.996796" z="-0.000000"/>
            </vertex>
            <vertex>
                <position y="0.479666" x="-0.989475" z="-0.373066"/>
                <normal y="-0.079653" x="-0.996796" z="-0.000000"/>
            </vertex>
            <vertex>
                <position y="0.479666" x="-0.989476" z="1.000000"/>
                <normal y="-0.079653" x="-0.996796" z="-0.000000"/>
            </vertex>
            <vertex>
                <position y="0.715643" x="-1.580927" z="-0.652584"/>
                <normal y="-0.761803" x="-0.082278" z="0.642537"/>
            </vertex>
            <vertex>
                <position y="0.597008" x="-0.998852" z="-0.652584"/>
                <normal y="-0.666707" x="-0.563341" z="0.487960"/>
            </vertex>
            <vertex>
                <position y="0.479666" x="-0.989475" z="-0.652584"/>
                <normal y="-0.564776" x="-0.751488" z="0.340922"/>
            </vertex>
            <vertex>
                <position y="0.479666" x="-0.989475" z="-1.000000"/>
                <normal y="-0.972808" x="-0.079073" z="0.217627"/>
            </vertex>
            <vertex>
                <position y="0.479666" x="-0.989475" z="-0.826292"/>
                <normal y="-0.911496" x="-0.140416" z="0.386517"/>
            </vertex>
            <vertex>
                <position y="0.597008" x="-1.955015" z="-0.826292"/>
                <normal y="-0.884823" x="-0.081851" z="0.458663"/>
            </vertex>
            <vertex>
                <position y="0.597008" x="-2.911177" z="-1.000000"/>
                <normal y="-0.918699" x="-0.046510" z="0.392132"/>
            </vertex>
            <vertex>
                <position y="0.715643" x="-3.777822" z="-0.826292"/>
                <normal y="-0.850551" x="-0.039796" z="0.524308"/>
            </vertex>
            <vertex>
                <position y="0.715643" x="-5.974717" z="-1.000000"/>
                <normal y="-0.895993" x="-0.024323" z="0.443373"/>
            </vertex>
            <vertex>
                <position y="0.857821" x="-0.999595" z="1.000000"/>
                <normal y="-0.002838" x="-0.999969" z="-0.000000"/>
            </vertex>
            <vertex>
                <position y="0.857821" x="-0.999595" z="-0.373066"/>
                <normal y="-0.338786" x="-0.767022" z="0.544847"/>
            </vertex>
            <vertex>
                <position y="1.000000" x="-1.000000" z="1.000000"/>
                <normal y="-0.002838" x="-0.999969" z="-0.000000"/>
            </vertex>
            <vertex>
                <position y="1.000000" x="-1.000000" z="-0.373066"/>
                <normal y="-0.215735" x="-0.738701" z="0.638539"/>
            </vertex>
            <vertex>
                <position y="0.857821" x="-1.955758" z="-0.515783"/>
                <normal y="-0.577654" x="-0.088839" z="0.811396"/>
            </vertex>
            <vertex>
                <position y="1.000000" x="-2.912325" z="-0.515783"/>
                <normal y="-0.516678" x="-0.049989" z="0.854701"/>
            </vertex>
            <vertex>
                <position y="0.857821" x="-3.778227" z="-0.652584"/>
                <normal y="-0.660878" x="-0.041475" z="0.749321"/>
            </vertex>
            <vertex>
                <position y="1.000000" x="-5.975527" z="-0.652584"/>
                <normal y="-0.585437" x="-0.025513" z="0.810297"/>
            </vertex>
            <vertex>
                <position y="0.857821" x="-11.897795" z="-0.973740"/>
                <normal y="-0.775994" x="-0.014771" z="0.630512"/>
            </vertex>
            <vertex>
                <position y="0.857821" x="-7.838011" z="-0.813162"/>
                <normal y="-0.763451" x="-0.025056" z="0.645375"/>
            </vertex>
            <vertex>
                <position y="0.967578" x="-18.564068" z="-0.927075"/>
                <normal y="-0.773766" x="-0.014618" z="0.633290"/>
            </vertex>
            <vertex>
                <position y="1.000000" x="-11.898199" z="-0.800032"/>
                <normal y="-0.771447" x="-0.014771" z="0.636097"/>
            </vertex>
            <vertex>
                <position y="0.182009" x="-2.009815" z="1.000000"/>
                <normal y="-0.708762" x="0.056703" z="0.703146"/>
            </vertex>
            <vertex>
                <position y="0.475519" x="0.989471" z="1.000000"/>
                <normal y="-0.566698" x="0.577990" z="0.587115"/>
            </vertex>
            <vertex>
                <position y="0.479666" x="-0.989476" z="1.000000"/>
                <normal y="0.315806" x="-0.030946" z="0.948302"/>
            </vertex>
            <vertex>
                <position y="0.188361" x="-3.960055" z="1.000000"/>
                <normal y="0.700949" x="-0.056703" z="0.710929"/>
            </vertex>
            <vertex>
                <position y="0.475519" x="0.989471" z="-1.000000"/>
                <normal y="-0.065310" x="0.478896" z="-0.875423"/>
            </vertex>
            <vertex>
                <position y="0.182009" x="-2.009815" z="-1.000000"/>
                <normal y="-0.708762" x="0.056703" z="-0.703116"/>
            </vertex>
            <vertex>
                <position y="0.188361" x="-3.960055" z="-1.000000"/>
                <normal y="0.700919" x="-0.056703" z="-0.710929"/>
            </vertex>
            <vertex>
                <position y="0.479666" x="-0.989475" z="-1.000000"/>
                <normal y="0.247230" x="-0.024232" z="-0.968627"/>
            </vertex>
            <vertex>
                <position y="-0.601529" x="-54.317444" z="-0.652584"/>
                <normal y="-0.018525" x="-0.999817" z="-0.000000"/>
            </vertex>
            <vertex>
                <position y="-0.601529" x="-54.317444" z="-0.515783"/>
                <normal y="-0.018525" x="-0.999817" z="-0.000000"/>
            </vertex>
            <vertex>
                <position y="-0.574410" x="-53.671436" z="-0.515783"/>
                <normal y="0.999817" x="-0.018525" z="-0.000000"/>
            </vertex>
            <vertex>
                <position y="-0.574410" x="-53.671436" z="-0.652584"/>
                <normal y="0.999817" x="-0.018525" z="-0.000000"/>
            </vertex>
            <vertex>
                <position y="1.000000" x="-5.975527" z="-0.652584"/>
                <normal y="1.000000" x="0.000000" z="-0.000000"/>
            </vertex>
            <vertex>
                <position y="1.000000" x="-2.912325" z="-0.515783"/>
                <normal y="1.000000" x="0.000000" z="-0.000000"/>
            </vertex>
            <vertex>
                <position y="1.000000" x="-0.912325" z="-0.515783"/>
                <normal y="0.868801" x="0.028901" z="-0.494278"/>
            </vertex>
            <vertex>
                <position y="1.000000" x="-3.975527" z="-0.652583"/>
                <normal y="0.888913" x="0.014405" z="-0.457808"/>
            </vertex>
            <vertex>
                <position y="0.475519" x="0.989471" z="-0.652584"/>
                <normal y="-0.644124" x="0.709159" z="-0.286630"/>
            </vertex>
            <vertex>
                <position y="0.475519" x="0.989471" z="-0.515783"/>
                <normal y="-0.700095" x="0.714011" z="-0.000000"/>
            </vertex>
            <vertex>
                <position y="0.182009" x="-2.009815" z="-0.515783"/>
                <normal y="-0.996796" x="0.079745" z="-0.000000"/>
            </vertex>
            <vertex>
                <position y="0.182009" x="-2.009815" z="-0.652584"/>
                <normal y="-0.996796" x="0.079745" z="-0.000000"/>
            </vertex>
            <vertex>
                <position y="0.479666" x="-0.989475" z="-0.515783"/>
                <normal y="0.995209" x="-0.097568" z="-0.000000"/>
            </vertex>
            <vertex>
                <position y="0.479666" x="-0.989475" z="-0.652584"/>
                <normal y="0.995209" x="-0.097568" z="-0.000000"/>
            </vertex>
            <vertex>
                <position y="0.188361" x="-3.960055" z="-0.652584"/>
                <normal y="0.996734" x="-0.080660" z="-0.000000"/>
            </vertex>
            <vertex>
                <position y="0.188361" x="-3.960055" z="-0.515783"/>
                <normal y="0.996734" x="-0.080660" z="-0.000000"/>
            </vertex>
            <vertex>
                <position y="0.595802" x="0.998852" z="1.000000"/>
                <normal y="-0.028840" x="0.714743" z="0.698752"/>
            </vertex>
            <vertex>
                <position y="0.597008" x="-0.998853" z="1.000000"/>
                <normal y="0.000000" x="0.000000" z="1.000000"/>
            </vertex>
            <vertex>
                <position y="0.714792" x="0.999190" z="1.000000"/>
                <normal y="-0.001984" x="0.707083" z="0.707083"/>
            </vertex>
            <vertex>
                <position y="0.715643" x="-0.999191" z="1.000000"/>
                <normal y="0.000000" x="0.000000" z="1.000000"/>
            </vertex>
            <vertex>
                <position y="0.714792" x="-3.976336" z="-1.000000"/>
                <normal y="0.528733" x="0.014374" z="-0.848628"/>
            </vertex>
            <vertex>
                <position y="0.595802" x="-0.913472" z="-1.000000"/>
                <normal y="0.552324" x="0.028169" z="-0.833125"/>
            </vertex>
            <vertex>
                <position y="0.597008" x="-2.911177" z="-1.000000"/>
                <normal y="0.000000" x="0.000000" z="-1.000000"/>
            </vertex>
            <vertex>
                <position y="0.715643" x="-5.974717" z="-1.000000"/>
                <normal y="0.181524" x="0.000031" z="-0.983367"/>
            </vertex>
            <vertex>
                <position y="0.595802" x="0.998853" z="-0.652584"/>
                <normal y="0.613269" x="0.601001" z="-0.512467"/>
            </vertex>
            <vertex>
                <position y="0.595802" x="0.998853" z="-0.515783"/>
                <normal y="0.165563" x="0.968719" z="-0.184790"/>
            </vertex>
            <vertex>
                <position y="0.714792" x="0.417454" z="-0.652584"/>
                <normal y="0.760643" x="0.082492" z="-0.643880"/>
            </vertex>
            <vertex>
                <position y="0.714792" x="0.999191" z="-0.515783"/>
                <normal y="0.596149" x="0.584246" z="-0.550645"/>
            </vertex>
            <vertex>
                <position y="-0.601529" x="-54.317444" z="-0.373066"/>
                <normal y="-0.018525" x="-0.999817" z="-0.000000"/>
            </vertex>
            <vertex>
                <position y="-0.574410" x="-53.671436" z="-0.373066"/>
                <normal y="0.999817" x="-0.018525" z="-0.000000"/>
            </vertex>
            <vertex>
                <position y="-0.601529" x="-54.317444" z="1.000000"/>
                <normal y="-0.015625" x="-0.843379" z="0.537034"/>
            </vertex>
            <vertex>
                <position y="-0.574410" x="-53.671436" z="1.000000"/>
                <normal y="0.712180" x="-0.013184" z="0.701865"/>
            </vertex>
            <vertex>
                <position y="1.000000" x="-1.000000" z="-0.373066"/>
                <normal y="1.000000" x="0.000000" z="-0.000000"/>
            </vertex>
            <vertex>
                <position y="1.000000" x="1.000000" z="-0.373066"/>
                <normal y="0.685263" x="0.551622" z="-0.475448"/>
            </vertex>
            <vertex>
                <position y="1.000000" x="-1.000000" z="1.000000"/>
                <normal y="0.707724" x="0.000000" z="0.706442"/>
            </vertex>
            <vertex>
                <position y="1.000000" x="0.999999" z="1.000001"/>
                <normal y="0.576586" x="0.578234" z="0.577197"/>
            </vertex>
            <vertex>
                <position y="0.475519" x="0.989471" z="-0.373066"/>
                <normal y="-0.700095" x="0.714011" z="-0.000000"/>
            </vertex>
            <vertex>
                <position y="0.182009" x="-2.009815" z="-0.373066"/>
                <normal y="-0.996796" x="0.079745" z="-0.000000"/>
            </vertex>
            <vertex>
                <position y="0.479666" x="-0.989475" z="-0.373066"/>
                <normal y="0.995209" x="-0.097568" z="-0.000000"/>
            </vertex>
            <vertex>
                <position y="0.188361" x="-3.960055" z="-0.373066"/>
                <normal y="0.996734" x="-0.080660" z="-0.000000"/>
            </vertex>
            <vertex>
                <position y="0.595802" x="0.998853" z="-0.373066"/>
                <normal y="-0.040315" x="0.999176" z="-0.000000"/>
            </vertex>
            <vertex>
                <position y="0.714792" x="0.999191" z="-0.373066"/>
                <normal y="0.203925" x="0.956938" z="-0.206458"/>
            </vertex>
            <vertex>
                <position y="-0.563089" x="-34.173462" z="1.000000"/>
                <normal y="-0.707511" x="0.007202" z="0.706626"/>
            </vertex>
            <vertex>
                <position y="-0.466170" x="-26.271809" z="1.000000"/>
                <normal y="-0.707450" x="0.009980" z="0.706687"/>
            </vertex>
            <vertex>
                <position y="-0.442938" x="-27.428894" z="1.000000"/>
                <normal y="0.706595" x="-0.010041" z="0.707511"/>
            </vertex>
            <vertex>
                <position y="-0.538377" x="-35.185787" z="1.000000"/>
                <normal y="0.706656" x="-0.007416" z="0.707480"/>
            </vertex>
            <vertex>
                <position y="-0.353728" x="-19.245237" z="1.000000"/>
                <normal y="-0.707358" x="0.012482" z="0.706717"/>
            </vertex>
            <vertex>
                <position y="-0.334673" x="-20.738930" z="1.000000"/>
                <normal y="0.706626" x="-0.012543" z="0.707450"/>
            </vertex>
            <vertex>
                <position y="-0.353728" x="-19.245237" z="-1.000000"/>
                <normal y="-0.707358" x="0.012482" z="-0.706717"/>
            </vertex>
            <vertex>
                <position y="-0.466170" x="-26.271809" z="-1.000000"/>
                <normal y="-0.707450" x="0.009980" z="-0.706656"/>
            </vertex>
            <vertex>
                <position y="-0.442938" x="-27.428894" z="-1.000000"/>
                <normal y="0.706565" x="-0.010041" z="-0.707541"/>
            </vertex>
            <vertex>
                <position y="-0.334673" x="-20.738930" z="-1.000000"/>
                <normal y="0.706626" x="-0.012543" z="-0.707450"/>
            </vertex>
            <vertex>
                <position y="-0.563089" x="-34.173462" z="-1.000000"/>
                <normal y="-0.707511" x="0.007202" z="-0.706626"/>
            </vertex>
            <vertex>
                <position y="-0.538377" x="-35.185787" z="-1.000000"/>
                <normal y="0.706656" x="-0.007416" z="-0.707511"/>
            </vertex>
            <vertex>
                <position y="-0.353728" x="-19.245237" z="-0.515783"/>
                <normal y="-0.999817" x="0.017640" z="-0.000000"/>
            </vertex>
            <vertex>
                <position y="-0.466170" x="-26.271809" z="-0.515783"/>
                <normal y="-0.999878" x="0.014130" z="-0.000000"/>
            </vertex>
            <vertex>
                <position y="-0.466170" x="-26.271809" z="-0.652584"/>
                <normal y="-0.999878" x="0.014130" z="-0.000000"/>
            </vertex>
            <vertex>
                <position y="-0.353728" x="-19.245237" z="-0.652584"/>
                <normal y="-0.999817" x="0.017640" z="-0.000000"/>
            </vertex>
            <vertex>
                <position y="-0.563089" x="-34.173462" z="-0.515783"/>
                <normal y="-0.999939" x="0.010163" z="-0.000000"/>
            </vertex>
            <vertex>
                <position y="-0.563089" x="-34.173462" z="-0.652584"/>
                <normal y="-0.999939" x="0.010163" z="-0.000000"/>
            </vertex>
            <vertex>
                <position y="-0.334673" x="-20.738930" z="-0.652584"/>
                <normal y="0.999817" x="-0.017762" z="-0.000000"/>
            </vertex>
            <vertex>
                <position y="-0.442938" x="-27.428894" z="-0.652584"/>
                <normal y="0.999878" x="-0.014222" z="-0.000000"/>
            </vertex>
            <vertex>
                <position y="-0.442938" x="-27.428894" z="-0.515783"/>
                <normal y="0.999878" x="-0.014222" z="-0.000000"/>
            </vertex>
            <vertex>
                <position y="-0.334673" x="-20.738930" z="-0.515783"/>
                <normal y="0.999817" x="-0.017762" z="-0.000000"/>
            </vertex>
            <vertex>
                <position y="-0.538377" x="-35.185787" z="-0.652584"/>
                <normal y="0.999939" x="-0.010498" z="-0.000000"/>
            </vertex>
            <vertex>
                <position y="-0.538377" x="-35.185787" z="-0.515783"/>
                <normal y="0.999939" x="-0.010498" z="-0.000000"/>
            </vertex>
            <vertex>
                <position y="-0.353728" x="-19.245237" z="-0.373066"/>
                <normal y="-0.999817" x="0.017640" z="-0.000000"/>
            </vertex>
            <vertex>
                <position y="-0.466170" x="-26.271809" z="-0.373066"/>
                <normal y="-0.999878" x="0.014130" z="-0.000000"/>
            </vertex>
            <vertex>
                <position y="-0.563089" x="-34.173462" z="-0.373066"/>
                <normal y="-0.999939" x="0.010163" z="-0.000000"/>
            </vertex>
            <vertex>
                <position y="-0.334673" x="-20.738930" z="-0.373066"/>
                <normal y="0.999817" x="-0.017762" z="-0.000000"/>
            </vertex>
            <vertex>
                <position y="-0.442938" x="-27.428894" z="-0.373066"/>
                <normal y="0.999878" x="-0.014222" z="-0.000000"/>
            </vertex>
            <vertex>
                <position y="-0.538377" x="-35.185787" z="-0.373066"/>
                <normal y="0.999939" x="-0.010498" z="-0.000000"/>
            </vertex>
            <vertex>
                <position y="-0.601529" x="-54.317444" z="-1.000000"/>
                <normal y="-0.015625" x="-0.843379" z="-0.537065"/>
            </vertex>
            <vertex>
                <position y="-0.601529" x="-54.317444" z="-0.826292"/>
                <normal y="-0.018525" x="-0.999817" z="-0.000000"/>
            </vertex>
            <vertex>
                <position y="-0.574410" x="-53.671436" z="-0.826292"/>
                <normal y="0.999817" x="-0.018525" z="-0.000000"/>
            </vertex>
            <vertex>
                <position y="-0.574410" x="-53.671436" z="-1.000000"/>
                <normal y="0.712149" x="-0.013184" z="-0.701865"/>
            </vertex>
            <vertex>
                <position y="0.967578" x="-18.564068" z="-0.927075"/>
                <normal y="0.774346" x="0.000000" z="-0.632740"/>
            </vertex>
            <vertex>
                <position y="1.000000" x="-11.898199" z="-0.800032"/>
                <normal y="0.969420" x="0.000000" z="-0.245369"/>
            </vertex>
            <vertex>
                <position y="1.000000" x="-9.898199" z="-0.800031"/>
                <normal y="0.940519" x="0.007874" z="-0.339579"/>
            </vertex>
            <vertex>
                <position y="0.967578" x="-16.564068" z="-0.927075"/>
                <normal y="0.759301" x="0.000092" z="-0.650685"/>
            </vertex>
            <vertex>
                <position y="0.475519" x="0.989471" z="-0.826292"/>
                <normal y="-0.231513" x="0.506516" z="-0.830531"/>
            </vertex>
            <vertex>
                <position y="0.182009" x="-2.009815" z="-0.826292"/>
                <normal y="-0.996796" x="0.079745" z="-0.000000"/>
            </vertex>
            <vertex>
                <position y="0.479666" x="-0.989475" z="-0.826292"/>
                <normal y="0.995209" x="-0.097568" z="-0.000000"/>
            </vertex>
            <vertex>
                <position y="0.188361" x="-3.960055" z="-0.826292"/>
                <normal y="0.996734" x="-0.080660" z="-0.000000"/>
            </vertex>
            <vertex>
                <position y="0.595802" x="0.042691" z="-0.826292"/>
                <normal y="0.881954" x="0.083621" z="-0.463820"/>
            </vertex>
            <vertex>
                <position y="0.714792" x="-1.779441" z="-0.826292"/>
                <normal y="0.849818" x="0.039888" z="-0.525529"/>
            </vertex>
            <vertex>
                <position y="-0.466170" x="-26.271809" z="-0.826292"/>
                <normal y="-0.999878" x="0.014130" z="-0.000000"/>
            </vertex>
            <vertex>
                <position y="-0.353728" x="-19.245237" z="-0.826292"/>
                <normal y="-0.999817" x="0.017640" z="-0.000000"/>
            </vertex>
            <vertex>
                <position y="-0.563089" x="-34.173462" z="-0.826292"/>
                <normal y="-0.999939" x="0.010163" z="-0.000000"/>
            </vertex>
            <vertex>
                <position y="-0.442938" x="-27.428894" z="-0.826292"/>
                <normal y="0.999878" x="-0.014222" z="-0.000000"/>
            </vertex>
            <vertex>
                <position y="-0.334673" x="-20.738930" z="-0.826292"/>
                <normal y="0.999817" x="-0.017762" z="-0.000000"/>
            </vertex>
            <vertex>
                <position y="-0.538377" x="-35.185787" z="-0.826292"/>
                <normal y="0.999939" x="-0.010498" z="-0.000000"/>
            </vertex>
            <vertex>
                <position y="0.857821" x="-0.999595" z="1.000000"/>
                <normal y="0.000000" x="0.000000" z="1.000000"/>
            </vertex>
            <vertex>
                <position y="0.857396" x="0.999595" z="1.000000"/>
                <normal y="-0.001984" x="0.707083" z="0.707083"/>
            </vertex>
            <vertex>
                <position y="0.857396" x="-9.898603" z="-0.973740"/>
                <normal y="0.511399" x="0.007904" z="-0.859279"/>
            </vertex>
            <vertex>
                <position y="0.857821" x="-11.897795" z="-0.973740"/>
                <normal y="0.391247" x="0.000031" z="-0.920255"/>
            </vertex>
            <vertex>
                <position y="0.857396" x="-1.779037" z="-0.652584"/>
                <normal y="0.659688" x="0.041536" z="-0.750359"/>
            </vertex>
            <vertex>
                <position y="0.857396" x="0.043433" z="-0.515783"/>
                <normal y="0.576373" x="0.088961" z="-0.812311"/>
            </vertex>
            <vertex>
                <position y="0.857396" x="0.999595" z="-0.373066"/>
                <normal y="0.333964" x="0.767998" z="-0.546464"/>
            </vertex>
            <vertex>
                <position y="0.857396" x="-5.838820" z="-0.813161"/>
                <normal y="0.762535" x="0.025117" z="-0.646413"/>
            </vertex>
            <vertex>
                <position y="-0.106758" x="-7.631551" z="1.000000"/>
                <normal y="-0.708945" x="0.023713" z="0.704856"/>
            </vertex>
            <vertex>
                <position y="0.035139" x="-4.369168" z="1.000000"/>
                <normal y="-0.708182" x="0.037416" z="0.705008"/>
            </vertex>
            <vertex>
                <position y="0.047064" x="-6.173116" z="1.000000"/>
                <normal y="0.703818" x="-0.037904" z="0.709342"/>
            </vertex>
            <vertex>
                <position y="-0.091839" x="-9.339055" z="1.000000"/>
                <normal y="0.704398" x="-0.023713" z="0.709372"/>
            </vertex>
            <vertex>
                <position y="0.035139" x="-4.369168" z="-1.000000"/>
                <normal y="-0.708182" x="0.037416" z="-0.704978"/>
            </vertex>
            <vertex>
                <position y="0.047064" x="-6.173115" z="-1.000000"/>
                <normal y="0.703818" x="-0.037904" z="-0.709342"/>
            </vertex>
            <vertex>
                <position y="-0.106758" x="-7.631551" z="-1.000000"/>
                <normal y="-0.708945" x="0.023713" z="-0.704856"/>
            </vertex>
            <vertex>
                <position y="-0.091839" x="-9.339054" z="-1.000000"/>
                <normal y="0.704398" x="-0.023713" z="-0.709372"/>
            </vertex>
            <vertex>
                <position y="0.035139" x="-4.369168" z="-0.515783"/>
                <normal y="-0.998596" x="0.052767" z="-0.000000"/>
            </vertex>
            <vertex>
                <position y="0.035139" x="-4.369168" z="-0.652584"/>
                <normal y="-0.998596" x="0.052767" z="-0.000000"/>
            </vertex>
            <vertex>
                <position y="-0.106758" x="-7.631551" z="-0.515783"/>
                <normal y="-0.999420" x="0.033418" z="-0.000000"/>
            </vertex>
            <vertex>
                <position y="-0.106758" x="-7.631551" z="-0.652584"/>
                <normal y="-0.999420" x="0.033418" z="-0.000000"/>
            </vertex>
            <vertex>
                <position y="0.047064" x="-6.173115" z="-0.652584"/>
                <normal y="0.998535" x="-0.053774" z="-0.000000"/>
            </vertex>
            <vertex>
                <position y="0.047064" x="-6.173115" z="-0.515783"/>
                <normal y="0.998535" x="-0.053774" z="-0.000000"/>
            </vertex>
            <vertex>
                <position y="-0.091839" x="-9.339054" z="-0.652584"/>
                <normal y="0.999420" x="-0.033662" z="-0.000000"/>
            </vertex>
            <vertex>
                <position y="-0.091839" x="-9.339054" z="-0.515783"/>
                <normal y="0.999420" x="-0.033662" z="-0.000000"/>
            </vertex>
            <vertex>
                <position y="0.035139" x="-4.369168" z="-0.373066"/>
                <normal y="-0.998596" x="0.052767" z="-0.000000"/>
            </vertex>
            <vertex>
                <position y="-0.106758" x="-7.631551" z="-0.373066"/>
                <normal y="-0.999420" x="0.033418" z="-0.000000"/>
            </vertex>
            <vertex>
                <position y="0.047064" x="-6.173115" z="-0.373066"/>
                <normal y="0.998535" x="-0.053774" z="-0.000000"/>
            </vertex>
            <vertex>
                <position y="-0.091839" x="-9.339054" z="-0.373066"/>
                <normal y="0.999420" x="-0.033662" z="-0.000000"/>
            </vertex>
            <vertex>
                <position y="0.035139" x="-4.369168" z="-0.826292"/>
                <normal y="-0.998596" x="0.052767" z="-0.000000"/>
            </vertex>
            <vertex>
                <position y="-0.106758" x="-7.631551" z="-0.826292"/>
                <normal y="-0.999420" x="0.033418" z="-0.000000"/>
            </vertex>
            <vertex>
                <position y="0.047064" x="-6.173115" z="-0.826292"/>
                <normal y="0.998535" x="-0.053774" z="-0.000000"/>
            </vertex>
            <vertex>
                <position y="-0.091839" x="-9.339054" z="-0.826292"/>
                <normal y="0.999420" x="-0.033662" z="-0.000000"/>
            </vertex>
            <vertex>
                <position y="-0.234475" x="-13.079929" z="1.000000"/>
                <normal y="-0.707389" x="0.015107" z="0.706626"/>
            </vertex>
            <vertex>
                <position y="-0.216422" x="-14.630464" z="1.000000"/>
                <normal y="0.706473" x="-0.015137" z="0.707572"/>
            </vertex>
            <vertex>
                <position y="-0.234475" x="-13.079930" z="-1.000000"/>
                <normal y="-0.707389" x="0.015107" z="-0.706626"/>
            </vertex>
            <vertex>
                <position y="-0.216422" x="-14.630464" z="-1.000000"/>
                <normal y="0.706442" x="-0.015137" z="-0.707572"/>
            </vertex>
            <vertex>
                <position y="-0.234475" x="-13.079930" z="-0.515783"/>
                <normal y="-0.999756" x="0.021363" z="-0.000000"/>
            </vertex>
            <vertex>
                <position y="-0.234475" x="-13.079930" z="-0.652584"/>
                <normal y="-0.999756" x="0.021363" z="-0.000000"/>
            </vertex>
            <vertex>
                <position y="-0.216422" x="-14.630464" z="-0.652584"/>
                <normal y="0.999756" x="-0.021424" z="-0.000000"/>
            </vertex>
            <vertex>
                <position y="-0.216422" x="-14.630464" z="-0.515783"/>
                <normal y="0.999756" x="-0.021424" z="-0.000000"/>
            </vertex>
            <vertex>
                <position y="-0.234475" x="-13.079930" z="-0.373066"/>
                <normal y="-0.999756" x="0.021363" z="-0.000000"/>
            </vertex>
            <vertex>
                <position y="-0.216422" x="-14.630464" z="-0.373066"/>
                <normal y="0.999756" x="-0.021424" z="-0.000000"/>
            </vertex>
            <vertex>
                <position y="-0.234475" x="-13.079930" z="-0.826292"/>
                <normal y="-0.999756" x="0.021363" z="-0.000000"/>
            </vertex>
            <vertex>
                <position y="-0.216422" x="-14.630464" z="-0.826292"/>
                <normal y="0.999756" x="-0.021424" z="-0.000000"/>
            </vertex>
            <vertex>
                <position y="-0.628220" x="-43.987591" z="1.000000"/>
                <normal y="-0.707724" x="0.001648" z="0.706442"/>
            </vertex>
            <vertex>
                <position y="-0.602003" x="-38.966457" z="1.000000"/>
                <normal y="-0.707389" x="0.004700" z="0.706778"/>
            </vertex>
            <vertex>
                <position y="-0.574254" x="-39.287308" z="1.000000"/>
                <normal y="0.706717" x="-0.005005" z="0.707450"/>
            </vertex>
            <vertex>
                <position y="-0.599577" x="-43.931671" z="1.000000"/>
                <normal y="0.706442" x="-0.001831" z="0.707724"/>
            </vertex>
            <vertex>
                <position y="-0.602003" x="-38.966457" z="-1.000000"/>
                <normal y="-0.707419" x="0.004700" z="-0.706748"/>
            </vertex>
            <vertex>
                <position y="-0.574254" x="-39.287308" z="-1.000000"/>
                <normal y="0.706687" x="-0.005005" z="-0.707480"/>
            </vertex>
            <vertex>
                <position y="-0.628220" x="-43.987591" z="-1.000000"/>
                <normal y="-0.707755" x="0.001648" z="-0.706442"/>
            </vertex>
            <vertex>
                <position y="-0.599577" x="-43.931671" z="-1.000000"/>
                <normal y="0.706442" x="-0.001831" z="-0.707755"/>
            </vertex>
            <vertex>
                <position y="-0.602003" x="-38.966457" z="-0.515783"/>
                <normal y="-0.999969" x="0.006653" z="-0.000000"/>
            </vertex>
            <vertex>
                <position y="-0.602003" x="-38.966457" z="-0.652584"/>
                <normal y="-0.999969" x="0.006653" z="-0.000000"/>
            </vertex>
            <vertex>
                <position y="-0.628220" x="-43.987591" z="-0.515783"/>
                <normal y="-0.999969" x="0.002350" z="-0.000000"/>
            </vertex>
            <vertex>
                <position y="-0.628220" x="-43.987591" z="-0.652584"/>
                <normal y="-0.999969" x="0.002350" z="-0.000000"/>
            </vertex>
            <vertex>
                <position y="-0.574254" x="-39.287308" z="-0.652584"/>
                <normal y="0.999969" x="-0.007080" z="-0.000000"/>
            </vertex>
            <vertex>
                <position y="-0.574254" x="-39.287308" z="-0.515783"/>
                <normal y="0.999969" x="-0.007080" z="-0.000000"/>
            </vertex>
            <vertex>
                <position y="-0.599577" x="-43.931671" z="-0.652584"/>
                <normal y="0.999969" x="-0.002564" z="-0.000000"/>
            </vertex>
            <vertex>
                <position y="-0.599577" x="-43.931671" z="-0.515783"/>
                <normal y="0.999969" x="-0.002564" z="-0.000000"/>
            </vertex>
            <vertex>
                <position y="-0.602003" x="-38.966457" z="-0.373066"/>
                <normal y="-0.999969" x="0.006653" z="-0.000000"/>
            </vertex>
            <vertex>
                <position y="-0.628220" x="-43.987591" z="-0.373066"/>
                <normal y="-0.999969" x="0.002350" z="-0.000000"/>
            </vertex>
            <vertex>
                <position y="-0.574254" x="-39.287308" z="-0.373066"/>
                <normal y="0.999969" x="-0.007080" z="-0.000000"/>
            </vertex>
            <vertex>
                <position y="-0.599577" x="-43.931671" z="-0.373066"/>
                <normal y="0.999969" x="-0.002564" z="-0.000000"/>
            </vertex>
            <vertex>
                <position y="-0.602003" x="-38.966457" z="-0.826292"/>
                <normal y="-0.999969" x="0.006653" z="-0.000000"/>
            </vertex>
            <vertex>
                <position y="-0.628220" x="-43.987591" z="-0.826292"/>
                <normal y="-0.999969" x="0.002350" z="-0.000000"/>
            </vertex>
            <vertex>
                <position y="-0.599577" x="-43.931671" z="-0.826292"/>
                <normal y="0.999969" x="-0.002564" z="-0.000000"/>
            </vertex>
            <vertex>
                <position y="-0.574254" x="-39.287308" z="-0.826292"/>
                <normal y="0.999969" x="-0.007080" z="-0.000000"/>
            </vertex>
            <vertex>
                <position y="-0.625392" x="-49.437241" z="1.000000"/>
                <normal y="-0.707572" x="-0.001892" z="0.706595"/>
            </vertex>
            <vertex>
                <position y="-0.598274" x="-48.791222" z="1.000000"/>
                <normal y="0.706565" x="0.001801" z="0.707602"/>
            </vertex>
            <vertex>
                <position y="-0.625392" x="-49.437241" z="-1.000000"/>
                <normal y="-0.707572" x="-0.001892" z="-0.706595"/>
            </vertex>
            <vertex>
                <position y="-0.598274" x="-48.791222" z="-1.000000"/>
                <normal y="0.706565" x="0.001801" z="-0.707602"/>
            </vertex>
            <vertex>
                <position y="-0.625392" x="-49.437241" z="-0.515783"/>
                <normal y="-0.999969" x="-0.002686" z="-0.000000"/>
            </vertex>
            <vertex>
                <position y="-0.625392" x="-49.437241" z="-0.652584"/>
                <normal y="-0.999969" x="-0.002686" z="-0.000000"/>
            </vertex>
            <vertex>
                <position y="-0.598274" x="-48.791222" z="-0.652584"/>
                <normal y="0.999969" x="0.002564" z="-0.000000"/>
            </vertex>
            <vertex>
                <position y="-0.598274" x="-48.791222" z="-0.515783"/>
                <normal y="0.999969" x="0.002564" z="-0.000000"/>
            </vertex>
            <vertex>
                <position y="-0.625392" x="-49.437241" z="-0.373066"/>
                <normal y="-0.999969" x="-0.002686" z="-0.000000"/>
            </vertex>
            <vertex>
                <position y="-0.598274" x="-48.791222" z="-0.373066"/>
                <normal y="0.999969" x="0.002564" z="-0.000000"/>
            </vertex>
            <vertex>
                <position y="-0.625392" x="-49.437241" z="-0.826292"/>
                <normal y="-0.999969" x="-0.002686" z="-0.000000"/>
            </vertex>
            <vertex>
                <position y="-0.598274" x="-48.791222" z="-0.826292"/>
                <normal y="0.999969" x="0.002564" z="-0.000000"/>
            </vertex>
        </vertexbuffer>
    </sharedgeometry>
    <submeshes>
        <submesh usesharedvertices="true" material="Material.000" use32bitindexes="False">
            <faces count="40">
                <face v1="46" v2="62" v3="63"/>
                <face v1="46" v2="63" v3="47"/>
                <face v1="62" v2="64" v3="65"/>
                <face v1="62" v2="65" v3="63"/>
                <face v1="63" v2="78" v3="74"/>
                <face v1="63" v2="74" v3="47"/>
                <face v1="78" v2="54" v3="31"/>
                <face v1="78" v2="31" v3="74"/>
                <face v1="65" v2="79" v3="78"/>
                <face v1="65" v2="78" v3="63"/>
                <face v1="79" v2="56" v3="54"/>
                <face v1="79" v2="54" v3="78"/>
                <face v1="62" v2="122" v3="123"/>
                <face v1="62" v2="123" v3="64"/>
                <face v1="122" v2="59" v3="58"/>
                <face v1="122" v2="58" v3="123"/>
                <face v1="46" v2="118" v3="122"/>
                <face v1="46" v2="122" v3="62"/>
                <face v1="118" v2="34" v3="59"/>
                <face v1="118" v2="59" v3="122"/>
                <face v1="64" v2="134" v3="135"/>
                <face v1="64" v2="135" v3="65"/>
                <face v1="134" v2="45" v3="44"/>
                <face v1="134" v2="44" v3="135"/>
                <face v1="79" v2="136" v3="131"/>
                <face v1="79" v2="131" v3="56"/>
                <face v1="136" v2="71" v3="73"/>
                <face v1="136" v2="73" v3="131"/>
                <face v1="65" v2="135" v3="136"/>
                <face v1="65" v2="136" v3="79"/>
                <face v1="135" v2="44" v3="71"/>
                <face v1="135" v2="71" v3="136"/>
                <face v1="123" v2="137" v3="134"/>
                <face v1="123" v2="134" v3="64"/>
                <face v1="137" v2="116" v3="45"/>
                <face v1="137" v2="45" v3="134"/>
                <face v1="58" v2="132" v3="137"/>
                <face v1="58" v2="137" v3="123"/>
                <face v1="132" v2="117" v3="116"/>
                <face v1="132" v2="116" v3="137"/>
            </faces>
        </submesh>
        <submesh usesharedvertices="true" material="Material.002" use32bitindexes="False">
            <faces count="340">
                <face v1="0" v2="1" v3="2"/>
                <face v1="0" v2="2" v3="3"/>
                <face v1="1" v2="4" v3="5"/>
                <face v1="1" v2="5" v3="2"/>
                <face v1="1" v2="0" v3="6"/>
                <face v1="1" v2="6" v3="7"/>
                <face v1="4" v2="1" v3="7"/>
                <face v1="4" v2="7" v3="8"/>
                <face v1="0" v2="3" v3="9"/>
                <face v1="0" v2="9" v3="10"/>
                <face v1="6" v2="0" v3="10"/>
                <face v1="6" v2="10" v3="11"/>
                <face v1="12" v2="13" v3="14"/>
                <face v1="12" v2="14" v3="15"/>
                <face v1="13" v2="11" v3="10"/>
                <face v1="13" v2="10" v3="14"/>
                <face v1="15" v2="14" v3="16"/>
                <face v1="15" v2="16" v3="17"/>
                <face v1="14" v2="10" v3="9"/>
                <face v1="14" v2="9" v3="16"/>
                <face v1="5" v2="18" v3="19"/>
                <face v1="5" v2="19" v3="2"/>
                <face v1="18" v2="20" v3="21"/>
                <face v1="18" v2="21" v3="19"/>
                <face v1="2" v2="19" v3="22"/>
                <face v1="2" v2="22" v3="3"/>
                <face v1="19" v2="21" v3="23"/>
                <face v1="19" v2="23" v3="22"/>
                <face v1="3" v2="22" v3="24"/>
                <face v1="3" v2="24" v3="9"/>
                <face v1="22" v2="23" v3="25"/>
                <face v1="22" v2="25" v3="24"/>
                <face v1="26" v2="17" v3="16"/>
                <face v1="26" v2="16" v3="27"/>
                <face v1="28" v2="26" v3="27"/>
                <face v1="28" v2="27" v3="29"/>
                <face v1="27" v2="16" v3="9"/>
                <face v1="27" v2="9" v3="24"/>
                <face v1="29" v2="27" v3="24"/>
                <face v1="29" v2="24" v3="25"/>
                <face v1="30" v2="31" v3="32"/>
                <face v1="30" v2="32" v3="33"/>
                <face v1="34" v2="35" v3="36"/>
                <face v1="34" v2="36" v3="37"/>
                <face v1="38" v2="39" v3="40"/>
                <face v1="38" v2="40" v3="41"/>
                <face v1="42" v2="43" v3="44"/>
                <face v1="42" v2="44" v3="45"/>
                <face v1="46" v2="47" v3="48"/>
                <face v1="46" v2="48" v3="49"/>
                <face v1="50" v2="51" v3="52"/>
                <face v1="50" v2="52" v3="53"/>
                <face v1="31" v2="54" v3="55"/>
                <face v1="31" v2="55" v3="32"/>
                <face v1="54" v2="56" v3="57"/>
                <face v1="54" v2="57" v3="55"/>
                <face v1="58" v2="59" v3="60"/>
                <face v1="58" v2="60" v3="61"/>
                <face v1="59" v2="34" v3="37"/>
                <face v1="59" v2="37" v3="60"/>
                <face v1="39" v2="66" v3="67"/>
                <face v1="39" v2="67" v3="40"/>
                <face v1="66" v2="68" v3="69"/>
                <face v1="66" v2="69" v3="67"/>
                <face v1="43" v2="70" v3="71"/>
                <face v1="43" v2="71" v3="44"/>
                <face v1="70" v2="72" v3="73"/>
                <face v1="70" v2="73" v3="71"/>
                <face v1="47" v2="74" v3="75"/>
                <face v1="47" v2="75" v3="48"/>
                <face v1="74" v2="31" v3="30"/>
                <face v1="74" v2="30" v3="75"/>
                <face v1="32" v2="76" v3="77"/>
                <face v1="32" v2="77" v3="33"/>
                <face v1="76" v2="50" v3="53"/>
                <face v1="76" v2="53" v3="77"/>
                <face v1="80" v2="81" v3="82"/>
                <face v1="80" v2="82" v3="83"/>
                <face v1="81" v2="84" v3="85"/>
                <face v1="81" v2="85" v3="82"/>
                <face v1="86" v2="87" v3="88"/>
                <face v1="86" v2="88" v3="89"/>
                <face v1="87" v2="90" v3="91"/>
                <face v1="87" v2="91" v3="88"/>
                <face v1="92" v2="93" v3="94"/>
                <face v1="92" v2="94" v3="95"/>
                <face v1="93" v2="96" v3="97"/>
                <face v1="93" v2="97" v3="94"/>
                <face v1="98" v2="99" v3="100"/>
                <face v1="98" v2="100" v3="101"/>
                <face v1="99" v2="102" v3="103"/>
                <face v1="99" v2="103" v3="100"/>
                <face v1="104" v2="105" v3="93"/>
                <face v1="104" v2="93" v3="92"/>
                <face v1="105" v2="106" v3="96"/>
                <face v1="105" v2="96" v3="93"/>
                <face v1="84" v2="81" v3="105"/>
                <face v1="84" v2="105" v3="104"/>
                <face v1="81" v2="80" v3="106"/>
                <face v1="81" v2="106" v3="105"/>
                <face v1="107" v2="108" v3="82"/>
                <face v1="107" v2="82" v3="85"/>
                <face v1="108" v2="109" v3="83"/>
                <face v1="108" v2="83" v3="82"/>
                <face v1="101" v2="100" v3="108"/>
                <face v1="101" v2="108" v3="107"/>
                <face v1="100" v2="103" v3="109"/>
                <face v1="100" v2="109" v3="108"/>
                <face v1="110" v2="111" v3="112"/>
                <face v1="110" v2="112" v3="113"/>
                <face v1="111" v2="38" v3="41"/>
                <face v1="111" v2="41" v3="112"/>
                <face v1="114" v2="115" v3="116"/>
                <face v1="114" v2="116" v3="117"/>
                <face v1="115" v2="42" v3="45"/>
                <face v1="115" v2="45" v3="116"/>
                <face v1="34" v2="118" v3="119"/>
                <face v1="34" v2="119" v3="35"/>
                <face v1="118" v2="46" v3="49"/>
                <face v1="118" v2="49" v3="119"/>
                <face v1="51" v2="120" v3="121"/>
                <face v1="51" v2="121" v3="52"/>
                <face v1="120" v2="37" v3="36"/>
                <face v1="120" v2="36" v3="121"/>
                <face v1="94" v2="124" v3="125"/>
                <face v1="94" v2="125" v3="95"/>
                <face v1="124" v2="87" v3="86"/>
                <face v1="124" v2="86" v3="125"/>
                <face v1="97" v2="126" v3="124"/>
                <face v1="97" v2="124" v3="94"/>
                <face v1="126" v2="90" v3="87"/>
                <face v1="126" v2="87" v3="124"/>
                <face v1="88" v2="127" v3="128"/>
                <face v1="88" v2="128" v3="89"/>
                <face v1="127" v2="99" v3="98"/>
                <face v1="127" v2="98" v3="128"/>
                <face v1="91" v2="129" v3="127"/>
                <face v1="91" v2="127" v3="88"/>
                <face v1="129" v2="102" v3="99"/>
                <face v1="129" v2="99" v3="127"/>
                <face v1="130" v2="57" v3="56"/>
                <face v1="130" v2="56" v3="131"/>
                <face v1="72" v2="130" v3="131"/>
                <face v1="72" v2="131" v3="73"/>
                <face v1="117" v2="132" v3="133"/>
                <face v1="117" v2="133" v3="114"/>
                <face v1="132" v2="58" v3="61"/>
                <face v1="132" v2="61" v3="133"/>
                <face v1="138" v2="139" v3="140"/>
                <face v1="138" v2="140" v3="141"/>
                <face v1="139" v2="30" v3="33"/>
                <face v1="139" v2="33" v3="140"/>
                <face v1="35" v2="142" v3="143"/>
                <face v1="35" v2="143" v3="36"/>
                <face v1="142" v2="144" v3="145"/>
                <face v1="142" v2="145" v3="143"/>
                <face v1="48" v2="146" v3="147"/>
                <face v1="48" v2="147" v3="49"/>
                <face v1="146" v2="148" v3="149"/>
                <face v1="146" v2="149" v3="147"/>
                <face v1="52" v2="150" v3="151"/>
                <face v1="52" v2="151" v3="53"/>
                <face v1="150" v2="152" v3="153"/>
                <face v1="150" v2="153" v3="151"/>
                <face v1="75" v2="154" v3="146"/>
                <face v1="75" v2="146" v3="48"/>
                <face v1="154" v2="155" v3="148"/>
                <face v1="154" v2="148" v3="146"/>
                <face v1="30" v2="139" v3="154"/>
                <face v1="30" v2="154" v3="75"/>
                <face v1="139" v2="138" v3="155"/>
                <face v1="139" v2="155" v3="154"/>
                <face v1="77" v2="156" v3="140"/>
                <face v1="77" v2="140" v3="33"/>
                <face v1="156" v2="157" v3="141"/>
                <face v1="156" v2="141" v3="140"/>
                <face v1="53" v2="151" v3="156"/>
                <face v1="53" v2="156" v3="77"/>
                <face v1="151" v2="153" v3="157"/>
                <face v1="151" v2="157" v3="156"/>
                <face v1="119" v2="158" v3="142"/>
                <face v1="119" v2="142" v3="35"/>
                <face v1="158" v2="159" v3="144"/>
                <face v1="158" v2="144" v3="142"/>
                <face v1="49" v2="147" v3="158"/>
                <face v1="49" v2="158" v3="119"/>
                <face v1="147" v2="149" v3="159"/>
                <face v1="147" v2="159" v3="158"/>
                <face v1="121" v2="160" v3="150"/>
                <face v1="121" v2="150" v3="52"/>
                <face v1="160" v2="161" v3="152"/>
                <face v1="160" v2="152" v3="150"/>
                <face v1="36" v2="143" v3="160"/>
                <face v1="36" v2="160" v3="121"/>
                <face v1="143" v2="145" v3="161"/>
                <face v1="143" v2="161" v3="160"/>
                <face v1="84" v2="162" v3="163"/>
                <face v1="84" v2="163" v3="85"/>
                <face v1="162" v2="138" v3="141"/>
                <face v1="162" v2="141" v3="163"/>
                <face v1="144" v2="164" v3="165"/>
                <face v1="144" v2="165" v3="145"/>
                <face v1="164" v2="86" v3="89"/>
                <face v1="164" v2="89" v3="165"/>
                <face v1="148" v2="166" v3="167"/>
                <face v1="148" v2="167" v3="149"/>
                <face v1="166" v2="92" v3="95"/>
                <face v1="166" v2="95" v3="167"/>
                <face v1="152" v2="168" v3="169"/>
                <face v1="152" v2="169" v3="153"/>
                <face v1="168" v2="98" v3="101"/>
                <face v1="168" v2="101" v3="169"/>
                <face v1="155" v2="170" v3="166"/>
                <face v1="155" v2="166" v3="148"/>
                <face v1="170" v2="104" v3="92"/>
                <face v1="170" v2="92" v3="166"/>
                <face v1="138" v2="162" v3="170"/>
                <face v1="138" v2="170" v3="155"/>
                <face v1="162" v2="84" v3="104"/>
                <face v1="162" v2="104" v3="170"/>
                <face v1="157" v2="171" v3="163"/>
                <face v1="157" v2="163" v3="141"/>
                <face v1="171" v2="107" v3="85"/>
                <face v1="171" v2="85" v3="163"/>
                <face v1="153" v2="169" v3="171"/>
                <face v1="153" v2="171" v3="157"/>
                <face v1="169" v2="101" v3="107"/>
                <face v1="169" v2="107" v3="171"/>
                <face v1="159" v2="172" v3="164"/>
                <face v1="159" v2="164" v3="144"/>
                <face v1="172" v2="125" v3="86"/>
                <face v1="172" v2="86" v3="164"/>
                <face v1="149" v2="167" v3="172"/>
                <face v1="149" v2="172" v3="159"/>
                <face v1="167" v2="95" v3="125"/>
                <face v1="167" v2="125" v3="172"/>
                <face v1="161" v2="173" v3="168"/>
                <face v1="161" v2="168" v3="152"/>
                <face v1="173" v2="128" v3="98"/>
                <face v1="173" v2="98" v3="168"/>
                <face v1="145" v2="165" v3="173"/>
                <face v1="145" v2="173" v3="161"/>
                <face v1="165" v2="89" v3="128"/>
                <face v1="165" v2="128" v3="173"/>
                <face v1="174" v2="175" v3="176"/>
                <face v1="174" v2="176" v3="177"/>
                <face v1="175" v2="80" v3="83"/>
                <face v1="175" v2="83" v3="176"/>
                <face v1="90" v2="178" v3="179"/>
                <face v1="90" v2="179" v3="91"/>
                <face v1="178" v2="180" v3="181"/>
                <face v1="178" v2="181" v3="179"/>
                <face v1="96" v2="182" v3="183"/>
                <face v1="96" v2="183" v3="97"/>
                <face v1="182" v2="184" v3="185"/>
                <face v1="182" v2="185" v3="183"/>
                <face v1="102" v2="186" v3="187"/>
                <face v1="102" v2="187" v3="103"/>
                <face v1="186" v2="188" v3="189"/>
                <face v1="186" v2="189" v3="187"/>
                <face v1="106" v2="190" v3="182"/>
                <face v1="106" v2="182" v3="96"/>
                <face v1="190" v2="191" v3="184"/>
                <face v1="190" v2="184" v3="182"/>
                <face v1="80" v2="175" v3="190"/>
                <face v1="80" v2="190" v3="106"/>
                <face v1="175" v2="174" v3="191"/>
                <face v1="175" v2="191" v3="190"/>
                <face v1="109" v2="192" v3="176"/>
                <face v1="109" v2="176" v3="83"/>
                <face v1="192" v2="193" v3="177"/>
                <face v1="192" v2="177" v3="176"/>
                <face v1="103" v2="187" v3="192"/>
                <face v1="103" v2="192" v3="109"/>
                <face v1="187" v2="189" v3="193"/>
                <face v1="187" v2="193" v3="192"/>
                <face v1="126" v2="194" v3="178"/>
                <face v1="126" v2="178" v3="90"/>
                <face v1="194" v2="195" v3="180"/>
                <face v1="194" v2="180" v3="178"/>
                <face v1="97" v2="183" v3="194"/>
                <face v1="97" v2="194" v3="126"/>
                <face v1="183" v2="185" v3="195"/>
                <face v1="183" v2="195" v3="194"/>
                <face v1="196" v2="197" v3="179"/>
                <face v1="196" v2="179" v3="181"/>
                <face v1="197" v2="129" v3="91"/>
                <face v1="197" v2="91" v3="179"/>
                <face v1="188" v2="186" v3="197"/>
                <face v1="188" v2="197" v3="196"/>
                <face v1="186" v2="102" v3="129"/>
                <face v1="186" v2="129" v3="197"/>
                <face v1="68" v2="198" v3="199"/>
                <face v1="68" v2="199" v3="69"/>
                <face v1="198" v2="174" v3="177"/>
                <face v1="198" v2="177" v3="199"/>
                <face v1="180" v2="200" v3="201"/>
                <face v1="180" v2="201" v3="181"/>
                <face v1="200" v2="110" v3="113"/>
                <face v1="200" v2="113" v3="201"/>
                <face v1="184" v2="202" v3="203"/>
                <face v1="184" v2="203" v3="185"/>
                <face v1="202" v2="39" v3="38"/>
                <face v1="202" v2="38" v3="203"/>
                <face v1="188" v2="204" v3="205"/>
                <face v1="188" v2="205" v3="189"/>
                <face v1="204" v2="41" v3="40"/>
                <face v1="204" v2="40" v3="205"/>
                <face v1="191" v2="206" v3="202"/>
                <face v1="191" v2="202" v3="184"/>
                <face v1="206" v2="66" v3="39"/>
                <face v1="206" v2="39" v3="202"/>
                <face v1="174" v2="198" v3="206"/>
                <face v1="174" v2="206" v3="191"/>
                <face v1="198" v2="68" v3="66"/>
                <face v1="198" v2="66" v3="206"/>
                <face v1="193" v2="207" v3="199"/>
                <face v1="193" v2="199" v3="177"/>
                <face v1="207" v2="67" v3="69"/>
                <face v1="207" v2="69" v3="199"/>
                <face v1="189" v2="205" v3="207"/>
                <face v1="189" v2="207" v3="193"/>
                <face v1="205" v2="40" v3="67"/>
                <face v1="205" v2="67" v3="207"/>
                <face v1="195" v2="208" v3="200"/>
                <face v1="195" v2="200" v3="180"/>
                <face v1="208" v2="111" v3="110"/>
                <face v1="208" v2="110" v3="200"/>
                <face v1="185" v2="203" v3="208"/>
                <face v1="185" v2="208" v3="195"/>
                <face v1="203" v2="38" v3="111"/>
                <face v1="203" v2="111" v3="208"/>
                <face v1="112" v2="209" v3="201"/>
                <face v1="112" v2="201" v3="113"/>
                <face v1="209" v2="196" v3="181"/>
                <face v1="209" v2="181" v3="201"/>
                <face v1="41" v2="204" v3="209"/>
                <face v1="41" v2="209" v3="112"/>
                <face v1="204" v2="188" v3="196"/>
                <face v1="204" v2="196" v3="209"/>
            </faces>
        </submesh>
    </submeshes>
    <submeshnames>
        <submesh index="0" name="Material.000">
        </submesh>
        <submesh index="1" name="Material.002">
        </submesh>
    </submeshnames>
</mesh>