<?xml version="1.0" encoding="UTF-8"?>
<mesh>
    <sharedgeometry vertexcount="420">
        <vertexbuffer texture_coords="0" positions="true" colours_diffuse="False" normals="true">
            <vertex>
                <position y="0.243823" x="0.205397" z="-1.000000"/>
                <normal y="-0.654561" x="0.707358" z="0.266762"/>
            </vertex>
            <vertex>
                <position y="2.236731" x="0.205397" z="-0.999999"/>
                <normal y="0.648366" x="0.712546" z="0.268014"/>
            </vertex>
            <vertex>
                <position y="2.236731" x="0.205396" z="0.467392"/>
                <normal y="0.460555" x="0.768120" z="0.444746"/>
            </vertex>
            <vertex>
                <position y="0.243823" x="0.205397" z="0.467392"/>
                <normal y="-0.464034" x="0.765313" z="0.446028"/>
            </vertex>
            <vertex>
                <position y="0.243823" x="-0.337721" z="0.467392"/>
                <normal y="-0.466536" x="-0.761895" z="0.449232"/>
            </vertex>
            <vertex>
                <position y="2.236731" x="-0.337721" z="0.467391"/>
                <normal y="0.461684" x="-0.765709" z="0.447768"/>
            </vertex>
            <vertex>
                <position y="2.236731" x="-0.337721" z="-1.000000"/>
                <normal y="0.653462" x="-0.703848" z="0.278451"/>
            </vertex>
            <vertex>
                <position y="0.243823" x="-0.337721" z="-1.000000"/>
                <normal y="-0.661550" x="-0.696585" z="0.277627"/>
            </vertex>
            <vertex>
                <position y="0.243823" x="0.161753" z="0.467392"/>
                <normal y="-0.466750" x="-0.761620" z="0.449477"/>
            </vertex>
            <vertex>
                <position y="2.236731" x="0.162149" z="0.467392"/>
                <normal y="0.454482" x="-0.768212" z="0.450850"/>
            </vertex>
            <vertex>
                <position y="2.203183" x="0.162149" z="0.418136"/>
                <normal y="0.195135" x="-0.942991" z="0.269601"/>
            </vertex>
            <vertex>
                <position y="0.284733" x="0.159344" z="0.418135"/>
                <normal y="-0.223701" x="-0.936644" z="0.269478"/>
            </vertex>
            <vertex>
                <position y="0.284733" x="-0.291668" z="0.418135"/>
                <normal y="-0.211737" x="0.938810" z="0.271584"/>
            </vertex>
            <vertex>
                <position y="2.202679" x="-0.291519" z="0.417815"/>
                <normal y="0.250221" x="0.929991" z="0.269234"/>
            </vertex>
            <vertex>
                <position y="2.236731" x="-0.294473" z="0.467391"/>
                <normal y="0.470687" x="0.758293" z="0.450972"/>
            </vertex>
            <vertex>
                <position y="0.243823" x="-0.291668" z="0.467392"/>
                <normal y="-0.464949" x="0.759728" z="0.454512"/>
            </vertex>
            <vertex>
                <position y="2.236731" x="0.162149" z="-1.024057"/>
                <normal y="0.493637" x="-0.788598" z="-0.366619"/>
            </vertex>
            <vertex>
                <position y="2.202679" x="0.165103" z="-1.024377"/>
                <normal y="0.802423" x="-0.535051" z="-0.264199"/>
            </vertex>
            <vertex>
                <position y="2.202679" x="-0.291519" z="-1.024378"/>
                <normal y="0.838954" x="0.492874" z="-0.230628"/>
            </vertex>
            <vertex>
                <position y="2.236731" x="-0.294473" z="-1.024058"/>
                <normal y="0.547655" x="0.752708" z="-0.365337"/>
            </vertex>
            <vertex>
                <position y="0.243823" x="-0.291668" z="-1.024058"/>
                <normal y="-0.519211" x="0.772393" z="-0.365764"/>
            </vertex>
            <vertex>
                <position y="0.284733" x="-0.291668" z="-1.024058"/>
                <normal y="-0.817438" x="0.520310" z="-0.246986"/>
            </vertex>
            <vertex>
                <position y="0.284733" x="0.159344" z="-1.024058"/>
                <normal y="-0.820490" x="-0.516556" z="-0.244789"/>
            </vertex>
            <vertex>
                <position y="0.243823" x="0.159344" z="-1.024058"/>
                <normal y="-0.524796" x="-0.770196" z="-0.362407"/>
            </vertex>
            <vertex>
                <position y="2.245151" x="-0.316097" z="0.476741"/>
                <normal y="0.699088" x="-0.000153" z="0.715018"/>
            </vertex>
            <vertex>
                <position y="2.245151" x="-0.316097" z="-1.012029"/>
                <normal y="0.996246" x="0.080294" z="-0.031526"/>
            </vertex>
            <vertex>
                <position y="2.245151" x="0.183773" z="-1.012028"/>
                <normal y="0.996399" x="-0.078738" z="-0.031159"/>
            </vertex>
            <vertex>
                <position y="2.245151" x="0.183773" z="0.476742"/>
                <normal y="0.700522" x="0.000000" z="0.713614"/>
            </vertex>
            <vertex>
                <position y="0.235403" x="-0.314694" z="-1.012029"/>
                <normal y="-0.996612" x="0.075442" z="-0.031953"/>
            </vertex>
            <vertex>
                <position y="0.235403" x="-0.314694" z="0.476741"/>
                <normal y="-0.702536" x="0.000153" z="0.711600"/>
            </vertex>
            <vertex>
                <position y="0.235403" x="0.183575" z="0.476741"/>
                <normal y="-0.702200" x="0.000061" z="0.711936"/>
            </vertex>
            <vertex>
                <position y="0.235403" x="0.182370" z="-1.012029"/>
                <normal y="-0.996643" x="-0.075472" z="-0.031495"/>
            </vertex>
            <vertex>
                <position y="0.284733" x="0.159344" z="0.418135"/>
                <normal y="-1.000000" x="0.000000" z="0.000000"/>
            </vertex>
            <vertex>
                <position y="0.284733" x="0.084175" z="0.388387"/>
                <normal y="-1.000000" x="0.000000" z="0.000000"/>
            </vertex>
            <vertex>
                <position y="0.284733" x="0.084175" z="-1.018984"/>
                <normal y="-1.000000" x="0.000000" z="0.000000"/>
            </vertex>
            <vertex>
                <position y="0.284733" x="0.159344" z="-1.024058"/>
                <normal y="-1.000000" x="0.000000" z="0.000000"/>
            </vertex>
            <vertex>
                <position y="0.284733" x="0.009007" z="0.372549"/>
                <normal y="-1.000000" x="0.000000" z="0.000000"/>
            </vertex>
            <vertex>
                <position y="0.284733" x="0.009007" z="-1.000000"/>
                <normal y="-1.000000" x="0.000000" z="0.000000"/>
            </vertex>
            <vertex>
                <position y="2.203183" x="0.009941" z="0.372549"/>
                <normal y="1.000000" x="-0.000007" z="-0.000363"/>
            </vertex>
            <vertex>
                <position y="2.203183" x="0.086045" z="0.388388"/>
                <normal y="1.000000" x="-0.000007" z="-0.000363"/>
            </vertex>
            <vertex>
                <position y="2.202679" x="0.089000" z="-1.019303"/>
                <normal y="1.000000" x="-0.000007" z="-0.000363"/>
            </vertex>
            <vertex>
                <position y="2.202679" x="0.012896" z="-1.000319"/>
                <normal y="1.000000" x="-0.000007" z="-0.000363"/>
            </vertex>
            <vertex>
                <position y="2.203183" x="0.086045" z="0.388388"/>
                <normal y="1.000000" x="0.000057" z="-0.000354"/>
            </vertex>
            <vertex>
                <position y="2.203183" x="0.162149" z="0.418136"/>
                <normal y="1.000000" x="0.000057" z="-0.000354"/>
            </vertex>
            <vertex>
                <position y="2.202679" x="0.165103" z="-1.024377"/>
                <normal y="1.000000" x="0.000057" z="-0.000354"/>
            </vertex>
            <vertex>
                <position y="2.202679" x="0.089000" z="-1.019303"/>
                <normal y="1.000000" x="0.000057" z="-0.000354"/>
            </vertex>
            <vertex>
                <position y="2.203183" x="0.086045" z="0.388388"/>
                <normal y="0.726646" x="-0.196905" z="0.658162"/>
            </vertex>
            <vertex>
                <position y="0.284733" x="0.084175" z="0.388387"/>
                <normal y="-0.726493" x="-0.196814" z="0.658345"/>
            </vertex>
            <vertex>
                <position y="2.203183" x="0.009941" z="0.372549"/>
                <normal y="0.720206" x="-0.104282" z="0.685842"/>
            </vertex>
            <vertex>
                <position y="0.284733" x="0.009007" z="0.372549"/>
                <normal y="-0.720237" x="-0.103641" z="0.685903"/>
            </vertex>
            <vertex>
                <position y="0.243823" x="0.172482" z="-1.234678"/>
                <normal y="-0.550676" x="0.451277" z="-0.702170"/>
            </vertex>
            <vertex>
                <position y="0.243823" x="0.095589" z="-1.268946"/>
                <normal y="-0.551500" x="0.252388" z="-0.795038"/>
            </vertex>
            <vertex>
                <position y="2.236731" x="0.095589" z="-1.262950"/>
                <normal y="0.550890" x="0.250984" z="-0.795923"/>
            </vertex>
            <vertex>
                <position y="2.236731" x="0.172482" z="-1.229852"/>
                <normal y="0.547533" x="0.449446" z="-0.705802"/>
            </vertex>
            <vertex>
                <position y="0.243823" x="0.014713" z="-1.284784"/>
                <normal y="-0.553178" x="0.118259" z="-0.824610"/>
            </vertex>
            <vertex>
                <position y="2.236731" x="0.014713" z="-1.278789"/>
                <normal y="0.552416" x="0.118229" z="-0.825098"/>
            </vertex>
            <vertex>
                <position y="2.236731" x="0.140653" z="-1.197711"/>
                <normal y="0.616260" x="-0.381787" z="0.688772"/>
            </vertex>
            <vertex>
                <position y="2.236731" x="0.069227" z="-1.223020"/>
                <normal y="0.576952" x="-0.236122" z="0.781884"/>
            </vertex>
            <vertex>
                <position y="2.202679" x="0.072181" z="-1.223340"/>
                <normal y="0.690207" x="-0.218665" z="0.689749"/>
            </vertex>
            <vertex>
                <position y="2.202679" x="0.139876" z="-1.193592"/>
                <normal y="0.700674" x="-0.350078" z="0.621632"/>
            </vertex>
            <vertex>
                <position y="2.236731" x="0.001533" z="-1.238858"/>
                <normal y="0.560533" x="-0.131535" z="0.817591"/>
            </vertex>
            <vertex>
                <position y="2.202679" x="0.004487" z="-1.239178"/>
                <normal y="0.684378" x="-0.122959" z="0.718650"/>
            </vertex>
            <vertex>
                <position y="0.243823" x="0.000678" z="-1.244028"/>
                <normal y="-0.573626" x="-0.133549" z="0.808130"/>
            </vertex>
            <vertex>
                <position y="0.243823" x="0.067517" z="-1.228190"/>
                <normal y="-0.592334" x="-0.239723" z="0.769189"/>
            </vertex>
            <vertex>
                <position y="0.284733" x="0.067517" z="-1.228190"/>
                <normal y="-0.697562" x="-0.218116" z="0.682485"/>
            </vertex>
            <vertex>
                <position y="0.284733" x="0.000678" z="-1.244028"/>
                <normal y="-0.692862" x="-0.120670" z="0.710868"/>
            </vertex>
            <vertex>
                <position y="0.243823" x="0.138588" z="-1.201872"/>
                <normal y="-0.635731" x="-0.394330" z="0.663564"/>
            </vertex>
            <vertex>
                <position y="0.284733" x="0.134357" z="-1.198442"/>
                <normal y="-0.706809" x="-0.358409" z="0.609821"/>
            </vertex>
            <vertex>
                <position y="2.245151" x="0.008123" z="-1.258823"/>
                <normal y="0.999847" x="-0.002533" z="-0.016053"/>
            </vertex>
            <vertex>
                <position y="2.245151" x="0.082408" z="-1.242985"/>
                <normal y="0.999786" x="0.001312" z="-0.019166"/>
            </vertex>
            <vertex>
                <position y="2.245151" x="0.156568" z="-1.213782"/>
                <normal y="0.999298" x="0.014069" z="-0.034242"/>
            </vertex>
            <vertex>
                <position y="0.235403" x="0.155535" z="-1.218275"/>
                <normal y="-0.999268" x="0.014374" z="-0.035066"/>
            </vertex>
            <vertex>
                <position y="0.235403" x="0.081553" z="-1.248568"/>
                <normal y="-0.999786" x="0.001068" z="-0.020569"/>
            </vertex>
            <vertex>
                <position y="0.235403" x="0.007695" z="-1.264406"/>
                <normal y="-0.999847" x="-0.002777" z="-0.016114"/>
            </vertex>
            <vertex>
                <position y="0.284733" x="0.009007" z="0.372549"/>
                <normal y="-1.000000" x="0.000000" z="0.000000"/>
            </vertex>
            <vertex>
                <position y="0.284733" x="-0.066162" z="0.365597"/>
                <normal y="-1.000000" x="0.000000" z="0.000000"/>
            </vertex>
            <vertex>
                <position y="0.284733" x="-0.066162" z="-1.006952"/>
                <normal y="-1.000000" x="0.000000" z="0.000000"/>
            </vertex>
            <vertex>
                <position y="0.284733" x="0.009007" z="-1.000000"/>
                <normal y="-1.000000" x="0.000000" z="0.000000"/>
            </vertex>
            <vertex>
                <position y="0.284733" x="-0.066162" z="0.365597"/>
                <normal y="-1.000000" x="0.000000" z="0.000000"/>
            </vertex>
            <vertex>
                <position y="0.284733" x="-0.141331" z="0.372549"/>
                <normal y="-1.000000" x="0.000000" z="0.000000"/>
            </vertex>
            <vertex>
                <position y="0.284733" x="-0.141331" z="-1.000000"/>
                <normal y="-1.000000" x="0.000000" z="0.000000"/>
            </vertex>
            <vertex>
                <position y="0.284733" x="-0.066162" z="-1.006952"/>
                <normal y="-1.000000" x="0.000000" z="0.000000"/>
            </vertex>
            <vertex>
                <position y="2.202679" x="-0.139312" z="0.372229"/>
                <normal y="0.999999" x="-0.001680" z="-0.000093"/>
            </vertex>
            <vertex>
                <position y="2.202931" x="-0.064685" z="0.365437"/>
                <normal y="0.999999" x="-0.001680" z="-0.000093"/>
            </vertex>
            <vertex>
                <position y="2.202679" x="-0.063208" z="-1.007271"/>
                <normal y="0.999999" x="-0.001680" z="-0.000093"/>
            </vertex>
            <vertex>
                <position y="2.202679" x="-0.139312" z="-1.000319"/>
                <normal y="0.999999" x="-0.001680" z="-0.000093"/>
            </vertex>
            <vertex>
                <position y="2.202931" x="-0.064685" z="0.365437"/>
                <normal y="0.999999" x="-0.001646" z="-0.000278"/>
            </vertex>
            <vertex>
                <position y="2.203183" x="0.009941" z="0.372549"/>
                <normal y="0.999999" x="-0.001646" z="-0.000278"/>
            </vertex>
            <vertex>
                <position y="2.202679" x="0.012896" z="-1.000319"/>
                <normal y="0.999999" x="-0.001646" z="-0.000278"/>
            </vertex>
            <vertex>
                <position y="2.202679" x="-0.063208" z="-1.007271"/>
                <normal y="0.999999" x="-0.001646" z="-0.000278"/>
            </vertex>
            <vertex>
                <position y="2.202931" x="-0.064685" z="0.365437"/>
                <normal y="0.728660" x="-0.002075" z="0.684835"/>
            </vertex>
            <vertex>
                <position y="0.284733" x="-0.066162" z="0.365597"/>
                <normal y="-0.728416" x="-0.000671" z="0.685110"/>
            </vertex>
            <vertex>
                <position y="2.202679" x="-0.139312" z="0.372229"/>
                <normal y="0.719901" x="0.102390" z="0.686453"/>
            </vertex>
            <vertex>
                <position y="0.284733" x="-0.141331" z="0.372549"/>
                <normal y="-0.720298" x="0.102939" z="0.685934"/>
            </vertex>
            <vertex>
                <position y="0.243823" x="-0.066162" z="-1.291736"/>
                <normal y="-0.543260" x="0.000000" z="-0.839534"/>
            </vertex>
            <vertex>
                <position y="2.236731" x="-0.066162" z="-1.285740"/>
                <normal y="0.542802" x="0.000000" z="-0.839839"/>
            </vertex>
            <vertex>
                <position y="0.243823" x="-0.147037" z="-1.284784"/>
                <normal y="-0.553178" x="-0.118259" z="-0.824610"/>
            </vertex>
            <vertex>
                <position y="2.236731" x="-0.147037" z="-1.278789"/>
                <normal y="0.552416" x="-0.118229" z="-0.825098"/>
            </vertex>
            <vertex>
                <position y="2.236731" x="-0.066162" z="-1.245810"/>
                <normal y="0.568926" x="0.003265" z="0.822352"/>
            </vertex>
            <vertex>
                <position y="2.202679" x="-0.063208" z="-1.246130"/>
                <normal y="0.681204" x="-0.004089" z="0.732047"/>
            </vertex>
            <vertex>
                <position y="2.236731" x="-0.133856" z="-1.238858"/>
                <normal y="0.572344" x="0.134281" z="0.808924"/>
            </vertex>
            <vertex>
                <position y="2.202679" x="-0.130902" z="-1.239178"/>
                <normal y="0.694754" x="0.116398" z="0.709738"/>
            </vertex>
            <vertex>
                <position y="0.243823" x="-0.133001" z="-1.244028"/>
                <normal y="-0.573626" x="0.133518" z="0.808130"/>
            </vertex>
            <vertex>
                <position y="0.243823" x="-0.066162" z="-1.250980"/>
                <normal y="-0.576067" x="0.000000" z="0.817377"/>
            </vertex>
            <vertex>
                <position y="0.284733" x="-0.066162" z="-1.250980"/>
                <normal y="-0.684530" x="0.000000" z="0.728965"/>
            </vertex>
            <vertex>
                <position y="0.284733" x="-0.133001" z="-1.244028"/>
                <normal y="-0.692862" x="0.120670" z="0.710868"/>
            </vertex>
            <vertex>
                <position y="2.245151" x="-0.140447" z="-1.258824"/>
                <normal y="0.999847" x="0.002533" z="-0.016083"/>
            </vertex>
            <vertex>
                <position y="2.245151" x="-0.066162" z="-1.265775"/>
                <normal y="0.999725" x="0.000000" z="-0.022980"/>
            </vertex>
            <vertex>
                <position y="0.235403" x="-0.066162" z="-1.271358"/>
                <normal y="-0.999725" x="0.000000" z="-0.022706"/>
            </vertex>
            <vertex>
                <position y="0.235403" x="-0.140019" z="-1.264406"/>
                <normal y="-0.999847" x="0.002777" z="-0.016114"/>
            </vertex>
            <vertex>
                <position y="0.284733" x="-0.141331" z="0.372549"/>
                <normal y="-1.000000" x="0.000000" z="0.000000"/>
            </vertex>
            <vertex>
                <position y="0.284733" x="-0.216499" z="0.388387"/>
                <normal y="-1.000000" x="0.000000" z="0.000000"/>
            </vertex>
            <vertex>
                <position y="0.284733" x="-0.216499" z="-1.018984"/>
                <normal y="-1.000000" x="0.000000" z="0.000000"/>
            </vertex>
            <vertex>
                <position y="0.284733" x="-0.141331" z="-1.000000"/>
                <normal y="-1.000000" x="0.000000" z="0.000000"/>
            </vertex>
            <vertex>
                <position y="0.284733" x="-0.216499" z="0.388387"/>
                <normal y="-1.000000" x="0.000000" z="0.000000"/>
            </vertex>
            <vertex>
                <position y="0.284733" x="-0.291668" z="0.418135"/>
                <normal y="-1.000000" x="0.000000" z="0.000000"/>
            </vertex>
            <vertex>
                <position y="0.284733" x="-0.291668" z="-1.024058"/>
                <normal y="-1.000000" x="0.000000" z="0.000000"/>
            </vertex>
            <vertex>
                <position y="0.284733" x="-0.216499" z="-1.018984"/>
                <normal y="-1.000000" x="0.000000" z="0.000000"/>
            </vertex>
            <vertex>
                <position y="2.202679" x="-0.291519" z="0.417815"/>
                <normal y="1.000000" x="0.000000" z="-0.000000"/>
            </vertex>
            <vertex>
                <position y="2.202679" x="-0.215415" z="0.388067"/>
                <normal y="1.000000" x="0.000000" z="-0.000000"/>
            </vertex>
            <vertex>
                <position y="2.202679" x="-0.215415" z="-1.019303"/>
                <normal y="1.000000" x="0.000000" z="-0.000000"/>
            </vertex>
            <vertex>
                <position y="2.202679" x="-0.291519" z="-1.024378"/>
                <normal y="1.000000" x="0.000000" z="-0.000000"/>
            </vertex>
            <vertex>
                <position y="2.202679" x="-0.139312" z="0.372229"/>
                <normal y="1.000000" x="0.000000" z="-0.000000"/>
            </vertex>
            <vertex>
                <position y="2.202679" x="-0.139312" z="-1.000319"/>
                <normal y="1.000000" x="0.000000" z="-0.000000"/>
            </vertex>
            <vertex>
                <position y="2.202679" x="-0.215415" z="0.388067"/>
                <normal y="0.726432" x="0.196844" z="0.658406"/>
            </vertex>
            <vertex>
                <position y="0.284733" x="-0.216499" z="0.388387"/>
                <normal y="-0.726585" x="0.196844" z="0.658223"/>
            </vertex>
            <vertex>
                <position y="0.243823" x="-0.227913" z="-1.268946"/>
                <normal y="-0.558031" x="-0.239174" z="-0.794580"/>
            </vertex>
            <vertex>
                <position y="2.236731" x="-0.227913" z="-1.262951"/>
                <normal y="0.557085" x="-0.238533" z="-0.795434"/>
            </vertex>
            <vertex>
                <position y="0.243823" x="-0.306859" z="-1.237009"/>
                <normal y="-0.550890" x="-0.457350" z="-0.698050"/>
            </vertex>
            <vertex>
                <position y="2.236731" x="-0.306859" z="-1.231580"/>
                <normal y="0.549364" x="-0.455245" z="-0.700644"/>
            </vertex>
            <vertex>
                <position y="2.236731" x="-0.201551" z="-1.223021"/>
                <normal y="0.598041" x="0.243080" z="0.763695"/>
            </vertex>
            <vertex>
                <position y="2.202679" x="-0.198597" z="-1.223340"/>
                <normal y="0.700125" x="0.216651" z="0.680319"/>
            </vertex>
            <vertex>
                <position y="2.236731" x="-0.271053" z="-1.195423"/>
                <normal y="0.630207" x="0.378216" z="0.678030"/>
            </vertex>
            <vertex>
                <position y="2.202679" x="-0.266291" z="-1.193592"/>
                <normal y="0.714866" x="0.333567" z="0.614521"/>
            </vertex>
            <vertex>
                <position y="0.243823" x="-0.268730" z="-1.200104"/>
                <normal y="-0.621815" x="0.395642" z="0.675863"/>
            </vertex>
            <vertex>
                <position y="0.243823" x="-0.199841" z="-1.228190"/>
                <normal y="-0.592639" x="0.245369" z="0.767144"/>
            </vertex>
            <vertex>
                <position y="0.284733" x="-0.199841" z="-1.228190"/>
                <normal y="-0.692007" x="0.225501" z="0.685720"/>
            </vertex>
            <vertex>
                <position y="0.284733" x="-0.266680" z="-1.198442"/>
                <normal y="-0.695090" x="0.362133" z="0.621021"/>
            </vertex>
            <vertex>
                <position y="2.245151" x="-0.288956" z="-1.213501"/>
                <normal y="0.999420" x="-0.013977" z="-0.030335"/>
            </vertex>
            <vertex>
                <position y="2.245151" x="-0.214732" z="-1.242986"/>
                <normal y="0.999725" x="0.000763" z="-0.022462"/>
            </vertex>
            <vertex>
                <position y="0.235403" x="-0.213877" z="-1.248568"/>
                <normal y="-0.999725" x="0.001038" z="-0.023225"/>
            </vertex>
            <vertex>
                <position y="0.235403" x="-0.287795" z="-1.218556"/>
                <normal y="-0.999359" x="-0.014435" z="-0.032472"/>
            </vertex>
            <vertex>
                <position y="2.236731" x="-0.383426" z="-1.137581"/>
                <normal y="0.555773" x="-0.774651" z="-0.301584"/>
            </vertex>
            <vertex>
                <position y="2.236731" x="-0.355910" z="-1.185392"/>
                <normal y="0.551286" x="-0.659810" z="-0.510575"/>
            </vertex>
            <vertex>
                <position y="0.243823" x="-0.355910" z="-1.188390"/>
                <normal y="-0.558061" x="-0.659413" z="-0.503708"/>
            </vertex>
            <vertex>
                <position y="0.243823" x="-0.383426" z="-1.137581"/>
                <normal y="-0.565477" x="-0.769189" z="-0.297555"/>
            </vertex>
            <vertex>
                <position y="0.243823" x="0.249677" z="-1.140394"/>
                <normal y="-0.564165" x="0.769707" z="-0.298685"/>
            </vertex>
            <vertex>
                <position y="0.243823" x="0.222799" z="-1.189796"/>
                <normal y="-0.551469" x="0.650349" z="-0.522385"/>
            </vertex>
            <vertex>
                <position y="2.236731" x="0.222799" z="-1.186798"/>
                <normal y="0.545335" x="0.650410" z="-0.528703"/>
            </vertex>
            <vertex>
                <position y="2.236731" x="0.249677" z="-1.140393"/>
                <normal y="0.554308" x="0.775170" z="-0.302927"/>
            </vertex>
            <vertex>
                <position y="2.236731" x="-0.309397" z="-1.166833"/>
                <normal y="0.618427" x="0.530503" z="0.579699"/>
            </vertex>
            <vertex>
                <position y="2.202679" x="-0.306340" z="-1.167153"/>
                <normal y="0.705802" x="0.467330" z="0.532365"/>
            </vertex>
            <vertex>
                <position y="2.236731" x="-0.333083" z="-1.140394"/>
                <normal y="0.650838" x="0.675039" z="0.347423"/>
            </vertex>
            <vertex>
                <position y="2.202679" x="-0.330129" z="-1.140713"/>
                <normal y="0.679922" x="0.651631" z="0.336192"/>
            </vertex>
            <vertex>
                <position y="2.236731" x="0.200759" z="-1.140393"/>
                <normal y="0.590686" x="-0.714866" z="0.374157"/>
            </vertex>
            <vertex>
                <position y="2.236731" x="0.177024" z="-1.166833"/>
                <normal y="0.571978" x="-0.559404" z="0.599872"/>
            </vertex>
            <vertex>
                <position y="2.202679" x="0.180081" z="-1.167152"/>
                <normal y="0.670003" x="-0.503403" z="0.545579"/>
            </vertex>
            <vertex>
                <position y="2.202679" x="0.203713" z="-1.140713"/>
                <normal y="0.622211" x="-0.700278" z="0.349925"/>
            </vertex>
            <vertex>
                <position y="0.243823" x="-0.329910" z="-1.140394"/>
                <normal y="-0.627857" x="0.700095" z="0.340007"/>
            </vertex>
            <vertex>
                <position y="0.243823" x="-0.306428" z="-1.169418"/>
                <normal y="-0.605884" x="0.561022" z="0.564013"/>
            </vertex>
            <vertex>
                <position y="0.284733" x="-0.306428" z="-1.169418"/>
                <normal y="-0.684744" x="0.509232" z="0.521287"/>
            </vertex>
            <vertex>
                <position y="0.284733" x="-0.329910" z="-1.140394"/>
                <normal y="-0.657643" x="0.680929" z="0.322214"/>
            </vertex>
            <vertex>
                <position y="0.243823" x="0.174054" z="-1.169418"/>
                <normal y="-0.603717" x="-0.569933" z="0.557329"/>
            </vertex>
            <vertex>
                <position y="0.284733" x="0.174054" z="-1.169418"/>
                <normal y="-0.691122" x="-0.512192" z="0.509873"/>
            </vertex>
            <vertex>
                <position y="0.243823" x="0.197586" z="-1.140394"/>
                <normal y="-0.628132" x="-0.700461" z="0.338725"/>
            </vertex>
            <vertex>
                <position y="0.284733" x="0.197586" z="-1.140394"/>
                <normal y="-0.657430" x="-0.681051" z="0.322306"/>
            </vertex>
            <vertex>
                <position y="2.245151" x="0.199911" z="-1.176815"/>
                <normal y="0.999695" x="0.017457" z="-0.015961"/>
            </vertex>
            <vertex>
                <position y="2.245151" x="0.225218" z="-1.140393"/>
                <normal y="0.999023" x="0.035432" z="-0.025941"/>
            </vertex>
            <vertex>
                <position y="2.245151" x="-0.358255" z="-1.138987"/>
                <normal y="0.998993" x="-0.034974" z="-0.027833"/>
            </vertex>
            <vertex>
                <position y="2.245151" x="-0.332654" z="-1.176113"/>
                <normal y="0.999786" x="-0.017640" z="-0.010315"/>
            </vertex>
            <vertex>
                <position y="0.235403" x="0.223631" z="-1.140394"/>
                <normal y="-0.999268" x="0.030946" z="-0.021577"/>
            </vertex>
            <vertex>
                <position y="0.235403" x="0.198426" z="-1.179607"/>
                <normal y="-0.999664" x="0.017640" z="-0.017335"/>
            </vertex>
            <vertex>
                <position y="0.235403" x="-0.331169" z="-1.178904"/>
                <normal y="-0.999756" x="-0.017579" z="-0.011475"/>
            </vertex>
            <vertex>
                <position y="0.235403" x="-0.356668" z="-1.138988"/>
                <normal y="-0.999237" x="-0.030580" z="-0.023133"/>
            </vertex>
            <vertex>
                <position y="0.284733" x="0.109670" z="-1.147349"/>
                <normal y="-1.000000" x="-0.000000" z="0.000001"/>
            </vertex>
            <vertex>
                <position y="0.284733" x="0.093974" z="-1.187769"/>
                <normal y="-1.000000" x="-0.000000" z="0.000001"/>
            </vertex>
            <vertex>
                <position y="0.284733" x="0.174054" z="-1.169418"/>
                <normal y="-1.000000" x="-0.000000" z="0.000001"/>
            </vertex>
            <vertex>
                <position y="0.284733" x="0.197586" z="-1.140394"/>
                <normal y="-1.000000" x="-0.000000" z="0.000001"/>
            </vertex>
            <vertex>
                <position y="0.284733" x="0.093974" z="-1.187769"/>
                <normal y="-1.000000" x="0.000000" z="-0.000001"/>
            </vertex>
            <vertex>
                <position y="0.284733" x="0.067517" z="-1.228190"/>
                <normal y="-1.000000" x="0.000000" z="-0.000001"/>
            </vertex>
            <vertex>
                <position y="0.284733" x="0.134357" z="-1.198442"/>
                <normal y="-1.000000" x="0.000000" z="-0.000001"/>
            </vertex>
            <vertex>
                <position y="0.284733" x="0.174054" z="-1.169418"/>
                <normal y="-1.000000" x="0.000000" z="-0.000001"/>
            </vertex>
            <vertex>
                <position y="0.284733" x="0.021754" z="-1.140394"/>
                <normal y="-1.000000" x="0.000000" z="0.000001"/>
            </vertex>
            <vertex>
                <position y="0.284733" x="0.013893" z="-1.192211"/>
                <normal y="-1.000000" x="0.000000" z="0.000001"/>
            </vertex>
            <vertex>
                <position y="0.284733" x="0.093974" z="-1.187769"/>
                <normal y="-1.000000" x="0.000000" z="0.000001"/>
            </vertex>
            <vertex>
                <position y="0.284733" x="0.109670" z="-1.147349"/>
                <normal y="-1.000000" x="0.000000" z="0.000001"/>
            </vertex>
            <vertex>
                <position y="0.284733" x="0.013893" z="-1.192211"/>
                <normal y="-1.000000" x="0.000000" z="-0.000001"/>
            </vertex>
            <vertex>
                <position y="0.284733" x="0.000678" z="-1.244028"/>
                <normal y="-1.000000" x="0.000000" z="-0.000001"/>
            </vertex>
            <vertex>
                <position y="0.284733" x="0.067517" z="-1.228190"/>
                <normal y="-1.000000" x="0.000000" z="-0.000001"/>
            </vertex>
            <vertex>
                <position y="0.284733" x="0.093974" z="-1.187769"/>
                <normal y="-1.000000" x="0.000000" z="-0.000001"/>
            </vertex>
            <vertex>
                <position y="2.202679" x="0.114740" z="-1.147668"/>
                <normal y="1.000000" x="-0.000000" z="-0.000000"/>
            </vertex>
            <vertex>
                <position y="2.202679" x="0.099011" z="-1.185504"/>
                <normal y="1.000000" x="-0.000000" z="-0.000000"/>
            </vertex>
            <vertex>
                <position y="2.202679" x="0.017941" z="-1.189946"/>
                <normal y="1.000000" x="-0.000000" z="-0.000000"/>
            </vertex>
            <vertex>
                <position y="2.202679" x="0.025766" z="-1.140713"/>
                <normal y="1.000000" x="-0.000000" z="-0.000000"/>
            </vertex>
            <vertex>
                <position y="2.202679" x="0.072181" z="-1.223340"/>
                <normal y="1.000000" x="-0.000000" z="-0.000000"/>
            </vertex>
            <vertex>
                <position y="2.202679" x="0.004487" z="-1.239178"/>
                <normal y="1.000000" x="-0.000000" z="-0.000000"/>
            </vertex>
            <vertex>
                <position y="2.202679" x="0.203713" z="-1.140713"/>
                <normal y="1.000000" x="-0.000000" z="-0.000000"/>
            </vertex>
            <vertex>
                <position y="2.202679" x="0.180081" z="-1.167152"/>
                <normal y="1.000000" x="-0.000000" z="-0.000000"/>
            </vertex>
            <vertex>
                <position y="2.202679" x="0.139876" z="-1.193592"/>
                <normal y="1.000000" x="-0.000000" z="-0.000000"/>
            </vertex>
            <vertex>
                <position y="0.284733" x="-0.066162" z="-1.147346"/>
                <normal y="-1.000000" x="-0.000000" z="0.000001"/>
            </vertex>
            <vertex>
                <position y="0.284733" x="-0.066187" z="-1.199163"/>
                <normal y="-1.000000" x="-0.000000" z="0.000001"/>
            </vertex>
            <vertex>
                <position y="0.284733" x="0.013893" z="-1.192211"/>
                <normal y="-1.000000" x="-0.000000" z="0.000001"/>
            </vertex>
            <vertex>
                <position y="0.284733" x="0.021754" z="-1.140394"/>
                <normal y="-1.000000" x="-0.000000" z="0.000001"/>
            </vertex>
            <vertex>
                <position y="0.284733" x="-0.066187" z="-1.199163"/>
                <normal y="-1.000000" x="0.000000" z="-0.000001"/>
            </vertex>
            <vertex>
                <position y="0.284733" x="-0.066162" z="-1.250980"/>
                <normal y="-1.000000" x="0.000000" z="-0.000001"/>
            </vertex>
            <vertex>
                <position y="0.284733" x="0.000678" z="-1.244028"/>
                <normal y="-1.000000" x="0.000000" z="-0.000001"/>
            </vertex>
            <vertex>
                <position y="0.284733" x="0.013893" z="-1.192211"/>
                <normal y="-1.000000" x="0.000000" z="-0.000001"/>
            </vertex>
            <vertex>
                <position y="0.284733" x="-0.154078" z="-1.140394"/>
                <normal y="-1.000000" x="0.000000" z="0.000001"/>
            </vertex>
            <vertex>
                <position y="0.284733" x="-0.146267" z="-1.192211"/>
                <normal y="-1.000000" x="0.000000" z="0.000001"/>
            </vertex>
            <vertex>
                <position y="0.284733" x="-0.066187" z="-1.199163"/>
                <normal y="-1.000000" x="0.000000" z="0.000001"/>
            </vertex>
            <vertex>
                <position y="0.284733" x="-0.066162" z="-1.147346"/>
                <normal y="-1.000000" x="0.000000" z="0.000001"/>
            </vertex>
            <vertex>
                <position y="0.284733" x="-0.146267" z="-1.192211"/>
                <normal y="-1.000000" x="-0.000000" z="-0.000001"/>
            </vertex>
            <vertex>
                <position y="0.284733" x="-0.133001" z="-1.244028"/>
                <normal y="-1.000000" x="-0.000000" z="-0.000001"/>
            </vertex>
            <vertex>
                <position y="0.284733" x="-0.066162" z="-1.250980"/>
                <normal y="-1.000000" x="-0.000000" z="-0.000001"/>
            </vertex>
            <vertex>
                <position y="0.284733" x="-0.066187" z="-1.199163"/>
                <normal y="-1.000000" x="-0.000000" z="-0.000001"/>
            </vertex>
            <vertex>
                <position y="2.202679" x="-0.063208" z="-1.147665"/>
                <normal y="1.000000" x="-0.000000" z="-0.000000"/>
            </vertex>
            <vertex>
                <position y="2.202679" x="-0.063129" z="-1.196898"/>
                <normal y="1.000000" x="-0.000000" z="-0.000000"/>
            </vertex>
            <vertex>
                <position y="2.202679" x="-0.144200" z="-1.189946"/>
                <normal y="1.000000" x="-0.000000" z="-0.000000"/>
            </vertex>
            <vertex>
                <position y="2.202679" x="-0.152181" z="-1.140713"/>
                <normal y="1.000000" x="-0.000000" z="-0.000000"/>
            </vertex>
            <vertex>
                <position y="2.202679" x="-0.063208" z="-1.246130"/>
                <normal y="1.000000" x="-0.000000" z="-0.000000"/>
            </vertex>
            <vertex>
                <position y="2.202679" x="-0.130902" z="-1.239178"/>
                <normal y="1.000000" x="-0.000000" z="-0.000000"/>
            </vertex>
            <vertex>
                <position y="0.284733" x="-0.241994" z="-1.147349"/>
                <normal y="-1.000000" x="-0.000000" z="0.000001"/>
            </vertex>
            <vertex>
                <position y="0.284733" x="-0.226348" z="-1.187769"/>
                <normal y="-1.000000" x="-0.000000" z="0.000001"/>
            </vertex>
            <vertex>
                <position y="0.284733" x="-0.146267" z="-1.192211"/>
                <normal y="-1.000000" x="-0.000000" z="0.000001"/>
            </vertex>
            <vertex>
                <position y="0.284733" x="-0.154078" z="-1.140394"/>
                <normal y="-1.000000" x="-0.000000" z="0.000001"/>
            </vertex>
            <vertex>
                <position y="0.284733" x="-0.226348" z="-1.187769"/>
                <normal y="-1.000000" x="-0.000000" z="-0.000001"/>
            </vertex>
            <vertex>
                <position y="0.284733" x="-0.199841" z="-1.228190"/>
                <normal y="-1.000000" x="-0.000000" z="-0.000001"/>
            </vertex>
            <vertex>
                <position y="0.284733" x="-0.133001" z="-1.244028"/>
                <normal y="-1.000000" x="-0.000000" z="-0.000001"/>
            </vertex>
            <vertex>
                <position y="0.284733" x="-0.146267" z="-1.192211"/>
                <normal y="-1.000000" x="-0.000000" z="-0.000001"/>
            </vertex>
            <vertex>
                <position y="0.284733" x="-0.329910" z="-1.140394"/>
                <normal y="-1.000000" x="0.000000" z="0.000001"/>
            </vertex>
            <vertex>
                <position y="0.284733" x="-0.306428" z="-1.169418"/>
                <normal y="-1.000000" x="0.000000" z="0.000001"/>
            </vertex>
            <vertex>
                <position y="0.284733" x="-0.226348" z="-1.187769"/>
                <normal y="-1.000000" x="0.000000" z="0.000001"/>
            </vertex>
            <vertex>
                <position y="0.284733" x="-0.241994" z="-1.147349"/>
                <normal y="-1.000000" x="0.000000" z="0.000001"/>
            </vertex>
            <vertex>
                <position y="0.284733" x="-0.306428" z="-1.169418"/>
                <normal y="-1.000000" x="-0.000000" z="-0.000001"/>
            </vertex>
            <vertex>
                <position y="0.284733" x="-0.266680" z="-1.198442"/>
                <normal y="-1.000000" x="-0.000000" z="-0.000001"/>
            </vertex>
            <vertex>
                <position y="0.284733" x="-0.199841" z="-1.228190"/>
                <normal y="-1.000000" x="-0.000000" z="-0.000001"/>
            </vertex>
            <vertex>
                <position y="0.284733" x="-0.226348" z="-1.187769"/>
                <normal y="-1.000000" x="-0.000000" z="-0.000001"/>
            </vertex>
            <vertex>
                <position y="2.202679" x="-0.241155" z="-1.147668"/>
                <normal y="1.000000" x="-0.000000" z="-0.000000"/>
            </vertex>
            <vertex>
                <position y="2.202679" x="-0.225270" z="-1.185504"/>
                <normal y="1.000000" x="-0.000000" z="-0.000000"/>
            </vertex>
            <vertex>
                <position y="2.202679" x="-0.306340" z="-1.167153"/>
                <normal y="1.000000" x="-0.000000" z="-0.000000"/>
            </vertex>
            <vertex>
                <position y="2.202679" x="-0.330129" z="-1.140713"/>
                <normal y="1.000000" x="-0.000000" z="-0.000000"/>
            </vertex>
            <vertex>
                <position y="2.202679" x="-0.198597" z="-1.223340"/>
                <normal y="1.000000" x="-0.000000" z="-0.000000"/>
            </vertex>
            <vertex>
                <position y="2.202679" x="-0.266291" z="-1.193592"/>
                <normal y="1.000000" x="-0.000000" z="-0.000000"/>
            </vertex>
            <vertex>
                <position y="0.243823" x="0.249677" z="-1.064646"/>
                <normal y="-0.567766" x="0.776543" z="0.273080"/>
            </vertex>
            <vertex>
                <position y="0.243823" x="0.259006" z="-1.102520"/>
                <normal y="-0.550707" x="0.834681" z="-0.000000"/>
            </vertex>
            <vertex>
                <position y="2.236731" x="0.259006" z="-1.102519"/>
                <normal y="0.543870" x="0.839137" z="-0.000000"/>
            </vertex>
            <vertex>
                <position y="2.236731" x="0.249677" z="-1.064646"/>
                <normal y="0.560381" x="0.781304" z="0.274728"/>
            </vertex>
            <vertex>
                <position y="2.236731" x="-0.383426" z="-1.061833"/>
                <normal y="0.562395" x="-0.775018" z="0.288125"/>
            </vertex>
            <vertex>
                <position y="2.236731" x="-0.392835" z="-1.099707"/>
                <normal y="0.546800" x="-0.837245" z="0.001129"/>
            </vertex>
            <vertex>
                <position y="0.243823" x="-0.392835" z="-1.099707"/>
                <normal y="-0.553240" x="-0.833003" z="0.001007"/>
            </vertex>
            <vertex>
                <position y="0.243823" x="-0.383426" z="-1.061834"/>
                <normal y="-0.569201" x="-0.770653" z="0.286477"/>
            </vertex>
            <vertex>
                <position y="2.236731" x="0.200759" z="-1.064646"/>
                <normal y="0.578326" x="-0.749413" z="-0.322275"/>
            </vertex>
            <vertex>
                <position y="2.236731" x="0.208641" z="-1.102519"/>
                <normal y="0.586383" x="-0.810022" z="-0.000732"/>
            </vertex>
            <vertex>
                <position y="2.202679" x="0.211682" z="-1.102839"/>
                <normal y="0.630573" x="-0.776086" z="0.000916"/>
            </vertex>
            <vertex>
                <position y="2.202679" x="0.203713" z="-1.064965"/>
                <normal y="0.638203" x="-0.711600" z="-0.293649"/>
            </vertex>
            <vertex>
                <position y="2.236731" x="-0.341002" z="-1.102520"/>
                <normal y="0.658284" x="0.752739" z="0.001099"/>
            </vertex>
            <vertex>
                <position y="2.202679" x="-0.337960" z="-1.102840"/>
                <normal y="0.696249" x="0.717765" z="0.000855"/>
            </vertex>
            <vertex>
                <position y="2.236731" x="-0.333083" z="-1.064646"/>
                <normal y="0.647389" x="0.701682" z="-0.297433"/>
            </vertex>
            <vertex>
                <position y="2.202679" x="-0.330129" z="-1.064966"/>
                <normal y="0.697165" x="0.660451" z="-0.278756"/>
            </vertex>
            <vertex>
                <position y="0.243823" x="-0.329910" z="-1.064647"/>
                <normal y="-0.622700" x="0.720695" z="-0.304636"/>
            </vertex>
            <vertex>
                <position y="0.243823" x="-0.337735" z="-1.102520"/>
                <normal y="-0.632557" x="0.774468" z="0.001587"/>
            </vertex>
            <vertex>
                <position y="0.284733" x="-0.337735" z="-1.102520"/>
                <normal y="-0.664266" x="0.747459" z="-0.000000"/>
            </vertex>
            <vertex>
                <position y="0.284733" x="-0.329910" z="-1.064647"/>
                <normal y="-0.667074" x="0.688131" z="-0.285409"/>
            </vertex>
            <vertex>
                <position y="0.243823" x="0.205373" z="-1.102520"/>
                <normal y="-0.629017" x="-0.777367" z="-0.000000"/>
            </vertex>
            <vertex>
                <position y="0.284733" x="0.205373" z="-1.102520"/>
                <normal y="-0.664449" x="-0.747307" z="-0.000000"/>
            </vertex>
            <vertex>
                <position y="0.243823" x="0.197586" z="-1.064646"/>
                <normal y="-0.617634" x="-0.724540" z="-0.305795"/>
            </vertex>
            <vertex>
                <position y="0.284733" x="0.197586" z="-1.064646"/>
                <normal y="-0.666860" x="-0.688284" z="-0.285562"/>
            </vertex>
            <vertex>
                <position y="2.245151" x="-0.358255" z="-1.063240"/>
                <normal y="0.999451" x="-0.027833" z="0.017945"/>
            </vertex>
            <vertex>
                <position y="2.245151" x="-0.366919" z="-1.101114"/>
                <normal y="0.998962" x="-0.044832" z="-0.002655"/>
            </vertex>
            <vertex>
                <position y="2.245151" x="0.233823" z="-1.102519"/>
                <normal y="0.998932" x="0.045595" z="-0.000000"/>
            </vertex>
            <vertex>
                <position y="2.245151" x="0.225218" z="-1.064646"/>
                <normal y="0.999481" x="0.027161" z="0.016480"/>
            </vertex>
            <vertex>
                <position y="0.235403" x="0.223631" z="-1.064646"/>
                <normal y="-0.999512" x="0.025758" z="0.015839"/>
            </vertex>
            <vertex>
                <position y="0.235403" x="0.232190" z="-1.102520"/>
                <normal y="-0.999054" x="0.042848" z="-0.000000"/>
            </vertex>
            <vertex>
                <position y="0.235403" x="-0.365285" z="-1.101114"/>
                <normal y="-0.999084" x="-0.042207" z="-0.002350"/>
            </vertex>
            <vertex>
                <position y="0.235403" x="-0.356668" z="-1.063240"/>
                <normal y="-0.999481" x="-0.026429" z="0.017304"/>
            </vertex>
            <vertex>
                <position y="0.284733" x="0.109670" z="-1.071601"/>
                <normal y="-1.000000" x="-0.000000" z="0.000001"/>
            </vertex>
            <vertex>
                <position y="0.284733" x="0.114855" z="-1.109475"/>
                <normal y="-1.000000" x="-0.000000" z="0.000001"/>
            </vertex>
            <vertex>
                <position y="0.284733" x="0.205373" z="-1.102520"/>
                <normal y="-1.000000" x="-0.000000" z="0.000001"/>
            </vertex>
            <vertex>
                <position y="0.284733" x="0.197586" z="-1.064646"/>
                <normal y="-1.000000" x="-0.000000" z="0.000001"/>
            </vertex>
            <vertex>
                <position y="0.284733" x="0.114855" z="-1.109475"/>
                <normal y="-1.000000" x="0.000000" z="-0.000001"/>
            </vertex>
            <vertex>
                <position y="0.284733" x="0.109670" z="-1.147349"/>
                <normal y="-1.000000" x="0.000000" z="-0.000001"/>
            </vertex>
            <vertex>
                <position y="0.284733" x="0.197586" z="-1.140394"/>
                <normal y="-1.000000" x="0.000000" z="-0.000001"/>
            </vertex>
            <vertex>
                <position y="0.284733" x="0.205373" z="-1.102520"/>
                <normal y="-1.000000" x="0.000000" z="-0.000001"/>
            </vertex>
            <vertex>
                <position y="0.284733" x="0.021754" z="-1.064646"/>
                <normal y="-1.000000" x="0.000000" z="0.000001"/>
            </vertex>
            <vertex>
                <position y="0.284733" x="0.024337" z="-1.102520"/>
                <normal y="-1.000000" x="0.000000" z="0.000001"/>
            </vertex>
            <vertex>
                <position y="0.284733" x="0.114855" z="-1.109475"/>
                <normal y="-1.000000" x="0.000000" z="0.000001"/>
            </vertex>
            <vertex>
                <position y="0.284733" x="0.109670" z="-1.071601"/>
                <normal y="-1.000000" x="0.000000" z="0.000001"/>
            </vertex>
            <vertex>
                <position y="0.284733" x="0.024337" z="-1.102520"/>
                <normal y="-1.000000" x="-0.000000" z="-0.000001"/>
            </vertex>
            <vertex>
                <position y="0.284733" x="0.021754" z="-1.140394"/>
                <normal y="-1.000000" x="-0.000000" z="-0.000001"/>
            </vertex>
            <vertex>
                <position y="0.284733" x="0.109670" z="-1.147349"/>
                <normal y="-1.000000" x="-0.000000" z="-0.000001"/>
            </vertex>
            <vertex>
                <position y="0.284733" x="0.114855" z="-1.109475"/>
                <normal y="-1.000000" x="-0.000000" z="-0.000001"/>
            </vertex>
            <vertex>
                <position y="2.202679" x="0.114740" z="-1.071920"/>
                <normal y="1.000000" x="-0.000000" z="-0.000000"/>
            </vertex>
            <vertex>
                <position y="2.202679" x="0.120075" z="-1.109794"/>
                <normal y="1.000000" x="-0.000000" z="-0.000000"/>
            </vertex>
            <vertex>
                <position y="2.202679" x="0.028468" z="-1.102839"/>
                <normal y="1.000000" x="-0.000000" z="-0.000000"/>
            </vertex>
            <vertex>
                <position y="2.202679" x="0.025766" z="-1.064966"/>
                <normal y="1.000000" x="-0.000000" z="-0.000000"/>
            </vertex>
            <vertex>
                <position y="2.202679" x="0.120075" z="-1.109794"/>
                <normal y="1.000000" x="-0.000000" z="-0.000000"/>
            </vertex>
            <vertex>
                <position y="2.202679" x="0.114740" z="-1.147668"/>
                <normal y="1.000000" x="-0.000000" z="-0.000000"/>
            </vertex>
            <vertex>
                <position y="2.202679" x="0.025766" z="-1.140713"/>
                <normal y="1.000000" x="-0.000000" z="-0.000000"/>
            </vertex>
            <vertex>
                <position y="2.202679" x="0.028468" z="-1.102839"/>
                <normal y="1.000000" x="-0.000000" z="-0.000000"/>
            </vertex>
            <vertex>
                <position y="2.202679" x="0.203713" z="-1.064965"/>
                <normal y="1.000000" x="-0.000000" z="-0.000000"/>
            </vertex>
            <vertex>
                <position y="2.202679" x="0.211682" z="-1.102839"/>
                <normal y="1.000000" x="-0.000000" z="-0.000000"/>
            </vertex>
            <vertex>
                <position y="0.284733" x="-0.066162" z="-1.071598"/>
                <normal y="-1.000000" x="-0.000000" z="0.000001"/>
            </vertex>
            <vertex>
                <position y="0.284733" x="-0.066181" z="-1.109472"/>
                <normal y="-1.000000" x="-0.000000" z="0.000001"/>
            </vertex>
            <vertex>
                <position y="0.284733" x="0.024337" z="-1.102520"/>
                <normal y="-1.000000" x="-0.000000" z="0.000001"/>
            </vertex>
            <vertex>
                <position y="0.284733" x="0.021754" z="-1.064646"/>
                <normal y="-1.000000" x="-0.000000" z="0.000001"/>
            </vertex>
            <vertex>
                <position y="0.284733" x="-0.066181" z="-1.109472"/>
                <normal y="-1.000000" x="0.000000" z="-0.000001"/>
            </vertex>
            <vertex>
                <position y="0.284733" x="-0.066162" z="-1.147346"/>
                <normal y="-1.000000" x="0.000000" z="-0.000001"/>
            </vertex>
            <vertex>
                <position y="0.284733" x="0.021754" z="-1.140394"/>
                <normal y="-1.000000" x="0.000000" z="-0.000001"/>
            </vertex>
            <vertex>
                <position y="0.284733" x="0.024337" z="-1.102520"/>
                <normal y="-1.000000" x="0.000000" z="-0.000001"/>
            </vertex>
            <vertex>
                <position y="0.284733" x="-0.154078" z="-1.064646"/>
                <normal y="-1.000000" x="0.000000" z="0.000001"/>
            </vertex>
            <vertex>
                <position y="0.284733" x="-0.156699" z="-1.102520"/>
                <normal y="-1.000000" x="0.000000" z="0.000001"/>
            </vertex>
            <vertex>
                <position y="0.284733" x="-0.066181" z="-1.109472"/>
                <normal y="-1.000000" x="0.000000" z="0.000001"/>
            </vertex>
            <vertex>
                <position y="0.284733" x="-0.066162" z="-1.071598"/>
                <normal y="-1.000000" x="0.000000" z="0.000001"/>
            </vertex>
            <vertex>
                <position y="0.284733" x="-0.156699" z="-1.102520"/>
                <normal y="-1.000000" x="-0.000000" z="-0.000001"/>
            </vertex>
            <vertex>
                <position y="0.284733" x="-0.154078" z="-1.140394"/>
                <normal y="-1.000000" x="-0.000000" z="-0.000001"/>
            </vertex>
            <vertex>
                <position y="0.284733" x="-0.066162" z="-1.147346"/>
                <normal y="-1.000000" x="-0.000000" z="-0.000001"/>
            </vertex>
            <vertex>
                <position y="0.284733" x="-0.066181" z="-1.109472"/>
                <normal y="-1.000000" x="-0.000000" z="-0.000001"/>
            </vertex>
            <vertex>
                <position y="2.202679" x="-0.063208" z="-1.071918"/>
                <normal y="1.000000" x="-0.000000" z="-0.000000"/>
            </vertex>
            <vertex>
                <position y="2.202679" x="-0.063139" z="-1.109791"/>
                <normal y="1.000000" x="-0.000000" z="-0.000000"/>
            </vertex>
            <vertex>
                <position y="2.202679" x="-0.154746" z="-1.102839"/>
                <normal y="1.000000" x="-0.000000" z="-0.000000"/>
            </vertex>
            <vertex>
                <position y="2.202679" x="-0.152181" z="-1.064966"/>
                <normal y="1.000000" x="-0.000000" z="-0.000000"/>
            </vertex>
            <vertex>
                <position y="0.284733" x="-0.241994" z="-1.071601"/>
                <normal y="-1.000000" x="-0.000000" z="0.000001"/>
            </vertex>
            <vertex>
                <position y="0.284733" x="-0.247217" z="-1.109475"/>
                <normal y="-1.000000" x="-0.000000" z="0.000001"/>
            </vertex>
            <vertex>
                <position y="0.284733" x="-0.156699" z="-1.102520"/>
                <normal y="-1.000000" x="-0.000000" z="0.000001"/>
            </vertex>
            <vertex>
                <position y="0.284733" x="-0.154078" z="-1.064646"/>
                <normal y="-1.000000" x="-0.000000" z="0.000001"/>
            </vertex>
            <vertex>
                <position y="0.284733" x="-0.247217" z="-1.109475"/>
                <normal y="-1.000000" x="0.000000" z="-0.000001"/>
            </vertex>
            <vertex>
                <position y="0.284733" x="-0.241994" z="-1.147349"/>
                <normal y="-1.000000" x="0.000000" z="-0.000001"/>
            </vertex>
            <vertex>
                <position y="0.284733" x="-0.154078" z="-1.140394"/>
                <normal y="-1.000000" x="0.000000" z="-0.000001"/>
            </vertex>
            <vertex>
                <position y="0.284733" x="-0.156699" z="-1.102520"/>
                <normal y="-1.000000" x="0.000000" z="-0.000001"/>
            </vertex>
            <vertex>
                <position y="0.284733" x="-0.329910" z="-1.064647"/>
                <normal y="-1.000000" x="0.000000" z="0.000001"/>
            </vertex>
            <vertex>
                <position y="0.284733" x="-0.337735" z="-1.102520"/>
                <normal y="-1.000000" x="0.000000" z="0.000001"/>
            </vertex>
            <vertex>
                <position y="0.284733" x="-0.247217" z="-1.109475"/>
                <normal y="-1.000000" x="0.000000" z="0.000001"/>
            </vertex>
            <vertex>
                <position y="0.284733" x="-0.241994" z="-1.071601"/>
                <normal y="-1.000000" x="0.000000" z="0.000001"/>
            </vertex>
            <vertex>
                <position y="0.284733" x="-0.337735" z="-1.102520"/>
                <normal y="-1.000000" x="-0.000000" z="-0.000001"/>
            </vertex>
            <vertex>
                <position y="0.284733" x="-0.329910" z="-1.140394"/>
                <normal y="-1.000000" x="-0.000000" z="-0.000001"/>
            </vertex>
            <vertex>
                <position y="0.284733" x="-0.241994" z="-1.147349"/>
                <normal y="-1.000000" x="-0.000000" z="-0.000001"/>
            </vertex>
            <vertex>
                <position y="0.284733" x="-0.247217" z="-1.109475"/>
                <normal y="-1.000000" x="-0.000000" z="-0.000001"/>
            </vertex>
            <vertex>
                <position y="2.202679" x="-0.241155" z="-1.071921"/>
                <normal y="1.000000" x="-0.000000" z="-0.000000"/>
            </vertex>
            <vertex>
                <position y="2.202679" x="-0.246353" z="-1.109794"/>
                <normal y="1.000000" x="-0.000000" z="-0.000000"/>
            </vertex>
            <vertex>
                <position y="2.202679" x="-0.337960" z="-1.102840"/>
                <normal y="1.000000" x="-0.000000" z="-0.000000"/>
            </vertex>
            <vertex>
                <position y="2.202679" x="-0.330129" z="-1.064966"/>
                <normal y="1.000000" x="-0.000000" z="-0.000000"/>
            </vertex>
            <vertex>
                <position y="2.236731" x="-0.367489" z="-1.030917"/>
                <normal y="0.551561" x="-0.679250" z="0.484054"/>
            </vertex>
            <vertex>
                <position y="0.243823" x="-0.367489" z="-1.030917"/>
                <normal y="-0.557817" x="-0.676046" z="0.481399"/>
            </vertex>
            <vertex>
                <position y="0.243823" x="0.234402" z="-1.032323"/>
                <normal y="-0.555589" x="0.693014" z="0.459334"/>
            </vertex>
            <vertex>
                <position y="2.236731" x="0.234402" z="-1.032323"/>
                <normal y="0.548997" x="0.696493" z="0.462020"/>
            </vertex>
            <vertex>
                <position y="2.236731" x="-0.319597" z="-1.044352"/>
                <normal y="0.626057" x="0.577502" z="-0.523942"/>
            </vertex>
            <vertex>
                <position y="2.202679" x="-0.316574" z="-1.044672"/>
                <normal y="0.700491" x="0.524918" z="-0.483444"/>
            </vertex>
            <vertex>
                <position y="2.236731" x="0.187240" z="-1.044351"/>
                <normal y="0.571154" x="-0.605182" z="-0.554521"/>
            </vertex>
            <vertex>
                <position y="2.202679" x="0.190263" z="-1.044671"/>
                <normal y="0.652394" x="-0.563433" z="-0.506821"/>
            </vertex>
            <vertex>
                <position y="0.243823" x="-0.316538" z="-1.044352"/>
                <normal y="-0.604877" x="0.589862" z="-0.534898"/>
            </vertex>
            <vertex>
                <position y="0.284733" x="-0.316538" z="-1.044352"/>
                <normal y="-0.674581" x="0.547868" z="-0.494736"/>
            </vertex>
            <vertex>
                <position y="0.243823" x="0.184180" z="-1.044352"/>
                <normal y="-0.601856" x="-0.593097" z="-0.534745"/>
            </vertex>
            <vertex>
                <position y="0.284733" x="0.184180" z="-1.044352"/>
                <normal y="-0.674764" x="-0.547624" z="-0.494736"/>
            </vertex>
            <vertex>
                <position y="2.245151" x="0.210821" z="-1.038337"/>
                <normal y="0.999573" x="0.023011" z="0.016877"/>
            </vertex>
            <vertex>
                <position y="2.245151" x="-0.343543" z="-1.037634"/>
                <normal y="0.999512" x="-0.022065" z="0.020814"/>
            </vertex>
            <vertex>
                <position y="0.235403" x="0.209291" z="-1.038337"/>
                <normal y="-0.999603" x="0.021790" z="0.016999"/>
            </vertex>
            <vertex>
                <position y="0.235403" x="-0.342013" z="-1.037635"/>
                <normal y="-0.999542" x="-0.020966" z="0.020814"/>
            </vertex>
            <vertex>
                <position y="0.284733" x="0.084175" z="-1.018984"/>
                <normal y="-1.000000" x="0.000000" z="0.000001"/>
            </vertex>
            <vertex>
                <position y="0.284733" x="0.100727" z="-1.045292"/>
                <normal y="-1.000000" x="0.000000" z="0.000001"/>
            </vertex>
            <vertex>
                <position y="0.284733" x="0.184180" z="-1.044352"/>
                <normal y="-1.000000" x="0.000000" z="0.000001"/>
            </vertex>
            <vertex>
                <position y="0.284733" x="0.159344" z="-1.024058"/>
                <normal y="-1.000000" x="0.000000" z="0.000001"/>
            </vertex>
            <vertex>
                <position y="0.284733" x="0.100727" z="-1.045292"/>
                <normal y="-1.000000" x="0.000000" z="-0.000001"/>
            </vertex>
            <vertex>
                <position y="0.284733" x="0.109670" z="-1.071601"/>
                <normal y="-1.000000" x="0.000000" z="-0.000001"/>
            </vertex>
            <vertex>
                <position y="0.284733" x="0.197586" z="-1.064646"/>
                <normal y="-1.000000" x="0.000000" z="-0.000001"/>
            </vertex>
            <vertex>
                <position y="0.284733" x="0.184180" z="-1.044352"/>
                <normal y="-1.000000" x="0.000000" z="-0.000001"/>
            </vertex>
            <vertex>
                <position y="0.284733" x="0.009007" z="-1.000000"/>
                <normal y="-1.000000" x="0.000000" z="0.000001"/>
            </vertex>
            <vertex>
                <position y="0.284733" x="0.017274" z="-1.032323"/>
                <normal y="-1.000000" x="0.000000" z="0.000001"/>
            </vertex>
            <vertex>
                <position y="0.284733" x="0.100727" z="-1.045292"/>
                <normal y="-1.000000" x="0.000000" z="0.000001"/>
            </vertex>
            <vertex>
                <position y="0.284733" x="0.084175" z="-1.018984"/>
                <normal y="-1.000000" x="0.000000" z="0.000001"/>
            </vertex>
            <vertex>
                <position y="0.284733" x="0.017274" z="-1.032323"/>
                <normal y="-1.000000" x="-0.000000" z="-0.000001"/>
            </vertex>
            <vertex>
                <position y="0.284733" x="0.021754" z="-1.064646"/>
                <normal y="-1.000000" x="-0.000000" z="-0.000001"/>
            </vertex>
            <vertex>
                <position y="0.284733" x="0.109670" z="-1.071601"/>
                <normal y="-1.000000" x="-0.000000" z="-0.000001"/>
            </vertex>
            <vertex>
                <position y="0.284733" x="0.100727" z="-1.045292"/>
                <normal y="-1.000000" x="-0.000000" z="-0.000001"/>
            </vertex>
            <vertex>
                <position y="2.202679" x="0.089000" z="-1.019303"/>
                <normal y="1.000000" x="-0.000000" z="-0.000000"/>
            </vertex>
            <vertex>
                <position y="2.202679" x="0.105790" z="-1.045612"/>
                <normal y="1.000000" x="-0.000000" z="-0.000000"/>
            </vertex>
            <vertex>
                <position y="2.202679" x="0.021318" z="-1.032642"/>
                <normal y="1.000000" x="-0.000000" z="-0.000000"/>
            </vertex>
            <vertex>
                <position y="2.202679" x="0.012896" z="-1.000319"/>
                <normal y="1.000000" x="-0.000000" z="-0.000000"/>
            </vertex>
            <vertex>
                <position y="2.202679" x="0.165103" z="-1.024377"/>
                <normal y="1.000000" x="-0.000000" z="-0.000000"/>
            </vertex>
            <vertex>
                <position y="2.202679" x="0.190263" z="-1.044671"/>
                <normal y="1.000000" x="-0.000000" z="-0.000000"/>
            </vertex>
            <vertex>
                <position y="0.284733" x="-0.066162" z="-1.006952"/>
                <normal y="-1.000000" x="-0.000000" z="0.000001"/>
            </vertex>
            <vertex>
                <position y="0.284733" x="-0.066179" z="-1.039275"/>
                <normal y="-1.000000" x="-0.000000" z="0.000001"/>
            </vertex>
            <vertex>
                <position y="0.284733" x="0.017274" z="-1.032323"/>
                <normal y="-1.000000" x="-0.000000" z="0.000001"/>
            </vertex>
            <vertex>
                <position y="0.284733" x="0.009007" z="-1.000000"/>
                <normal y="-1.000000" x="-0.000000" z="0.000001"/>
            </vertex>
            <vertex>
                <position y="0.284733" x="-0.066179" z="-1.039275"/>
                <normal y="-1.000000" x="0.000000" z="-0.000001"/>
            </vertex>
            <vertex>
                <position y="0.284733" x="-0.066162" z="-1.071598"/>
                <normal y="-1.000000" x="0.000000" z="-0.000001"/>
            </vertex>
            <vertex>
                <position y="0.284733" x="0.021754" z="-1.064646"/>
                <normal y="-1.000000" x="0.000000" z="-0.000001"/>
            </vertex>
            <vertex>
                <position y="0.284733" x="0.017274" z="-1.032323"/>
                <normal y="-1.000000" x="0.000000" z="-0.000001"/>
            </vertex>
            <vertex>
                <position y="0.284733" x="-0.141331" z="-1.000000"/>
                <normal y="-1.000000" x="0.000000" z="0.000001"/>
            </vertex>
            <vertex>
                <position y="0.284733" x="-0.149632" z="-1.032323"/>
                <normal y="-1.000000" x="0.000000" z="0.000001"/>
            </vertex>
            <vertex>
                <position y="0.284733" x="-0.066179" z="-1.039275"/>
                <normal y="-1.000000" x="0.000000" z="0.000001"/>
            </vertex>
            <vertex>
                <position y="0.284733" x="-0.066162" z="-1.006952"/>
                <normal y="-1.000000" x="0.000000" z="0.000001"/>
            </vertex>
            <vertex>
                <position y="0.284733" x="-0.149632" z="-1.032323"/>
                <normal y="-1.000000" x="-0.000000" z="-0.000001"/>
            </vertex>
            <vertex>
                <position y="0.284733" x="-0.154078" z="-1.064646"/>
                <normal y="-1.000000" x="-0.000000" z="-0.000001"/>
            </vertex>
            <vertex>
                <position y="0.284733" x="-0.066162" z="-1.071598"/>
                <normal y="-1.000000" x="-0.000000" z="-0.000001"/>
            </vertex>
            <vertex>
                <position y="0.284733" x="-0.066179" z="-1.039275"/>
                <normal y="-1.000000" x="-0.000000" z="-0.000001"/>
            </vertex>
            <vertex>
                <position y="2.202679" x="-0.063208" z="-1.007271"/>
                <normal y="1.000000" x="-0.000000" z="-0.000000"/>
            </vertex>
            <vertex>
                <position y="2.202679" x="-0.063155" z="-1.039594"/>
                <normal y="1.000000" x="-0.000000" z="-0.000000"/>
            </vertex>
            <vertex>
                <position y="2.202679" x="-0.147628" z="-1.032643"/>
                <normal y="1.000000" x="-0.000000" z="-0.000000"/>
            </vertex>
            <vertex>
                <position y="0.284733" x="-0.216499" z="-1.018984"/>
                <normal y="-1.000000" x="-0.000000" z="0.000001"/>
            </vertex>
            <vertex>
                <position y="0.284733" x="-0.233085" z="-1.045293"/>
                <normal y="-1.000000" x="-0.000000" z="0.000001"/>
            </vertex>
            <vertex>
                <position y="0.284733" x="-0.149632" z="-1.032323"/>
                <normal y="-1.000000" x="-0.000000" z="0.000001"/>
            </vertex>
            <vertex>
                <position y="0.284733" x="-0.141331" z="-1.000000"/>
                <normal y="-1.000000" x="-0.000000" z="0.000001"/>
            </vertex>
            <vertex>
                <position y="0.284733" x="-0.233085" z="-1.045293"/>
                <normal y="-1.000000" x="0.000000" z="-0.000001"/>
            </vertex>
            <vertex>
                <position y="0.284733" x="-0.241994" z="-1.071601"/>
                <normal y="-1.000000" x="0.000000" z="-0.000001"/>
            </vertex>
            <vertex>
                <position y="0.284733" x="-0.154078" z="-1.064646"/>
                <normal y="-1.000000" x="0.000000" z="-0.000001"/>
            </vertex>
            <vertex>
                <position y="0.284733" x="-0.149632" z="-1.032323"/>
                <normal y="-1.000000" x="0.000000" z="-0.000001"/>
            </vertex>
            <vertex>
                <position y="0.284733" x="-0.291668" z="-1.024058"/>
                <normal y="-1.000000" x="-0.000000" z="0.000001"/>
            </vertex>
            <vertex>
                <position y="0.284733" x="-0.316538" z="-1.044352"/>
                <normal y="-1.000000" x="-0.000000" z="0.000001"/>
            </vertex>
            <vertex>
                <position y="0.284733" x="-0.233085" z="-1.045293"/>
                <normal y="-1.000000" x="-0.000000" z="0.000001"/>
            </vertex>
            <vertex>
                <position y="0.284733" x="-0.216499" z="-1.018984"/>
                <normal y="-1.000000" x="-0.000000" z="0.000001"/>
            </vertex>
            <vertex>
                <position y="0.284733" x="-0.316538" z="-1.044352"/>
                <normal y="-1.000000" x="-0.000000" z="-0.000001"/>
            </vertex>
            <vertex>
                <position y="0.284733" x="-0.329910" z="-1.064647"/>
                <normal y="-1.000000" x="-0.000000" z="-0.000001"/>
            </vertex>
            <vertex>
                <position y="0.284733" x="-0.241994" z="-1.071601"/>
                <normal y="-1.000000" x="-0.000000" z="-0.000001"/>
            </vertex>
            <vertex>
                <position y="0.284733" x="-0.233085" z="-1.045293"/>
                <normal y="-1.000000" x="-0.000000" z="-0.000001"/>
            </vertex>
            <vertex>
                <position y="2.202679" x="-0.215415" z="-1.019303"/>
                <normal y="1.000000" x="-0.000000" z="-0.000000"/>
            </vertex>
            <vertex>
                <position y="2.202679" x="-0.232101" z="-1.045612"/>
                <normal y="1.000000" x="-0.000000" z="-0.000000"/>
            </vertex>
            <vertex>
                <position y="2.202679" x="-0.316574" z="-1.044672"/>
                <normal y="1.000000" x="-0.000000" z="-0.000000"/>
            </vertex>
            <vertex>
                <position y="2.202679" x="-0.291519" z="-1.024378"/>
                <normal y="1.000000" x="-0.000000" z="-0.000000"/>
            </vertex>
            <vertex>
                <position y="2.202679" x="-0.232101" z="-1.045612"/>
                <normal y="1.000000" x="-0.000000" z="-0.000000"/>
            </vertex>
            <vertex>
                <position y="2.202679" x="-0.316574" z="-1.044672"/>
                <normal y="1.000000" x="-0.000000" z="-0.000000"/>
            </vertex>
        </vertexbuffer>
    </sharedgeometry>
    <submeshes>
        <submesh usesharedvertices="true" material="Material.001" use32bitindexes="False">
            <faces count="292">
                <face v1="0" v2="1" v3="2"/>
                <face v1="0" v2="2" v3="3"/>
                <face v1="4" v2="5" v3="6"/>
                <face v1="4" v2="6" v3="7"/>
                <face v1="8" v2="9" v3="10"/>
                <face v1="8" v2="10" v3="11"/>
                <face v1="12" v2="13" v3="14"/>
                <face v1="12" v2="14" v3="15"/>
                <face v1="9" v2="16" v3="17"/>
                <face v1="9" v2="17" v3="10"/>
                <face v1="13" v2="18" v3="19"/>
                <face v1="13" v2="19" v3="14"/>
                <face v1="20" v2="21" v3="12"/>
                <face v1="20" v2="12" v3="15"/>
                <face v1="8" v2="11" v3="22"/>
                <face v1="8" v2="22" v3="23"/>
                <face v1="5" v2="24" v3="25"/>
                <face v1="5" v2="25" v3="6"/>
                <face v1="24" v2="14" v3="19"/>
                <face v1="24" v2="19" v3="25"/>
                <face v1="1" v2="26" v3="27"/>
                <face v1="1" v2="27" v3="2"/>
                <face v1="26" v2="16" v3="9"/>
                <face v1="26" v2="9" v3="27"/>
                <face v1="7" v2="28" v3="29"/>
                <face v1="7" v2="29" v3="4"/>
                <face v1="28" v2="20" v3="15"/>
                <face v1="28" v2="15" v3="29"/>
                <face v1="3" v2="30" v3="31"/>
                <face v1="3" v2="31" v3="0"/>
                <face v1="30" v2="8" v3="23"/>
                <face v1="30" v2="23" v3="31"/>
                <face v1="4" v2="29" v3="24"/>
                <face v1="4" v2="24" v3="5"/>
                <face v1="29" v2="15" v3="14"/>
                <face v1="29" v2="14" v3="24"/>
                <face v1="2" v2="27" v3="30"/>
                <face v1="2" v2="30" v3="3"/>
                <face v1="27" v2="9" v3="8"/>
                <face v1="27" v2="8" v3="30"/>
                <face v1="50" v2="51" v3="52"/>
                <face v1="50" v2="52" v3="53"/>
                <face v1="51" v2="54" v3="55"/>
                <face v1="51" v2="55" v3="52"/>
                <face v1="56" v2="57" v3="58"/>
                <face v1="56" v2="58" v3="59"/>
                <face v1="57" v2="60" v3="61"/>
                <face v1="57" v2="61" v3="58"/>
                <face v1="62" v2="63" v3="64"/>
                <face v1="62" v2="64" v3="65"/>
                <face v1="63" v2="66" v3="67"/>
                <face v1="63" v2="67" v3="64"/>
                <face v1="68" v2="69" v3="52"/>
                <face v1="68" v2="52" v3="55"/>
                <face v1="69" v2="70" v3="53"/>
                <face v1="69" v2="53" v3="52"/>
                <face v1="60" v2="57" v3="69"/>
                <face v1="60" v2="69" v3="68"/>
                <face v1="57" v2="56" v3="70"/>
                <face v1="57" v2="70" v3="69"/>
                <face v1="71" v2="72" v3="51"/>
                <face v1="71" v2="51" v3="50"/>
                <face v1="72" v2="73" v3="54"/>
                <face v1="72" v2="54" v3="51"/>
                <face v1="66" v2="63" v3="72"/>
                <face v1="66" v2="72" v3="71"/>
                <face v1="63" v2="62" v3="73"/>
                <face v1="63" v2="73" v3="72"/>
                <face v1="54" v2="94" v3="95"/>
                <face v1="54" v2="95" v3="55"/>
                <face v1="94" v2="96" v3="97"/>
                <face v1="94" v2="97" v3="95"/>
                <face v1="60" v2="98" v3="99"/>
                <face v1="60" v2="99" v3="61"/>
                <face v1="98" v2="100" v3="101"/>
                <face v1="98" v2="101" v3="99"/>
                <face v1="102" v2="103" v3="104"/>
                <face v1="102" v2="104" v3="105"/>
                <face v1="103" v2="62" v3="65"/>
                <face v1="103" v2="65" v3="104"/>
                <face v1="106" v2="107" v3="95"/>
                <face v1="106" v2="95" v3="97"/>
                <face v1="107" v2="68" v3="55"/>
                <face v1="107" v2="55" v3="95"/>
                <face v1="100" v2="98" v3="107"/>
                <face v1="100" v2="107" v3="106"/>
                <face v1="98" v2="60" v3="68"/>
                <face v1="98" v2="68" v3="107"/>
                <face v1="73" v2="108" v3="94"/>
                <face v1="73" v2="94" v3="54"/>
                <face v1="108" v2="109" v3="96"/>
                <face v1="108" v2="96" v3="94"/>
                <face v1="62" v2="103" v3="108"/>
                <face v1="62" v2="108" v3="73"/>
                <face v1="103" v2="102" v3="109"/>
                <face v1="103" v2="109" v3="108"/>
                <face v1="96" v2="126" v3="127"/>
                <face v1="96" v2="127" v3="97"/>
                <face v1="126" v2="128" v3="129"/>
                <face v1="126" v2="129" v3="127"/>
                <face v1="100" v2="130" v3="131"/>
                <face v1="100" v2="131" v3="101"/>
                <face v1="130" v2="132" v3="133"/>
                <face v1="130" v2="133" v3="131"/>
                <face v1="134" v2="135" v3="136"/>
                <face v1="134" v2="136" v3="137"/>
                <face v1="135" v2="102" v3="105"/>
                <face v1="135" v2="105" v3="136"/>
                <face v1="138" v2="139" v3="127"/>
                <face v1="138" v2="127" v3="129"/>
                <face v1="139" v2="106" v3="97"/>
                <face v1="139" v2="97" v3="127"/>
                <face v1="132" v2="130" v3="139"/>
                <face v1="132" v2="139" v3="138"/>
                <face v1="130" v2="100" v3="106"/>
                <face v1="130" v2="106" v3="139"/>
                <face v1="109" v2="140" v3="126"/>
                <face v1="109" v2="126" v3="96"/>
                <face v1="140" v2="141" v3="128"/>
                <face v1="140" v2="128" v3="126"/>
                <face v1="102" v2="135" v3="140"/>
                <face v1="102" v2="140" v3="109"/>
                <face v1="135" v2="134" v3="141"/>
                <face v1="135" v2="141" v3="140"/>
                <face v1="142" v2="143" v3="144"/>
                <face v1="142" v2="144" v3="145"/>
                <face v1="143" v2="129" v3="128"/>
                <face v1="143" v2="128" v3="144"/>
                <face v1="146" v2="147" v3="148"/>
                <face v1="146" v2="148" v3="149"/>
                <face v1="147" v2="50" v3="53"/>
                <face v1="147" v2="53" v3="148"/>
                <face v1="132" v2="150" v3="151"/>
                <face v1="132" v2="151" v3="133"/>
                <face v1="150" v2="152" v3="153"/>
                <face v1="150" v2="153" v3="151"/>
                <face v1="154" v2="155" v3="156"/>
                <face v1="154" v2="156" v3="157"/>
                <face v1="155" v2="56" v3="59"/>
                <face v1="155" v2="59" v3="156"/>
                <face v1="158" v2="159" v3="160"/>
                <face v1="158" v2="160" v3="161"/>
                <face v1="159" v2="134" v3="137"/>
                <face v1="159" v2="137" v3="160"/>
                <face v1="66" v2="162" v3="163"/>
                <face v1="66" v2="163" v3="67"/>
                <face v1="162" v2="164" v3="165"/>
                <face v1="162" v2="165" v3="163"/>
                <face v1="70" v2="166" v3="148"/>
                <face v1="70" v2="148" v3="53"/>
                <face v1="166" v2="167" v3="149"/>
                <face v1="166" v2="149" v3="148"/>
                <face v1="56" v2="155" v3="166"/>
                <face v1="56" v2="166" v3="70"/>
                <face v1="155" v2="154" v3="167"/>
                <face v1="155" v2="167" v3="166"/>
                <face v1="168" v2="169" v3="143"/>
                <face v1="168" v2="143" v3="142"/>
                <face v1="169" v2="138" v3="129"/>
                <face v1="169" v2="129" v3="143"/>
                <face v1="152" v2="150" v3="169"/>
                <face v1="152" v2="169" v3="168"/>
                <face v1="150" v2="132" v3="138"/>
                <face v1="150" v2="138" v3="169"/>
                <face v1="170" v2="171" v3="147"/>
                <face v1="170" v2="147" v3="146"/>
                <face v1="171" v2="71" v3="50"/>
                <face v1="171" v2="50" v3="147"/>
                <face v1="164" v2="162" v3="171"/>
                <face v1="164" v2="171" v3="170"/>
                <face v1="162" v2="66" v3="71"/>
                <face v1="162" v2="71" v3="171"/>
                <face v1="141" v2="172" v3="144"/>
                <face v1="141" v2="144" v3="128"/>
                <face v1="172" v2="173" v3="145"/>
                <face v1="172" v2="145" v3="144"/>
                <face v1="134" v2="159" v3="172"/>
                <face v1="134" v2="172" v3="141"/>
                <face v1="159" v2="158" v3="173"/>
                <face v1="159" v2="173" v3="172"/>
                <face v1="243" v2="244" v3="245"/>
                <face v1="243" v2="245" v3="246"/>
                <face v1="244" v2="146" v3="149"/>
                <face v1="244" v2="149" v3="245"/>
                <face v1="247" v2="248" v3="249"/>
                <face v1="247" v2="249" v3="250"/>
                <face v1="248" v2="142" v3="145"/>
                <face v1="248" v2="145" v3="249"/>
                <face v1="251" v2="252" v3="253"/>
                <face v1="251" v2="253" v3="254"/>
                <face v1="252" v2="154" v3="157"/>
                <face v1="252" v2="157" v3="253"/>
                <face v1="152" v2="255" v3="256"/>
                <face v1="152" v2="256" v3="153"/>
                <face v1="255" v2="257" v3="258"/>
                <face v1="255" v2="258" v3="256"/>
                <face v1="259" v2="260" v3="261"/>
                <face v1="259" v2="261" v3="262"/>
                <face v1="260" v2="158" v3="161"/>
                <face v1="260" v2="161" v3="261"/>
                <face v1="164" v2="263" v3="264"/>
                <face v1="164" v2="264" v3="165"/>
                <face v1="263" v2="265" v3="266"/>
                <face v1="263" v2="266" v3="264"/>
                <face v1="267" v2="268" v3="248"/>
                <face v1="267" v2="248" v3="247"/>
                <face v1="268" v2="168" v3="142"/>
                <face v1="268" v2="142" v3="248"/>
                <face v1="257" v2="255" v3="268"/>
                <face v1="257" v2="268" v3="267"/>
                <face v1="255" v2="152" v3="168"/>
                <face v1="255" v2="168" v3="268"/>
                <face v1="167" v2="269" v3="245"/>
                <face v1="167" v2="245" v3="149"/>
                <face v1="269" v2="270" v3="246"/>
                <face v1="269" v2="246" v3="245"/>
                <face v1="154" v2="252" v3="269"/>
                <face v1="154" v2="269" v3="167"/>
                <face v1="252" v2="251" v3="270"/>
                <face v1="252" v2="270" v3="269"/>
                <face v1="271" v2="272" v3="244"/>
                <face v1="271" v2="244" v3="243"/>
                <face v1="272" v2="170" v3="146"/>
                <face v1="272" v2="146" v3="244"/>
                <face v1="265" v2="263" v3="272"/>
                <face v1="265" v2="272" v3="271"/>
                <face v1="263" v2="164" v3="170"/>
                <face v1="263" v2="170" v3="272"/>
                <face v1="173" v2="273" v3="249"/>
                <face v1="173" v2="249" v3="145"/>
                <face v1="273" v2="274" v3="250"/>
                <face v1="273" v2="250" v3="249"/>
                <face v1="158" v2="260" v3="273"/>
                <face v1="158" v2="273" v3="173"/>
                <face v1="260" v2="259" v3="274"/>
                <face v1="260" v2="274" v3="273"/>
                <face v1="6" v2="341" v3="342"/>
                <face v1="6" v2="342" v3="7"/>
                <face v1="341" v2="247" v3="250"/>
                <face v1="341" v2="250" v3="342"/>
                <face v1="0" v2="343" v3="344"/>
                <face v1="0" v2="344" v3="1"/>
                <face v1="343" v2="243" v3="246"/>
                <face v1="343" v2="246" v3="344"/>
                <face v1="257" v2="345" v3="346"/>
                <face v1="257" v2="346" v3="258"/>
                <face v1="345" v2="19" v3="18"/>
                <face v1="345" v2="18" v3="346"/>
                <face v1="16" v2="347" v3="348"/>
                <face v1="16" v2="348" v3="17"/>
                <face v1="347" v2="251" v3="254"/>
                <face v1="347" v2="254" v3="348"/>
                <face v1="20" v2="349" v3="350"/>
                <face v1="20" v2="350" v3="21"/>
                <face v1="349" v2="259" v3="262"/>
                <face v1="349" v2="262" v3="350"/>
                <face v1="265" v2="351" v3="352"/>
                <face v1="265" v2="352" v3="266"/>
                <face v1="351" v2="23" v3="22"/>
                <face v1="351" v2="22" v3="352"/>
                <face v1="270" v2="353" v3="344"/>
                <face v1="270" v2="344" v3="246"/>
                <face v1="353" v2="26" v3="1"/>
                <face v1="353" v2="1" v3="344"/>
                <face v1="251" v2="347" v3="353"/>
                <face v1="251" v2="353" v3="270"/>
                <face v1="347" v2="16" v3="26"/>
                <face v1="347" v2="26" v3="353"/>
                <face v1="25" v2="354" v3="341"/>
                <face v1="25" v2="341" v3="6"/>
                <face v1="354" v2="267" v3="247"/>
                <face v1="354" v2="247" v3="341"/>
                <face v1="19" v2="345" v3="354"/>
                <face v1="19" v2="354" v3="25"/>
                <face v1="345" v2="257" v3="267"/>
                <face v1="345" v2="267" v3="354"/>
                <face v1="31" v2="355" v3="343"/>
                <face v1="31" v2="343" v3="0"/>
                <face v1="355" v2="271" v3="243"/>
                <face v1="355" v2="243" v3="343"/>
                <face v1="23" v2="351" v3="355"/>
                <face v1="23" v2="355" v3="31"/>
                <face v1="351" v2="265" v3="271"/>
                <face v1="351" v2="271" v3="355"/>
                <face v1="274" v2="356" v3="342"/>
                <face v1="274" v2="342" v3="250"/>
                <face v1="356" v2="28" v3="7"/>
                <face v1="356" v2="7" v3="342"/>
                <face v1="259" v2="349" v3="356"/>
                <face v1="259" v2="356" v3="274"/>
                <face v1="349" v2="20" v3="28"/>
                <face v1="349" v2="28" v3="356"/>
            </faces>
        </submesh>
        <submesh usesharedvertices="true" material="Material" use32bitindexes="False">
            <faces count="180">
                <face v1="32" v2="33" v3="34"/>
                <face v1="32" v2="34" v3="35"/>
                <face v1="33" v2="36" v3="37"/>
                <face v1="33" v2="37" v3="34"/>
                <face v1="38" v2="39" v3="40"/>
                <face v1="38" v2="40" v3="41"/>
                <face v1="42" v2="43" v3="44"/>
                <face v1="42" v2="44" v3="45"/>
                <face v1="10" v2="46" v3="47"/>
                <face v1="10" v2="47" v3="11"/>
                <face v1="46" v2="48" v3="49"/>
                <face v1="46" v2="49" v3="47"/>
                <face v1="74" v2="75" v3="76"/>
                <face v1="74" v2="76" v3="77"/>
                <face v1="78" v2="79" v3="80"/>
                <face v1="78" v2="80" v3="81"/>
                <face v1="82" v2="83" v3="84"/>
                <face v1="82" v2="84" v3="85"/>
                <face v1="86" v2="87" v3="88"/>
                <face v1="86" v2="88" v3="89"/>
                <face v1="48" v2="90" v3="91"/>
                <face v1="48" v2="91" v3="49"/>
                <face v1="90" v2="92" v3="93"/>
                <face v1="90" v2="93" v3="91"/>
                <face v1="110" v2="111" v3="112"/>
                <face v1="110" v2="112" v3="113"/>
                <face v1="114" v2="115" v3="116"/>
                <face v1="114" v2="116" v3="117"/>
                <face v1="118" v2="119" v3="120"/>
                <face v1="118" v2="120" v3="121"/>
                <face v1="119" v2="122" v3="123"/>
                <face v1="119" v2="123" v3="120"/>
                <face v1="92" v2="124" v3="125"/>
                <face v1="92" v2="125" v3="93"/>
                <face v1="124" v2="13" v3="12"/>
                <face v1="124" v2="12" v3="125"/>
                <face v1="174" v2="175" v3="176"/>
                <face v1="174" v2="176" v3="177"/>
                <face v1="178" v2="179" v3="180"/>
                <face v1="178" v2="180" v3="181"/>
                <face v1="182" v2="183" v3="184"/>
                <face v1="182" v2="184" v3="185"/>
                <face v1="186" v2="187" v3="188"/>
                <face v1="186" v2="188" v3="189"/>
                <face v1="190" v2="191" v3="192"/>
                <face v1="190" v2="192" v3="193"/>
                <face v1="191" v2="194" v3="195"/>
                <face v1="191" v2="195" v3="192"/>
                <face v1="196" v2="197" v3="191"/>
                <face v1="196" v2="191" v3="190"/>
                <face v1="197" v2="198" v3="194"/>
                <face v1="197" v2="194" v3="191"/>
                <face v1="199" v2="200" v3="201"/>
                <face v1="199" v2="201" v3="202"/>
                <face v1="203" v2="204" v3="205"/>
                <face v1="203" v2="205" v3="206"/>
                <face v1="207" v2="208" v3="209"/>
                <face v1="207" v2="209" v3="210"/>
                <face v1="211" v2="212" v3="213"/>
                <face v1="211" v2="213" v3="214"/>
                <face v1="215" v2="216" v3="217"/>
                <face v1="215" v2="217" v3="218"/>
                <face v1="216" v2="219" v3="220"/>
                <face v1="216" v2="220" v3="217"/>
                <face v1="193" v2="192" v3="216"/>
                <face v1="193" v2="216" v3="215"/>
                <face v1="192" v2="195" v3="219"/>
                <face v1="192" v2="219" v3="216"/>
                <face v1="221" v2="222" v3="223"/>
                <face v1="221" v2="223" v3="224"/>
                <face v1="225" v2="226" v3="227"/>
                <face v1="225" v2="227" v3="228"/>
                <face v1="229" v2="230" v3="231"/>
                <face v1="229" v2="231" v3="232"/>
                <face v1="233" v2="234" v3="235"/>
                <face v1="233" v2="235" v3="236"/>
                <face v1="237" v2="238" v3="239"/>
                <face v1="237" v2="239" v3="240"/>
                <face v1="238" v2="241" v3="242"/>
                <face v1="238" v2="242" v3="239"/>
                <face v1="218" v2="217" v3="238"/>
                <face v1="218" v2="238" v3="237"/>
                <face v1="217" v2="220" v3="241"/>
                <face v1="217" v2="241" v3="238"/>
                <face v1="275" v2="276" v3="277"/>
                <face v1="275" v2="277" v3="278"/>
                <face v1="279" v2="280" v3="281"/>
                <face v1="279" v2="281" v3="282"/>
                <face v1="283" v2="284" v3="285"/>
                <face v1="283" v2="285" v3="286"/>
                <face v1="287" v2="288" v3="289"/>
                <face v1="287" v2="289" v3="290"/>
                <face v1="291" v2="292" v3="293"/>
                <face v1="291" v2="293" v3="294"/>
                <face v1="295" v2="296" v3="297"/>
                <face v1="295" v2="297" v3="298"/>
                <face v1="299" v2="300" v3="292"/>
                <face v1="299" v2="292" v3="291"/>
                <face v1="300" v2="196" v3="190"/>
                <face v1="300" v2="190" v3="292"/>
                <face v1="301" v2="302" v3="303"/>
                <face v1="301" v2="303" v3="304"/>
                <face v1="305" v2="306" v3="307"/>
                <face v1="305" v2="307" v3="308"/>
                <face v1="309" v2="310" v3="311"/>
                <face v1="309" v2="311" v3="312"/>
                <face v1="313" v2="314" v3="315"/>
                <face v1="313" v2="315" v3="316"/>
                <face v1="317" v2="318" v3="319"/>
                <face v1="317" v2="319" v3="320"/>
                <face v1="318" v2="215" v3="218"/>
                <face v1="318" v2="218" v3="319"/>
                <face v1="294" v2="293" v3="318"/>
                <face v1="294" v2="318" v3="317"/>
                <face v1="293" v2="193" v3="215"/>
                <face v1="293" v2="215" v3="318"/>
                <face v1="321" v2="322" v3="323"/>
                <face v1="321" v2="323" v3="324"/>
                <face v1="325" v2="326" v3="327"/>
                <face v1="325" v2="327" v3="328"/>
                <face v1="329" v2="330" v3="331"/>
                <face v1="329" v2="331" v3="332"/>
                <face v1="333" v2="334" v3="335"/>
                <face v1="333" v2="335" v3="336"/>
                <face v1="337" v2="338" v3="339"/>
                <face v1="337" v2="339" v3="340"/>
                <face v1="338" v2="237" v3="240"/>
                <face v1="338" v2="240" v3="339"/>
                <face v1="320" v2="319" v3="338"/>
                <face v1="320" v2="338" v3="337"/>
                <face v1="319" v2="218" v3="237"/>
                <face v1="319" v2="237" v3="338"/>
                <face v1="357" v2="358" v3="359"/>
                <face v1="357" v2="359" v3="360"/>
                <face v1="361" v2="362" v3="363"/>
                <face v1="361" v2="363" v3="364"/>
                <face v1="365" v2="366" v3="367"/>
                <face v1="365" v2="367" v3="368"/>
                <face v1="369" v2="370" v3="371"/>
                <face v1="369" v2="371" v3="372"/>
                <face v1="373" v2="374" v3="375"/>
                <face v1="373" v2="375" v3="376"/>
                <face v1="374" v2="291" v3="294"/>
                <face v1="374" v2="294" v3="375"/>
                <face v1="377" v2="378" v3="374"/>
                <face v1="377" v2="374" v3="373"/>
                <face v1="378" v2="299" v3="291"/>
                <face v1="378" v2="291" v3="374"/>
                <face v1="379" v2="380" v3="381"/>
                <face v1="379" v2="381" v3="382"/>
                <face v1="383" v2="384" v3="385"/>
                <face v1="383" v2="385" v3="386"/>
                <face v1="387" v2="388" v3="389"/>
                <face v1="387" v2="389" v3="390"/>
                <face v1="391" v2="392" v3="393"/>
                <face v1="391" v2="393" v3="394"/>
                <face v1="395" v2="396" v3="397"/>
                <face v1="395" v2="397" v3="123"/>
                <face v1="396" v2="317" v3="320"/>
                <face v1="396" v2="320" v3="397"/>
                <face v1="376" v2="375" v3="396"/>
                <face v1="376" v2="396" v3="395"/>
                <face v1="375" v2="294" v3="317"/>
                <face v1="375" v2="317" v3="396"/>
                <face v1="398" v2="399" v3="400"/>
                <face v1="398" v2="400" v3="401"/>
                <face v1="402" v2="403" v3="404"/>
                <face v1="402" v2="404" v3="405"/>
                <face v1="406" v2="407" v3="408"/>
                <face v1="406" v2="408" v3="409"/>
                <face v1="410" v2="411" v3="412"/>
                <face v1="410" v2="412" v3="413"/>
                <face v1="414" v2="415" v3="416"/>
                <face v1="414" v2="416" v3="417"/>
                <face v1="418" v2="337" v3="340"/>
                <face v1="418" v2="340" v3="419"/>
                <face v1="123" v2="397" v3="418"/>
                <face v1="123" v2="418" v3="120"/>
                <face v1="397" v2="320" v3="337"/>
                <face v1="397" v2="337" v3="418"/>
            </faces>
        </submesh>
    </submeshes>
    <submeshnames>
        <submesh index="0" name="Material.001">
        </submesh>
        <submesh index="1" name="Material">
        </submesh>
    </submeshnames>
</mesh>