<?xml version="1.0" encoding="UTF-8"?>
<mesh>
    <sharedgeometry vertexcount="96">
        <vertexbuffer texture_coords="0" positions="true" colours_diffuse="False" normals="true">
            <vertex>
                <position y="-1.000000" x="0.612000" z="-0.612000"/>
                <normal y="-1.000000" x="0.000000" z="-0.000000"/>
            </vertex>
            <vertex>
                <position y="-1.000000" x="0.612000" z="0.612000"/>
                <normal y="-1.000000" x="0.000000" z="-0.000000"/>
            </vertex>
            <vertex>
                <position y="-1.000000" x="-0.612000" z="0.612000"/>
                <normal y="-1.000000" x="0.000000" z="-0.000000"/>
            </vertex>
            <vertex>
                <position y="-1.000000" x="-0.612000" z="-0.612000"/>
                <normal y="-1.000000" x="0.000000" z="-0.000000"/>
            </vertex>
            <vertex>
                <position y="1.000000" x="-0.612000" z="0.612000"/>
                <normal y="1.000000" x="0.000000" z="-0.000000"/>
            </vertex>
            <vertex>
                <position y="1.000000" x="0.612000" z="0.612000"/>
                <normal y="1.000000" x="0.000000" z="-0.000000"/>
            </vertex>
            <vertex>
                <position y="1.000000" x="0.612000" z="-0.612000"/>
                <normal y="1.000000" x="0.000000" z="-0.000000"/>
            </vertex>
            <vertex>
                <position y="1.000000" x="-0.612000" z="-0.612000"/>
                <normal y="1.000000" x="0.000000" z="-0.000000"/>
            </vertex>
            <vertex>
                <position y="0.612000" x="1.000000" z="0.612000"/>
                <normal y="0.000000" x="1.000000" z="0.000000"/>
            </vertex>
            <vertex>
                <position y="-0.612000" x="1.000000" z="0.612000"/>
                <normal y="0.000000" x="1.000000" z="0.000000"/>
            </vertex>
            <vertex>
                <position y="-0.612000" x="1.000000" z="-0.612000"/>
                <normal y="0.000000" x="1.000000" z="0.000000"/>
            </vertex>
            <vertex>
                <position y="0.612000" x="1.000000" z="-0.612000"/>
                <normal y="0.000000" x="1.000000" z="0.000000"/>
            </vertex>
            <vertex>
                <position y="0.612000" x="-0.612000" z="1.000000"/>
                <normal y="-0.000000" x="-0.000000" z="1.000000"/>
            </vertex>
            <vertex>
                <position y="-0.612000" x="-0.612000" z="1.000000"/>
                <normal y="-0.000000" x="-0.000000" z="1.000000"/>
            </vertex>
            <vertex>
                <position y="-0.612000" x="0.612000" z="1.000000"/>
                <normal y="-0.000000" x="-0.000000" z="1.000000"/>
            </vertex>
            <vertex>
                <position y="0.612000" x="0.611999" z="1.000000"/>
                <normal y="-0.000000" x="-0.000000" z="1.000000"/>
            </vertex>
            <vertex>
                <position y="0.612000" x="-1.000000" z="-0.612000"/>
                <normal y="-0.000000" x="-1.000000" z="-0.000000"/>
            </vertex>
            <vertex>
                <position y="-0.612000" x="-1.000000" z="-0.612000"/>
                <normal y="-0.000000" x="-1.000000" z="-0.000000"/>
            </vertex>
            <vertex>
                <position y="-0.612000" x="-1.000000" z="0.612000"/>
                <normal y="-0.000000" x="-1.000000" z="-0.000000"/>
            </vertex>
            <vertex>
                <position y="0.612000" x="-1.000000" z="0.612000"/>
                <normal y="-0.000000" x="-1.000000" z="-0.000000"/>
            </vertex>
            <vertex>
                <position y="-0.612000" x="-0.612000" z="-1.000000"/>
                <normal y="0.000000" x="0.000000" z="-1.000000"/>
            </vertex>
            <vertex>
                <position y="0.612000" x="-0.612000" z="-1.000000"/>
                <normal y="0.000000" x="0.000000" z="-1.000000"/>
            </vertex>
            <vertex>
                <position y="0.612000" x="0.612000" z="-1.000000"/>
                <normal y="0.000000" x="0.000000" z="-1.000000"/>
            </vertex>
            <vertex>
                <position y="-0.612000" x="0.612000" z="-1.000000"/>
                <normal y="0.000000" x="0.000000" z="-1.000000"/>
            </vertex>
            <vertex>
                <position y="-1.000000" x="0.612000" z="-0.612000"/>
                <normal y="-0.707107" x="0.707107" z="0.000000"/>
            </vertex>
            <vertex>
                <position y="-0.612000" x="1.000000" z="-0.612000"/>
                <normal y="-0.707107" x="0.707107" z="0.000000"/>
            </vertex>
            <vertex>
                <position y="-0.612000" x="1.000000" z="0.612000"/>
                <normal y="-0.707107" x="0.707107" z="0.000000"/>
            </vertex>
            <vertex>
                <position y="-1.000000" x="0.612000" z="0.612000"/>
                <normal y="-0.707107" x="0.707107" z="0.000000"/>
            </vertex>
            <vertex>
                <position y="-0.612000" x="-0.612000" z="1.000000"/>
                <normal y="-0.707107" x="-0.000000" z="0.707107"/>
            </vertex>
            <vertex>
                <position y="-1.000000" x="-0.612000" z="0.612000"/>
                <normal y="-0.707107" x="-0.000000" z="0.707107"/>
            </vertex>
            <vertex>
                <position y="-1.000000" x="0.612000" z="0.612000"/>
                <normal y="-0.707107" x="-0.000000" z="0.707107"/>
            </vertex>
            <vertex>
                <position y="-0.612000" x="0.612000" z="1.000000"/>
                <normal y="-0.707107" x="-0.000000" z="0.707107"/>
            </vertex>
            <vertex>
                <position y="-0.612000" x="0.612000" z="-1.000000"/>
                <normal y="-0.707107" x="0.000000" z="-0.707107"/>
            </vertex>
            <vertex>
                <position y="-1.000000" x="0.612000" z="-0.612000"/>
                <normal y="-0.707107" x="0.000000" z="-0.707107"/>
            </vertex>
            <vertex>
                <position y="-1.000000" x="-0.612000" z="-0.612000"/>
                <normal y="-0.707107" x="0.000000" z="-0.707107"/>
            </vertex>
            <vertex>
                <position y="-0.612000" x="-0.612000" z="-1.000000"/>
                <normal y="-0.707107" x="0.000000" z="-0.707107"/>
            </vertex>
            <vertex>
                <position y="-0.612000" x="-1.000000" z="-0.612000"/>
                <normal y="-0.707107" x="-0.707107" z="-0.000000"/>
            </vertex>
            <vertex>
                <position y="-1.000000" x="-0.612000" z="-0.612000"/>
                <normal y="-0.707107" x="-0.707107" z="-0.000000"/>
            </vertex>
            <vertex>
                <position y="-1.000000" x="-0.612000" z="0.612000"/>
                <normal y="-0.707107" x="-0.707107" z="-0.000000"/>
            </vertex>
            <vertex>
                <position y="-0.612000" x="-1.000000" z="0.612000"/>
                <normal y="-0.707107" x="-0.707107" z="-0.000000"/>
            </vertex>
            <vertex>
                <position y="0.612000" x="-0.612000" z="-1.000000"/>
                <normal y="0.707107" x="0.000000" z="-0.707107"/>
            </vertex>
            <vertex>
                <position y="1.000000" x="-0.612000" z="-0.612000"/>
                <normal y="0.707107" x="0.000000" z="-0.707107"/>
            </vertex>
            <vertex>
                <position y="1.000000" x="0.612000" z="-0.612000"/>
                <normal y="0.707107" x="0.000000" z="-0.707107"/>
            </vertex>
            <vertex>
                <position y="0.612000" x="0.612000" z="-1.000000"/>
                <normal y="0.707107" x="0.000000" z="-0.707107"/>
            </vertex>
            <vertex>
                <position y="1.000000" x="-0.612000" z="-0.612000"/>
                <normal y="0.707107" x="-0.707107" z="-0.000000"/>
            </vertex>
            <vertex>
                <position y="0.612000" x="-1.000000" z="-0.612000"/>
                <normal y="0.707107" x="-0.707107" z="-0.000000"/>
            </vertex>
            <vertex>
                <position y="0.612000" x="-1.000000" z="0.612000"/>
                <normal y="0.707107" x="-0.707107" z="-0.000000"/>
            </vertex>
            <vertex>
                <position y="1.000000" x="-0.612000" z="0.612000"/>
                <normal y="0.707107" x="-0.707107" z="-0.000000"/>
            </vertex>
            <vertex>
                <position y="1.000000" x="0.612000" z="0.612000"/>
                <normal y="0.707107" x="0.707107" z="0.000000"/>
            </vertex>
            <vertex>
                <position y="0.612000" x="1.000000" z="0.612000"/>
                <normal y="0.707107" x="0.707107" z="0.000000"/>
            </vertex>
            <vertex>
                <position y="0.612000" x="1.000000" z="-0.612000"/>
                <normal y="0.707107" x="0.707107" z="0.000000"/>
            </vertex>
            <vertex>
                <position y="1.000000" x="0.612000" z="-0.612000"/>
                <normal y="0.707107" x="0.707107" z="0.000000"/>
            </vertex>
            <vertex>
                <position y="1.000000" x="-0.612000" z="0.612000"/>
                <normal y="0.707107" x="-0.000000" z="0.707107"/>
            </vertex>
            <vertex>
                <position y="0.612000" x="-0.612000" z="1.000000"/>
                <normal y="0.707107" x="-0.000000" z="0.707107"/>
            </vertex>
            <vertex>
                <position y="0.612000" x="0.611999" z="1.000000"/>
                <normal y="0.707107" x="-0.000000" z="0.707107"/>
            </vertex>
            <vertex>
                <position y="1.000000" x="0.612000" z="0.612000"/>
                <normal y="0.707107" x="-0.000000" z="0.707107"/>
            </vertex>
            <vertex>
                <position y="0.612000" x="0.612000" z="-1.000000"/>
                <normal y="0.000000" x="0.707107" z="-0.707107"/>
            </vertex>
            <vertex>
                <position y="0.612000" x="1.000000" z="-0.612000"/>
                <normal y="0.000000" x="0.707107" z="-0.707107"/>
            </vertex>
            <vertex>
                <position y="-0.612000" x="1.000000" z="-0.612000"/>
                <normal y="0.000000" x="0.707107" z="-0.707107"/>
            </vertex>
            <vertex>
                <position y="-0.612000" x="0.612000" z="-1.000000"/>
                <normal y="0.000000" x="0.707107" z="-0.707107"/>
            </vertex>
            <vertex>
                <position y="0.612000" x="1.000000" z="0.612000"/>
                <normal y="-0.000000" x="0.707107" z="0.707107"/>
            </vertex>
            <vertex>
                <position y="0.612000" x="0.611999" z="1.000000"/>
                <normal y="-0.000000" x="0.707107" z="0.707107"/>
            </vertex>
            <vertex>
                <position y="-0.612000" x="0.612000" z="1.000000"/>
                <normal y="-0.000000" x="0.707107" z="0.707107"/>
            </vertex>
            <vertex>
                <position y="-0.612000" x="1.000000" z="0.612000"/>
                <normal y="-0.000000" x="0.707107" z="0.707107"/>
            </vertex>
            <vertex>
                <position y="0.612000" x="-0.612000" z="1.000000"/>
                <normal y="-0.000000" x="-0.707107" z="0.707107"/>
            </vertex>
            <vertex>
                <position y="0.612000" x="-1.000000" z="0.612000"/>
                <normal y="-0.000000" x="-0.707107" z="0.707107"/>
            </vertex>
            <vertex>
                <position y="-0.612000" x="-1.000000" z="0.612000"/>
                <normal y="-0.000000" x="-0.707107" z="0.707107"/>
            </vertex>
            <vertex>
                <position y="-0.612000" x="-0.612000" z="1.000000"/>
                <normal y="-0.000000" x="-0.707107" z="0.707107"/>
            </vertex>
            <vertex>
                <position y="0.612000" x="-1.000000" z="-0.612000"/>
                <normal y="0.000000" x="-0.707107" z="-0.707107"/>
            </vertex>
            <vertex>
                <position y="0.612000" x="-0.612000" z="-1.000000"/>
                <normal y="0.000000" x="-0.707107" z="-0.707107"/>
            </vertex>
            <vertex>
                <position y="-0.612000" x="-0.612000" z="-1.000000"/>
                <normal y="0.000000" x="-0.707107" z="-0.707107"/>
            </vertex>
            <vertex>
                <position y="-0.612000" x="-1.000000" z="-0.612000"/>
                <normal y="0.000000" x="-0.707107" z="-0.707107"/>
            </vertex>
            <vertex>
                <position y="-1.000000" x="0.612000" z="-0.612000"/>
                <normal y="-0.577350" x="0.577350" z="-0.577350"/>
            </vertex>
            <vertex>
                <position y="-0.612000" x="0.612000" z="-1.000000"/>
                <normal y="-0.577350" x="0.577350" z="-0.577350"/>
            </vertex>
            <vertex>
                <position y="-0.612000" x="1.000000" z="-0.612000"/>
                <normal y="-0.577350" x="0.577350" z="-0.577350"/>
            </vertex>
            <vertex>
                <position y="-1.000000" x="0.612000" z="0.612000"/>
                <normal y="-0.577350" x="0.577350" z="0.577350"/>
            </vertex>
            <vertex>
                <position y="-0.612000" x="1.000000" z="0.612000"/>
                <normal y="-0.577350" x="0.577350" z="0.577350"/>
            </vertex>
            <vertex>
                <position y="-0.612000" x="0.612000" z="1.000000"/>
                <normal y="-0.577350" x="0.577350" z="0.577350"/>
            </vertex>
            <vertex>
                <position y="-1.000000" x="-0.612000" z="0.612000"/>
                <normal y="-0.577350" x="-0.577350" z="0.577350"/>
            </vertex>
            <vertex>
                <position y="-0.612000" x="-0.612000" z="1.000000"/>
                <normal y="-0.577350" x="-0.577350" z="0.577350"/>
            </vertex>
            <vertex>
                <position y="-0.612000" x="-1.000000" z="0.612000"/>
                <normal y="-0.577350" x="-0.577350" z="0.577350"/>
            </vertex>
            <vertex>
                <position y="-1.000000" x="-0.612000" z="-0.612000"/>
                <normal y="-0.577350" x="-0.577350" z="-0.577350"/>
            </vertex>
            <vertex>
                <position y="-0.612000" x="-1.000000" z="-0.612000"/>
                <normal y="-0.577350" x="-0.577350" z="-0.577350"/>
            </vertex>
            <vertex>
                <position y="-0.612000" x="-0.612000" z="-1.000000"/>
                <normal y="-0.577350" x="-0.577350" z="-0.577350"/>
            </vertex>
            <vertex>
                <position y="1.000000" x="0.612000" z="-0.612000"/>
                <normal y="0.577350" x="0.577351" z="-0.577350"/>
            </vertex>
            <vertex>
                <position y="0.612000" x="1.000000" z="-0.612000"/>
                <normal y="0.577350" x="0.577351" z="-0.577350"/>
            </vertex>
            <vertex>
                <position y="0.612000" x="0.612000" z="-1.000000"/>
                <normal y="0.577350" x="0.577351" z="-0.577350"/>
            </vertex>
            <vertex>
                <position y="1.000000" x="0.612000" z="0.612000"/>
                <normal y="0.577350" x="0.577350" z="0.577351"/>
            </vertex>
            <vertex>
                <position y="0.612000" x="0.611999" z="1.000000"/>
                <normal y="0.577350" x="0.577350" z="0.577351"/>
            </vertex>
            <vertex>
                <position y="0.612000" x="1.000000" z="0.612000"/>
                <normal y="0.577350" x="0.577350" z="0.577351"/>
            </vertex>
            <vertex>
                <position y="1.000000" x="-0.612000" z="0.612000"/>
                <normal y="0.577350" x="-0.577350" z="0.577350"/>
            </vertex>
            <vertex>
                <position y="0.612000" x="-1.000000" z="0.612000"/>
                <normal y="0.577350" x="-0.577350" z="0.577350"/>
            </vertex>
            <vertex>
                <position y="0.612000" x="-0.612000" z="1.000000"/>
                <normal y="0.577350" x="-0.577350" z="0.577350"/>
            </vertex>
            <vertex>
                <position y="1.000000" x="-0.612000" z="-0.612000"/>
                <normal y="0.577350" x="-0.577350" z="-0.577350"/>
            </vertex>
            <vertex>
                <position y="0.612000" x="-0.612000" z="-1.000000"/>
                <normal y="0.577350" x="-0.577350" z="-0.577350"/>
            </vertex>
            <vertex>
                <position y="0.612000" x="-1.000000" z="-0.612000"/>
                <normal y="0.577350" x="-0.577350" z="-0.577350"/>
            </vertex>
        </vertexbuffer>
    </sharedgeometry>
    <submeshes>
        <submesh usesharedvertices="true" material="Material" use32bitindexes="False">
            <faces count="44">
                <face v1="0" v2="1" v3="2"/>
                <face v1="0" v2="2" v3="3"/>
                <face v1="4" v2="5" v3="6"/>
                <face v1="4" v2="6" v3="7"/>
                <face v1="8" v2="9" v3="10"/>
                <face v1="8" v2="10" v3="11"/>
                <face v1="12" v2="13" v3="14"/>
                <face v1="12" v2="14" v3="15"/>
                <face v1="16" v2="17" v3="18"/>
                <face v1="16" v2="18" v3="19"/>
                <face v1="20" v2="21" v3="22"/>
                <face v1="20" v2="22" v3="23"/>
                <face v1="24" v2="25" v3="26"/>
                <face v1="24" v2="26" v3="27"/>
                <face v1="28" v2="29" v3="30"/>
                <face v1="28" v2="30" v3="31"/>
                <face v1="32" v2="33" v3="34"/>
                <face v1="32" v2="34" v3="35"/>
                <face v1="36" v2="37" v3="38"/>
                <face v1="36" v2="38" v3="39"/>
                <face v1="40" v2="41" v3="42"/>
                <face v1="40" v2="42" v3="43"/>
                <face v1="44" v2="45" v3="46"/>
                <face v1="44" v2="46" v3="47"/>
                <face v1="48" v2="49" v3="50"/>
                <face v1="48" v2="50" v3="51"/>
                <face v1="52" v2="53" v3="54"/>
                <face v1="52" v2="54" v3="55"/>
                <face v1="56" v2="57" v3="58"/>
                <face v1="56" v2="58" v3="59"/>
                <face v1="60" v2="61" v3="62"/>
                <face v1="60" v2="62" v3="63"/>
                <face v1="64" v2="65" v3="66"/>
                <face v1="64" v2="66" v3="67"/>
                <face v1="68" v2="69" v3="70"/>
                <face v1="68" v2="70" v3="71"/>
                <face v1="72" v2="73" v3="74"/>
                <face v1="75" v2="76" v3="77"/>
                <face v1="78" v2="79" v3="80"/>
                <face v1="81" v2="82" v3="83"/>
                <face v1="84" v2="85" v3="86"/>
                <face v1="87" v2="88" v3="89"/>
                <face v1="90" v2="91" v3="92"/>
                <face v1="93" v2="94" v3="95"/>
            </faces>
        </submesh>
    </submeshes>
    <submeshnames>
        <submesh index="0" name="Material">
        </submesh>
    </submeshnames>
</mesh>