<?xml version="1.0" encoding="UTF-8"?>
<mesh>
    <sharedgeometry vertexcount="174">
        <vertexbuffer texture_coords="0" positions="true" colours_diffuse="False" normals="true">
            <vertex>
                <position y="1.012855" x="0.020245" z="-0.971820"/>
                <normal y="0.790732" x="0.265607" z="-0.551539"/>
            </vertex>
            <vertex>
                <position y="1.661380" x="0.020246" z="-0.042041"/>
                <normal y="0.790732" x="0.265607" z="-0.551539"/>
            </vertex>
            <vertex>
                <position y="1.012855" x="0.747176" z="-0.621749"/>
                <normal y="0.790732" x="0.265607" z="-0.551539"/>
            </vertex>
            <vertex>
                <position y="1.012855" x="0.951959" z="0.196512"/>
                <normal y="0.790732" x="0.596814" z="-0.136219"/>
            </vertex>
            <vertex>
                <position y="1.012855" x="0.772422" z="-0.590091"/>
                <normal y="0.790732" x="0.596814" z="-0.136219"/>
            </vertex>
            <vertex>
                <position y="1.661380" x="0.045492" z="-0.010383"/>
                <normal y="0.790732" x="0.596814" z="-0.136219"/>
            </vertex>
            <vertex>
                <position y="1.012855" x="0.439898" z="0.866795"/>
                <normal y="0.790732" x="0.478608" z="0.381677"/>
            </vertex>
            <vertex>
                <position y="1.012855" x="0.942949" z="0.235988"/>
                <normal y="0.790732" x="0.478608" z="0.381677"/>
            </vertex>
            <vertex>
                <position y="1.661380" x="0.036481" z="0.029093"/>
                <normal y="0.790732" x="0.478608" z="0.381677"/>
            </vertex>
            <vertex>
                <position y="1.012855" x="-0.403416" z="0.884363"/>
                <normal y="0.790732" x="0.000000" z="0.612162"/>
            </vertex>
            <vertex>
                <position y="1.012855" x="0.403416" z="0.884363"/>
                <normal y="0.790732" x="0.000000" z="0.612162"/>
            </vertex>
            <vertex>
                <position y="1.661380" x="-0.000000" z="0.046662"/>
                <normal y="0.790732" x="0.000000" z="0.612162"/>
            </vertex>
            <vertex>
                <position y="1.012855" x="-0.942949" z="0.235988"/>
                <normal y="0.790732" x="-0.478608" z="0.381677"/>
            </vertex>
            <vertex>
                <position y="1.012855" x="-0.439898" z="0.866795"/>
                <normal y="0.790732" x="-0.478608" z="0.381677"/>
            </vertex>
            <vertex>
                <position y="1.661380" x="-0.036482" z="0.029093"/>
                <normal y="0.790732" x="-0.478608" z="0.381677"/>
            </vertex>
            <vertex>
                <position y="1.012855" x="-0.772422" z="-0.590092"/>
                <normal y="0.790732" x="-0.596814" z="-0.136219"/>
            </vertex>
            <vertex>
                <position y="1.012855" x="-0.951959" z="0.196512"/>
                <normal y="0.790732" x="-0.596814" z="-0.136219"/>
            </vertex>
            <vertex>
                <position y="1.661380" x="-0.045492" z="-0.010383"/>
                <normal y="0.790732" x="-0.596814" z="-0.136219"/>
            </vertex>
            <vertex>
                <position y="1.012855" x="-0.020246" z="-0.971820"/>
                <normal y="0.790732" x="-0.265607" z="-0.551539"/>
            </vertex>
            <vertex>
                <position y="1.012855" x="-0.747176" z="-0.621749"/>
                <normal y="0.790732" x="-0.265607" z="-0.551539"/>
            </vertex>
            <vertex>
                <position y="1.661380" x="-0.020246" z="-0.042041"/>
                <normal y="0.790732" x="-0.265607" z="-0.551539"/>
            </vertex>
            <vertex>
                <position y="0.982252" x="0.019537" z="-0.978131"/>
                <normal y="-0.534570" x="0.366685" z="-0.761431"/>
            </vertex>
            <vertex>
                <position y="0.982252" x="0.752552" z="-0.625130"/>
                <normal y="-0.534570" x="0.366685" z="-0.761431"/>
            </vertex>
            <vertex>
                <position y="-0.353193" x="0.019537" z="-0.040569"/>
                <normal y="-0.534570" x="0.366685" z="-0.761431"/>
            </vertex>
            <vertex>
                <position y="0.982252" x="0.776915" z="-0.594581"/>
                <normal y="-0.534570" x="0.823935" z="-0.188058"/>
            </vertex>
            <vertex>
                <position y="0.982252" x="0.957955" z="0.198607"/>
                <normal y="-0.534570" x="0.823935" z="-0.188058"/>
            </vertex>
            <vertex>
                <position y="-0.353193" x="0.043900" z="-0.010020"/>
                <normal y="-0.534570" x="0.823935" z="-0.188058"/>
            </vertex>
            <vertex>
                <position y="0.982252" x="0.949260" z="0.236702"/>
                <normal y="-0.534570" x="0.660745" z="0.526926"/>
            </vertex>
            <vertex>
                <position y="0.982252" x="0.441998" z="0.872789"/>
                <normal y="-0.534570" x="0.660745" z="0.526926"/>
            </vertex>
            <vertex>
                <position y="-0.353193" x="0.035205" z="0.028075"/>
                <normal y="-0.534570" x="0.660745" z="0.526926"/>
            </vertex>
            <vertex>
                <position y="0.982252" x="0.406793" z="0.889743"/>
                <normal y="-0.534570" x="0.000000" z="0.845124"/>
            </vertex>
            <vertex>
                <position y="0.982252" x="-0.406793" z="0.889743"/>
                <normal y="-0.534570" x="0.000000" z="0.845124"/>
            </vertex>
            <vertex>
                <position y="-0.353193" x="-0.000000" z="0.045029"/>
                <normal y="-0.534570" x="0.000000" z="0.845124"/>
            </vertex>
            <vertex>
                <position y="0.982252" x="-0.441998" z="0.872789"/>
                <normal y="-0.534570" x="-0.660745" z="0.526926"/>
            </vertex>
            <vertex>
                <position y="0.982252" x="-0.949260" z="0.236702"/>
                <normal y="-0.534570" x="-0.660745" z="0.526926"/>
            </vertex>
            <vertex>
                <position y="-0.353193" x="-0.035205" z="0.028075"/>
                <normal y="-0.534570" x="-0.660745" z="0.526926"/>
            </vertex>
            <vertex>
                <position y="0.982252" x="-0.957955" z="0.198607"/>
                <normal y="-0.534570" x="-0.823935" z="-0.188058"/>
            </vertex>
            <vertex>
                <position y="0.982252" x="-0.776915" z="-0.594581"/>
                <normal y="-0.534570" x="-0.823935" z="-0.188058"/>
            </vertex>
            <vertex>
                <position y="-0.353193" x="-0.043900" z="-0.010020"/>
                <normal y="-0.534570" x="-0.823935" z="-0.188058"/>
            </vertex>
            <vertex>
                <position y="-0.353193" x="-0.019537" z="-0.040570"/>
                <normal y="-0.534570" x="-0.366685" z="-0.761431"/>
            </vertex>
            <vertex>
                <position y="0.982252" x="-0.752552" z="-0.625131"/>
                <normal y="-0.534570" x="-0.366685" z="-0.761431"/>
            </vertex>
            <vertex>
                <position y="0.982252" x="-0.019538" z="-0.978131"/>
                <normal y="-0.534570" x="-0.366685" z="-0.761431"/>
            </vertex>
            <vertex>
                <position y="1.661380" x="0.020246" z="-0.042041"/>
                <normal y="0.820192" x="0.447276" z="-0.356691"/>
            </vertex>
            <vertex>
                <position y="1.661380" x="0.045492" z="-0.010383"/>
                <normal y="0.820192" x="0.447276" z="-0.356691"/>
            </vertex>
            <vertex>
                <position y="1.012855" x="0.772422" z="-0.590091"/>
                <normal y="0.820192" x="0.447276" z="-0.356691"/>
            </vertex>
            <vertex>
                <position y="1.012855" x="0.747176" z="-0.621749"/>
                <normal y="0.820192" x="0.447276" z="-0.356691"/>
            </vertex>
            <vertex>
                <position y="1.661380" x="-0.020246" z="-0.042041"/>
                <normal y="0.820192" x="0.000001" z="-0.572088"/>
            </vertex>
            <vertex>
                <position y="1.661380" x="0.020246" z="-0.042041"/>
                <normal y="0.820192" x="0.000001" z="-0.572088"/>
            </vertex>
            <vertex>
                <position y="1.012855" x="0.020245" z="-0.971820"/>
                <normal y="0.820192" x="0.000001" z="-0.572088"/>
            </vertex>
            <vertex>
                <position y="1.012855" x="-0.020246" z="-0.971820"/>
                <normal y="0.820192" x="0.000001" z="-0.572088"/>
            </vertex>
            <vertex>
                <position y="1.012855" x="0.747176" z="-0.621749"/>
                <normal y="0.173127" x="0.427332" z="-0.887364"/>
            </vertex>
            <vertex>
                <position y="0.982252" x="0.752552" z="-0.625130"/>
                <normal y="0.173127" x="0.427332" z="-0.887364"/>
            </vertex>
            <vertex>
                <position y="0.982252" x="0.019537" z="-0.978131"/>
                <normal y="0.173127" x="0.427332" z="-0.887364"/>
            </vertex>
            <vertex>
                <position y="1.012855" x="0.020245" z="-0.971820"/>
                <normal y="0.173127" x="0.427332" z="-0.887364"/>
            </vertex>
            <vertex>
                <position y="1.661380" x="0.045492" z="-0.010383"/>
                <normal y="0.820192" x="0.557744" z="0.127302"/>
            </vertex>
            <vertex>
                <position y="1.661380" x="0.036481" z="0.029093"/>
                <normal y="0.820192" x="0.557744" z="0.127302"/>
            </vertex>
            <vertex>
                <position y="1.012855" x="0.942949" z="0.235988"/>
                <normal y="0.820192" x="0.557744" z="0.127302"/>
            </vertex>
            <vertex>
                <position y="1.012855" x="0.951959" z="0.196512"/>
                <normal y="0.820192" x="0.557744" z="0.127302"/>
            </vertex>
            <vertex>
                <position y="1.012855" x="0.951959" z="0.196512"/>
                <normal y="0.173127" x="0.960206" z="-0.219161"/>
            </vertex>
            <vertex>
                <position y="0.982252" x="0.957955" z="0.198607"/>
                <normal y="0.173127" x="0.960206" z="-0.219161"/>
            </vertex>
            <vertex>
                <position y="0.982252" x="0.776915" z="-0.594581"/>
                <normal y="0.173127" x="0.960206" z="-0.219161"/>
            </vertex>
            <vertex>
                <position y="1.012855" x="0.772422" z="-0.590091"/>
                <normal y="0.173127" x="0.960206" z="-0.219161"/>
            </vertex>
            <vertex>
                <position y="1.661380" x="0.036481" z="0.029093"/>
                <normal y="0.820192" x="0.248220" z="0.515433"/>
            </vertex>
            <vertex>
                <position y="1.661380" x="-0.000000" z="0.046662"/>
                <normal y="0.820192" x="0.248220" z="0.515433"/>
            </vertex>
            <vertex>
                <position y="1.012855" x="0.403416" z="0.884363"/>
                <normal y="0.820192" x="0.248220" z="0.515433"/>
            </vertex>
            <vertex>
                <position y="1.012855" x="0.439898" z="0.866795"/>
                <normal y="0.820192" x="0.248220" z="0.515433"/>
            </vertex>
            <vertex>
                <position y="1.012855" x="0.439898" z="0.866795"/>
                <normal y="0.173127" x="0.770026" z="0.614075"/>
            </vertex>
            <vertex>
                <position y="0.982252" x="0.441998" z="0.872789"/>
                <normal y="0.173127" x="0.770026" z="0.614075"/>
            </vertex>
            <vertex>
                <position y="0.982252" x="0.949260" z="0.236702"/>
                <normal y="0.173127" x="0.770026" z="0.614075"/>
            </vertex>
            <vertex>
                <position y="1.012855" x="0.942949" z="0.235988"/>
                <normal y="0.173127" x="0.770026" z="0.614075"/>
            </vertex>
            <vertex>
                <position y="1.661380" x="-0.000000" z="0.046662"/>
                <normal y="0.820192" x="-0.248220" z="0.515433"/>
            </vertex>
            <vertex>
                <position y="1.661380" x="-0.036482" z="0.029093"/>
                <normal y="0.820192" x="-0.248220" z="0.515433"/>
            </vertex>
            <vertex>
                <position y="1.012855" x="-0.439898" z="0.866795"/>
                <normal y="0.820192" x="-0.248220" z="0.515433"/>
            </vertex>
            <vertex>
                <position y="1.012855" x="-0.403416" z="0.884363"/>
                <normal y="0.820192" x="-0.248220" z="0.515433"/>
            </vertex>
            <vertex>
                <position y="1.012855" x="-0.403416" z="0.884363"/>
                <normal y="0.173127" x="0.000000" z="0.984900"/>
            </vertex>
            <vertex>
                <position y="0.982252" x="-0.406793" z="0.889743"/>
                <normal y="0.173127" x="0.000000" z="0.984900"/>
            </vertex>
            <vertex>
                <position y="0.982252" x="0.406793" z="0.889743"/>
                <normal y="0.173127" x="0.000000" z="0.984900"/>
            </vertex>
            <vertex>
                <position y="1.012855" x="0.403416" z="0.884363"/>
                <normal y="0.173127" x="0.000000" z="0.984900"/>
            </vertex>
            <vertex>
                <position y="1.661380" x="-0.036482" z="0.029093"/>
                <normal y="0.820192" x="-0.557744" z="0.127301"/>
            </vertex>
            <vertex>
                <position y="1.661380" x="-0.045492" z="-0.010383"/>
                <normal y="0.820192" x="-0.557744" z="0.127301"/>
            </vertex>
            <vertex>
                <position y="1.012855" x="-0.951959" z="0.196512"/>
                <normal y="0.820192" x="-0.557744" z="0.127301"/>
            </vertex>
            <vertex>
                <position y="1.012855" x="-0.942949" z="0.235988"/>
                <normal y="0.820192" x="-0.557744" z="0.127301"/>
            </vertex>
            <vertex>
                <position y="1.012855" x="-0.942949" z="0.235988"/>
                <normal y="0.173126" x="-0.770026" z="0.614075"/>
            </vertex>
            <vertex>
                <position y="0.982252" x="-0.949260" z="0.236702"/>
                <normal y="0.173126" x="-0.770026" z="0.614075"/>
            </vertex>
            <vertex>
                <position y="0.982252" x="-0.441998" z="0.872789"/>
                <normal y="0.173126" x="-0.770026" z="0.614075"/>
            </vertex>
            <vertex>
                <position y="1.012855" x="-0.439898" z="0.866795"/>
                <normal y="0.173126" x="-0.770026" z="0.614075"/>
            </vertex>
            <vertex>
                <position y="1.661380" x="-0.045492" z="-0.010383"/>
                <normal y="0.820192" x="-0.447276" z="-0.356691"/>
            </vertex>
            <vertex>
                <position y="1.661380" x="-0.020246" z="-0.042041"/>
                <normal y="0.820192" x="-0.447276" z="-0.356691"/>
            </vertex>
            <vertex>
                <position y="1.012855" x="-0.747176" z="-0.621749"/>
                <normal y="0.820192" x="-0.447276" z="-0.356691"/>
            </vertex>
            <vertex>
                <position y="1.012855" x="-0.772422" z="-0.590092"/>
                <normal y="0.820192" x="-0.447276" z="-0.356691"/>
            </vertex>
            <vertex>
                <position y="1.012855" x="-0.772422" z="-0.590092"/>
                <normal y="0.173126" x="-0.960206" z="-0.219161"/>
            </vertex>
            <vertex>
                <position y="0.982252" x="-0.776915" z="-0.594581"/>
                <normal y="0.173126" x="-0.960206" z="-0.219161"/>
            </vertex>
            <vertex>
                <position y="0.982252" x="-0.957955" z="0.198607"/>
                <normal y="0.173126" x="-0.960206" z="-0.219161"/>
            </vertex>
            <vertex>
                <position y="1.012855" x="-0.951959" z="0.196512"/>
                <normal y="0.173126" x="-0.960206" z="-0.219161"/>
            </vertex>
            <vertex>
                <position y="0.982252" x="-0.752552" z="-0.625131"/>
                <normal y="0.173125" x="-0.427332" z="-0.887364"/>
            </vertex>
            <vertex>
                <position y="1.012855" x="-0.747176" z="-0.621749"/>
                <normal y="0.173125" x="-0.427332" z="-0.887364"/>
            </vertex>
            <vertex>
                <position y="1.012855" x="-0.020246" z="-0.971820"/>
                <normal y="0.173125" x="-0.427332" z="-0.887364"/>
            </vertex>
            <vertex>
                <position y="0.982252" x="-0.019538" z="-0.978131"/>
                <normal y="0.173125" x="-0.427332" z="-0.887364"/>
            </vertex>
            <vertex>
                <position y="0.982252" x="-0.019538" z="-0.978131"/>
                <normal y="-0.574593" x="-0.000000" z="-0.818439"/>
            </vertex>
            <vertex>
                <position y="0.982252" x="0.019537" z="-0.978131"/>
                <normal y="-0.574593" x="-0.000000" z="-0.818439"/>
            </vertex>
            <vertex>
                <position y="-0.353193" x="0.019537" z="-0.040569"/>
                <normal y="-0.574593" x="-0.000000" z="-0.818439"/>
            </vertex>
            <vertex>
                <position y="-0.353193" x="-0.019537" z="-0.040570"/>
                <normal y="-0.574593" x="-0.000000" z="-0.818439"/>
            </vertex>
            <vertex>
                <position y="0.982252" x="0.752552" z="-0.625130"/>
                <normal y="-0.574593" x="0.639881" z="-0.510289"/>
            </vertex>
            <vertex>
                <position y="0.982252" x="0.776915" z="-0.594581"/>
                <normal y="-0.574593" x="0.639881" z="-0.510289"/>
            </vertex>
            <vertex>
                <position y="-0.353193" x="0.043900" z="-0.010020"/>
                <normal y="-0.574593" x="0.639881" z="-0.510289"/>
            </vertex>
            <vertex>
                <position y="-0.353193" x="0.019537" z="-0.040569"/>
                <normal y="-0.574593" x="0.639881" z="-0.510289"/>
            </vertex>
            <vertex>
                <position y="0.982252" x="0.957955" z="0.198607"/>
                <normal y="-0.574593" x="0.797919" z="0.182120"/>
            </vertex>
            <vertex>
                <position y="0.982252" x="0.949260" z="0.236702"/>
                <normal y="-0.574593" x="0.797919" z="0.182120"/>
            </vertex>
            <vertex>
                <position y="-0.353193" x="0.035205" z="0.028075"/>
                <normal y="-0.574593" x="0.797919" z="0.182120"/>
            </vertex>
            <vertex>
                <position y="-0.353193" x="0.043900" z="-0.010020"/>
                <normal y="-0.574593" x="0.797919" z="0.182120"/>
            </vertex>
            <vertex>
                <position y="0.982252" x="0.441998" z="0.872789"/>
                <normal y="-0.574593" x="0.355108" z="0.737388"/>
            </vertex>
            <vertex>
                <position y="0.982252" x="0.406793" z="0.889743"/>
                <normal y="-0.574593" x="0.355108" z="0.737388"/>
            </vertex>
            <vertex>
                <position y="-0.353193" x="-0.000000" z="0.045029"/>
                <normal y="-0.574593" x="0.355108" z="0.737388"/>
            </vertex>
            <vertex>
                <position y="-0.353193" x="0.035205" z="0.028075"/>
                <normal y="-0.574593" x="0.355108" z="0.737388"/>
            </vertex>
            <vertex>
                <position y="0.982252" x="-0.406793" z="0.889743"/>
                <normal y="-0.574593" x="-0.355108" z="0.737388"/>
            </vertex>
            <vertex>
                <position y="0.982252" x="-0.441998" z="0.872789"/>
                <normal y="-0.574593" x="-0.355108" z="0.737388"/>
            </vertex>
            <vertex>
                <position y="-0.353193" x="-0.035205" z="0.028075"/>
                <normal y="-0.574593" x="-0.355108" z="0.737388"/>
            </vertex>
            <vertex>
                <position y="-0.353193" x="-0.000000" z="0.045029"/>
                <normal y="-0.574593" x="-0.355108" z="0.737388"/>
            </vertex>
            <vertex>
                <position y="0.982252" x="-0.949260" z="0.236702"/>
                <normal y="-0.574593" x="-0.797919" z="0.182120"/>
            </vertex>
            <vertex>
                <position y="0.982252" x="-0.957955" z="0.198607"/>
                <normal y="-0.574593" x="-0.797919" z="0.182120"/>
            </vertex>
            <vertex>
                <position y="-0.353193" x="-0.043900" z="-0.010020"/>
                <normal y="-0.574593" x="-0.797919" z="0.182120"/>
            </vertex>
            <vertex>
                <position y="-0.353193" x="-0.035205" z="0.028075"/>
                <normal y="-0.574593" x="-0.797919" z="0.182120"/>
            </vertex>
            <vertex>
                <position y="0.982252" x="-0.776915" z="-0.594581"/>
                <normal y="-0.574593" x="-0.639881" z="-0.510289"/>
            </vertex>
            <vertex>
                <position y="0.982252" x="-0.752552" z="-0.625131"/>
                <normal y="-0.574593" x="-0.639881" z="-0.510289"/>
            </vertex>
            <vertex>
                <position y="-0.353193" x="-0.019537" z="-0.040570"/>
                <normal y="-0.574593" x="-0.639881" z="-0.510289"/>
            </vertex>
            <vertex>
                <position y="-0.353193" x="-0.043900" z="-0.010020"/>
                <normal y="-0.574593" x="-0.639881" z="-0.510289"/>
            </vertex>
            <vertex>
                <position y="-0.353193" x="0.019537" z="-0.040569"/>
                <normal y="-1.000000" x="-0.000000" z="-0.000002"/>
            </vertex>
            <vertex>
                <position y="-0.353193" x="-0.035205" z="0.028075"/>
                <normal y="-1.000000" x="-0.000000" z="-0.000002"/>
            </vertex>
            <vertex>
                <position y="-0.353193" x="-0.043900" z="-0.010020"/>
                <normal y="-1.000000" x="-0.000000" z="-0.000002"/>
            </vertex>
            <vertex>
                <position y="-0.353193" x="-0.019537" z="-0.040570"/>
                <normal y="-1.000000" x="-0.000000" z="-0.000002"/>
            </vertex>
            <vertex>
                <position y="1.012855" x="0.020245" z="-0.971820"/>
                <normal y="0.201998" x="0.000001" z="-0.979386"/>
            </vertex>
            <vertex>
                <position y="0.982252" x="0.019537" z="-0.978131"/>
                <normal y="0.201998" x="0.000001" z="-0.979386"/>
            </vertex>
            <vertex>
                <position y="0.982252" x="-0.019538" z="-0.978131"/>
                <normal y="0.201998" x="0.000001" z="-0.979386"/>
            </vertex>
            <vertex>
                <position y="1.012855" x="-0.020246" z="-0.971820"/>
                <normal y="0.201998" x="0.000001" z="-0.979386"/>
            </vertex>
            <vertex>
                <position y="1.012855" x="0.772422" z="-0.590091"/>
                <normal y="0.201999" x="0.765714" z="-0.610638"/>
            </vertex>
            <vertex>
                <position y="0.982252" x="0.776915" z="-0.594581"/>
                <normal y="0.201999" x="0.765714" z="-0.610638"/>
            </vertex>
            <vertex>
                <position y="0.982252" x="0.752552" z="-0.625130"/>
                <normal y="0.201999" x="0.765714" z="-0.610638"/>
            </vertex>
            <vertex>
                <position y="1.012855" x="0.747176" z="-0.621749"/>
                <normal y="0.201999" x="0.765714" z="-0.610638"/>
            </vertex>
            <vertex>
                <position y="1.012855" x="0.942949" z="0.235988"/>
                <normal y="0.201999" x="0.954830" z="0.217934"/>
            </vertex>
            <vertex>
                <position y="0.982252" x="0.949260" z="0.236702"/>
                <normal y="0.201999" x="0.954830" z="0.217934"/>
            </vertex>
            <vertex>
                <position y="0.982252" x="0.957955" z="0.198607"/>
                <normal y="0.201999" x="0.954830" z="0.217934"/>
            </vertex>
            <vertex>
                <position y="1.012855" x="0.951959" z="0.196512"/>
                <normal y="0.201999" x="0.954830" z="0.217934"/>
            </vertex>
            <vertex>
                <position y="1.012855" x="0.403416" z="0.884363"/>
                <normal y="0.201999" x="0.424940" z="0.882396"/>
            </vertex>
            <vertex>
                <position y="0.982252" x="0.406793" z="0.889743"/>
                <normal y="0.201999" x="0.424940" z="0.882396"/>
            </vertex>
            <vertex>
                <position y="0.982252" x="0.441998" z="0.872789"/>
                <normal y="0.201999" x="0.424940" z="0.882396"/>
            </vertex>
            <vertex>
                <position y="1.012855" x="0.439898" z="0.866795"/>
                <normal y="0.201999" x="0.424940" z="0.882396"/>
            </vertex>
            <vertex>
                <position y="1.012855" x="-0.439898" z="0.866795"/>
                <normal y="0.201999" x="-0.424940" z="0.882396"/>
            </vertex>
            <vertex>
                <position y="0.982252" x="-0.441998" z="0.872789"/>
                <normal y="0.201999" x="-0.424940" z="0.882396"/>
            </vertex>
            <vertex>
                <position y="0.982252" x="-0.406793" z="0.889743"/>
                <normal y="0.201999" x="-0.424940" z="0.882396"/>
            </vertex>
            <vertex>
                <position y="1.012855" x="-0.403416" z="0.884363"/>
                <normal y="0.201999" x="-0.424940" z="0.882396"/>
            </vertex>
            <vertex>
                <position y="1.012855" x="-0.951959" z="0.196512"/>
                <normal y="0.201999" x="-0.954831" z="0.217934"/>
            </vertex>
            <vertex>
                <position y="0.982252" x="-0.957955" z="0.198607"/>
                <normal y="0.201999" x="-0.954831" z="0.217934"/>
            </vertex>
            <vertex>
                <position y="0.982252" x="-0.949260" z="0.236702"/>
                <normal y="0.201999" x="-0.954831" z="0.217934"/>
            </vertex>
            <vertex>
                <position y="1.012855" x="-0.942949" z="0.235988"/>
                <normal y="0.201999" x="-0.954831" z="0.217934"/>
            </vertex>
            <vertex>
                <position y="1.012855" x="-0.747176" z="-0.621749"/>
                <normal y="0.201998" x="-0.765715" z="-0.610637"/>
            </vertex>
            <vertex>
                <position y="0.982252" x="-0.752552" z="-0.625131"/>
                <normal y="0.201998" x="-0.765715" z="-0.610637"/>
            </vertex>
            <vertex>
                <position y="0.982252" x="-0.776915" z="-0.594581"/>
                <normal y="0.201998" x="-0.765715" z="-0.610637"/>
            </vertex>
            <vertex>
                <position y="1.012855" x="-0.772422" z="-0.590092"/>
                <normal y="0.201998" x="-0.765715" z="-0.610637"/>
            </vertex>
            <vertex>
                <position y="1.661380" x="-0.036482" z="0.029093"/>
                <normal y="1.000000" x="-0.000000" z="-0.000000"/>
            </vertex>
            <vertex>
                <position y="1.661380" x="0.020246" z="-0.042041"/>
                <normal y="1.000000" x="-0.000000" z="-0.000000"/>
            </vertex>
            <vertex>
                <position y="1.661380" x="-0.020246" z="-0.042041"/>
                <normal y="1.000000" x="-0.000000" z="-0.000000"/>
            </vertex>
            <vertex>
                <position y="1.661380" x="-0.045492" z="-0.010383"/>
                <normal y="1.000000" x="-0.000000" z="-0.000000"/>
            </vertex>
            <vertex>
                <position y="-0.353193" x="-0.000000" z="0.045029"/>
                <normal y="-1.000000" x="0.000001" z="-0.000000"/>
            </vertex>
            <vertex>
                <position y="-0.353193" x="0.019537" z="-0.040569"/>
                <normal y="-1.000000" x="0.000001" z="-0.000000"/>
            </vertex>
            <vertex>
                <position y="-0.353193" x="0.043900" z="-0.010020"/>
                <normal y="-1.000000" x="0.000001" z="-0.000000"/>
            </vertex>
            <vertex>
                <position y="-0.353193" x="0.035205" z="0.028075"/>
                <normal y="-1.000000" x="0.000001" z="-0.000000"/>
            </vertex>
            <vertex>
                <position y="-0.353193" x="0.019537" z="-0.040569"/>
                <normal y="-1.000000" x="0.000000" z="-0.000000"/>
            </vertex>
            <vertex>
                <position y="-0.353193" x="-0.000000" z="0.045029"/>
                <normal y="-1.000000" x="0.000000" z="-0.000000"/>
            </vertex>
            <vertex>
                <position y="-0.353193" x="-0.035205" z="0.028075"/>
                <normal y="-1.000000" x="0.000000" z="-0.000000"/>
            </vertex>
            <vertex>
                <position y="1.661380" x="0.045492" z="-0.010383"/>
                <normal y="1.000000" x="0.000000" z="0.000000"/>
            </vertex>
            <vertex>
                <position y="1.661380" x="-0.036482" z="0.029093"/>
                <normal y="1.000000" x="0.000000" z="0.000000"/>
            </vertex>
            <vertex>
                <position y="1.661380" x="-0.000000" z="0.046662"/>
                <normal y="1.000000" x="0.000000" z="0.000000"/>
            </vertex>
            <vertex>
                <position y="1.661380" x="0.036481" z="0.029093"/>
                <normal y="1.000000" x="0.000000" z="0.000000"/>
            </vertex>
            <vertex>
                <position y="1.661380" x="0.045492" z="-0.010383"/>
                <normal y="1.000000" x="-0.000000" z="-0.000000"/>
            </vertex>
        </vertexbuffer>
    </sharedgeometry>
    <submeshes>
        <submesh usesharedvertices="true" material="Material.001" use32bitindexes="False">
            <faces count="80">
                <face v1="0" v2="1" v3="2"/>
                <face v1="3" v2="4" v3="5"/>
                <face v1="6" v2="7" v3="8"/>
                <face v1="9" v2="10" v3="11"/>
                <face v1="12" v2="13" v3="14"/>
                <face v1="15" v2="16" v3="17"/>
                <face v1="18" v2="19" v3="20"/>
                <face v1="21" v2="22" v3="23"/>
                <face v1="24" v2="25" v3="26"/>
                <face v1="27" v2="28" v3="29"/>
                <face v1="30" v2="31" v3="32"/>
                <face v1="33" v2="34" v3="35"/>
                <face v1="36" v2="37" v3="38"/>
                <face v1="39" v2="40" v3="41"/>
                <face v1="42" v2="43" v3="44"/>
                <face v1="42" v2="44" v3="45"/>
                <face v1="46" v2="47" v3="48"/>
                <face v1="46" v2="48" v3="49"/>
                <face v1="50" v2="51" v3="52"/>
                <face v1="50" v2="52" v3="53"/>
                <face v1="54" v2="55" v3="56"/>
                <face v1="54" v2="56" v3="57"/>
                <face v1="58" v2="59" v3="60"/>
                <face v1="58" v2="60" v3="61"/>
                <face v1="62" v2="63" v3="64"/>
                <face v1="62" v2="64" v3="65"/>
                <face v1="66" v2="67" v3="68"/>
                <face v1="66" v2="68" v3="69"/>
                <face v1="70" v2="71" v3="72"/>
                <face v1="70" v2="72" v3="73"/>
                <face v1="74" v2="75" v3="76"/>
                <face v1="74" v2="76" v3="77"/>
                <face v1="78" v2="79" v3="80"/>
                <face v1="78" v2="80" v3="81"/>
                <face v1="82" v2="83" v3="84"/>
                <face v1="82" v2="84" v3="85"/>
                <face v1="86" v2="87" v3="88"/>
                <face v1="86" v2="88" v3="89"/>
                <face v1="90" v2="91" v3="92"/>
                <face v1="90" v2="92" v3="93"/>
                <face v1="94" v2="95" v3="96"/>
                <face v1="94" v2="96" v3="97"/>
                <face v1="98" v2="99" v3="100"/>
                <face v1="98" v2="100" v3="101"/>
                <face v1="102" v2="103" v3="104"/>
                <face v1="102" v2="104" v3="105"/>
                <face v1="106" v2="107" v3="108"/>
                <face v1="106" v2="108" v3="109"/>
                <face v1="110" v2="111" v3="112"/>
                <face v1="110" v2="112" v3="113"/>
                <face v1="114" v2="115" v3="116"/>
                <face v1="114" v2="116" v3="117"/>
                <face v1="118" v2="119" v3="120"/>
                <face v1="118" v2="120" v3="121"/>
                <face v1="122" v2="123" v3="124"/>
                <face v1="122" v2="124" v3="125"/>
                <face v1="126" v2="127" v3="128"/>
                <face v1="126" v2="128" v3="129"/>
                <face v1="130" v2="131" v3="132"/>
                <face v1="130" v2="132" v3="133"/>
                <face v1="134" v2="135" v3="136"/>
                <face v1="134" v2="136" v3="137"/>
                <face v1="138" v2="139" v3="140"/>
                <face v1="138" v2="140" v3="141"/>
                <face v1="142" v2="143" v3="144"/>
                <face v1="142" v2="144" v3="145"/>
                <face v1="146" v2="147" v3="148"/>
                <face v1="146" v2="148" v3="149"/>
                <face v1="150" v2="151" v3="152"/>
                <face v1="150" v2="152" v3="153"/>
                <face v1="154" v2="155" v3="156"/>
                <face v1="154" v2="156" v3="157"/>
                <face v1="158" v2="159" v3="160"/>
                <face v1="158" v2="160" v3="161"/>
                <face v1="162" v2="163" v3="164"/>
                <face v1="162" v2="164" v3="165"/>
                <face v1="166" v2="167" v3="168"/>
                <face v1="169" v2="170" v3="171"/>
                <face v1="169" v2="171" v3="172"/>
                <face v1="173" v2="159" v3="158"/>
            </faces>
        </submesh>
    </submeshes>
    <submeshnames>
        <submesh index="0" name="Material.001">
        </submesh>
    </submeshnames>
</mesh>