<?xml version="1.0" encoding="UTF-8"?>
<mesh>
    <sharedgeometry vertexcount="236">
        <vertexbuffer texture_coords="0" positions="true" colours_diffuse="False" normals="true">
            <vertex>
                <position y="0.152624" x="0.205341" z="-0.167086"/>
                <normal y="-0.633961" x="-0.454543" z="0.625660"/>
            </vertex>
            <vertex>
                <position y="0.152624" x="0.067663" z="-0.380948"/>
                <normal y="-0.653951" x="-0.719474" z="0.233772"/>
            </vertex>
            <vertex>
                <position y="0.152624" x="0.451281" z="-0.505593"/>
                <normal y="-1.000000" x="0.000000" z="-0.000000"/>
            </vertex>
            <vertex>
                <position y="0.152624" x="0.053342" z="-0.634891"/>
                <normal y="-0.633961" x="-0.735496" z="-0.238960"/>
            </vertex>
            <vertex>
                <position y="1.328719" x="0.278358" z="-0.561779"/>
                <normal y="0.686666" x="-0.691366" z="-0.224616"/>
            </vertex>
            <vertex>
                <position y="1.328719" x="0.284581" z="-0.451429"/>
                <normal y="0.692557" x="-0.686026" z="0.222907"/>
            </vertex>
            <vertex>
                <position y="1.383422" x="0.451281" z="-0.505593"/>
                <normal y="1.000000" x="0.000000" z="-0.000000"/>
            </vertex>
            <vertex>
                <position y="1.328719" x="0.344409" z="-0.358496"/>
                <normal y="0.686666" x="-0.427290" z="0.588092"/>
            </vertex>
            <vertex>
                <position y="0.287858" x="0.205341" z="-0.167086"/>
                <normal y="0.505997" x="-0.506974" z="0.697775"/>
            </vertex>
            <vertex>
                <position y="0.287858" x="0.067663" z="-0.380948"/>
                <normal y="0.515519" x="-0.814905" z="0.264779"/>
            </vertex>
            <vertex>
                <position y="0.287858" x="0.053342" z="-0.634891"/>
                <normal y="0.505997" x="-0.820307" z="-0.266518"/>
            </vertex>
            <vertex>
                <position y="0.327378" x="0.262687" z="-0.246016"/>
                <normal y="-0.254158" x="-0.568468" z="0.782434"/>
            </vertex>
            <vertex>
                <position y="0.327378" x="0.157111" z="-0.410011"/>
                <normal y="-0.237465" x="-0.923826" z="0.300150"/>
            </vertex>
            <vertex>
                <position y="0.327378" x="0.146130" z="-0.604743"/>
                <normal y="-0.254158" x="-0.919797" z="-0.298868"/>
            </vertex>
            <vertex>
                <position y="1.100674" x="0.318357" z="-0.322639"/>
                <normal y="-0.335246" x="-0.553758" z="0.762169"/>
            </vertex>
            <vertex>
                <position y="1.100674" x="0.243946" z="-0.438226"/>
                <normal y="-0.334666" x="-0.896207" z="0.291177"/>
            </vertex>
            <vertex>
                <position y="0.998427" x="0.330160" z="-0.466238"/>
                <normal y="0.335185" x="-0.896023" z="0.291116"/>
            </vertex>
            <vertex>
                <position y="0.998427" x="0.373630" z="-0.398715"/>
                <normal y="0.357646" x="-0.548875" z="0.755486"/>
            </vertex>
            <vertex>
                <position y="1.100674" x="0.236206" z="-0.575475"/>
                <normal y="-0.335246" x="-0.895993" z="-0.291116"/>
            </vertex>
            <vertex>
                <position y="0.998427" x="0.325638" z="-0.546417"/>
                <normal y="0.357646" x="-0.888119" z="-0.288552"/>
            </vertex>
            <vertex>
                <position y="1.216317" x="0.318706" z="-0.323119"/>
                <normal y="0.179693" x="-0.578204" z="0.795831"/>
            </vertex>
            <vertex>
                <position y="1.216317" x="0.244490" z="-0.438403"/>
                <normal y="0.175970" x="-0.936186" z="0.304178"/>
            </vertex>
            <vertex>
                <position y="1.216317" x="0.236771" z="-0.575292"/>
                <normal y="0.179693" x="-0.935575" z="-0.303964"/>
            </vertex>
            <vertex>
                <position y="0.152624" x="0.214192" z="-0.831918"/>
                <normal y="-0.653951" x="-0.444655" z="-0.612018"/>
            </vertex>
            <vertex>
                <position y="0.152624" x="0.451281" z="-0.924011"/>
                <normal y="-0.633961" x="0.000000" z="-0.773339"/>
            </vertex>
            <vertex>
                <position y="1.328719" x="0.451281" z="-0.687415"/>
                <normal y="0.686666" x="0.000000" z="-0.726951"/>
            </vertex>
            <vertex>
                <position y="1.328719" x="0.348255" z="-0.647396"/>
                <normal y="0.692557" x="-0.423994" z="-0.583575"/>
            </vertex>
            <vertex>
                <position y="0.287858" x="0.214192" z="-0.831918"/>
                <normal y="0.515519" x="-0.503647" z="-0.693197"/>
            </vertex>
            <vertex>
                <position y="0.287858" x="0.451281" z="-0.924011"/>
                <normal y="0.505997" x="0.000000" z="-0.862514"/>
            </vertex>
            <vertex>
                <position y="0.327378" x="0.269474" z="-0.755828"/>
                <normal y="-0.237465" x="-0.570971" z="-0.785852"/>
            </vertex>
            <vertex>
                <position y="0.327378" x="0.451281" z="-0.826448"/>
                <normal y="-0.254158" x="0.000000" z="-0.967132"/>
            </vertex>
            <vertex>
                <position y="0.998427" x="0.451281" z="-0.637701"/>
                <normal y="0.357646" x="0.000000" z="-0.933836"/>
            </vertex>
            <vertex>
                <position y="0.998427" x="0.376424" z="-0.608625"/>
                <normal y="0.335185" x="-0.553758" z="-0.762200"/>
            </vertex>
            <vertex>
                <position y="1.100674" x="0.323141" z="-0.681963"/>
                <normal y="-0.334666" x="-0.553880" z="-0.762352"/>
            </vertex>
            <vertex>
                <position y="1.100674" x="0.451281" z="-0.731737"/>
                <normal y="-0.335246" x="0.000000" z="-0.942106"/>
            </vertex>
            <vertex>
                <position y="1.216317" x="0.451281" z="-0.731143"/>
                <normal y="0.179693" x="0.000000" z="-0.983703"/>
            </vertex>
            <vertex>
                <position y="1.216317" x="0.323477" z="-0.681500"/>
                <normal y="0.175970" x="-0.578600" z="-0.796381"/>
            </vertex>
            <vertex>
                <position y="0.152624" x="0.688370" z="-0.831918"/>
                <normal y="-0.653951" x="0.444655" z="-0.612018"/>
            </vertex>
            <vertex>
                <position y="0.152624" x="0.849220" z="-0.634891"/>
                <normal y="-0.633961" x="0.735496" z="-0.238960"/>
            </vertex>
            <vertex>
                <position y="1.328719" x="0.624204" z="-0.561779"/>
                <normal y="0.686666" x="0.691366" z="-0.224616"/>
            </vertex>
            <vertex>
                <position y="1.328719" x="0.554307" z="-0.647396"/>
                <normal y="0.692557" x="0.423994" z="-0.583575"/>
            </vertex>
            <vertex>
                <position y="0.287858" x="0.688370" z="-0.831918"/>
                <normal y="0.515519" x="0.503647" z="-0.693197"/>
            </vertex>
            <vertex>
                <position y="0.287858" x="0.849220" z="-0.634891"/>
                <normal y="0.505997" x="0.820307" z="-0.266518"/>
            </vertex>
            <vertex>
                <position y="0.327378" x="0.633088" z="-0.755828"/>
                <normal y="-0.237465" x="0.570971" z="-0.785852"/>
            </vertex>
            <vertex>
                <position y="0.327378" x="0.756432" z="-0.604743"/>
                <normal y="-0.254158" x="0.919797" z="-0.298868"/>
            </vertex>
            <vertex>
                <position y="1.100674" x="0.579421" z="-0.681963"/>
                <normal y="-0.334666" x="0.553880" z="-0.762352"/>
            </vertex>
            <vertex>
                <position y="0.998427" x="0.526138" z="-0.608624"/>
                <normal y="0.335185" x="0.553758" z="-0.762200"/>
            </vertex>
            <vertex>
                <position y="1.100674" x="0.666357" z="-0.575475"/>
                <normal y="-0.335246" x="0.895993" z="-0.291116"/>
            </vertex>
            <vertex>
                <position y="0.998427" x="0.576924" z="-0.546417"/>
                <normal y="0.357646" x="0.888119" z="-0.288552"/>
            </vertex>
            <vertex>
                <position y="1.216317" x="0.579085" z="-0.681499"/>
                <normal y="0.175970" x="0.578600" z="-0.796381"/>
            </vertex>
            <vertex>
                <position y="1.216317" x="0.665792" z="-0.575292"/>
                <normal y="0.179693" x="0.935575" z="-0.303964"/>
            </vertex>
            <vertex>
                <position y="0.152624" x="0.834899" z="-0.380948"/>
                <normal y="-0.653951" x="0.719474" z="0.233772"/>
            </vertex>
            <vertex>
                <position y="0.152624" x="0.697221" z="-0.167086"/>
                <normal y="-0.633961" x="0.454543" z="0.625660"/>
            </vertex>
            <vertex>
                <position y="1.328719" x="0.558153" z="-0.358496"/>
                <normal y="0.686666" x="0.427290" z="0.588092"/>
            </vertex>
            <vertex>
                <position y="1.328719" x="0.617981" z="-0.451429"/>
                <normal y="0.692557" x="0.686026" z="0.222907"/>
            </vertex>
            <vertex>
                <position y="0.287858" x="0.834899" z="-0.380948"/>
                <normal y="0.515519" x="0.814905" z="0.264779"/>
            </vertex>
            <vertex>
                <position y="0.287858" x="0.697221" z="-0.167086"/>
                <normal y="0.505997" x="0.506974" z="0.697775"/>
            </vertex>
            <vertex>
                <position y="0.327378" x="0.745451" z="-0.410011"/>
                <normal y="-0.237465" x="0.923826" z="0.300150"/>
            </vertex>
            <vertex>
                <position y="0.327378" x="0.639875" z="-0.246016"/>
                <normal y="-0.254158" x="0.568468" z="0.782434"/>
            </vertex>
            <vertex>
                <position y="1.100674" x="0.658616" z="-0.438226"/>
                <normal y="-0.334666" x="0.896207" z="0.291177"/>
            </vertex>
            <vertex>
                <position y="0.998427" x="0.572402" z="-0.466238"/>
                <normal y="0.335185" x="0.896023" z="0.291116"/>
            </vertex>
            <vertex>
                <position y="1.100674" x="0.584205" z="-0.322639"/>
                <normal y="-0.335246" x="0.553758" z="0.762169"/>
            </vertex>
            <vertex>
                <position y="0.998427" x="0.528932" z="-0.398715"/>
                <normal y="0.357646" x="0.548875" z="0.755486"/>
            </vertex>
            <vertex>
                <position y="1.216317" x="0.658072" z="-0.438403"/>
                <normal y="0.175970" x="0.936186" z="0.304178"/>
            </vertex>
            <vertex>
                <position y="1.216317" x="0.583856" z="-0.323119"/>
                <normal y="0.179693" x="0.578204" z="0.795831"/>
            </vertex>
            <vertex>
                <position y="0.152624" x="0.451281" z="-0.102233"/>
                <normal y="-0.653951" x="0.000000" z="0.756523"/>
            </vertex>
            <vertex>
                <position y="1.328719" x="0.451281" z="-0.330314"/>
                <normal y="0.692557" x="0.000000" z="0.721335"/>
            </vertex>
            <vertex>
                <position y="0.287858" x="0.451281" z="-0.102233"/>
                <normal y="0.515519" x="0.000000" z="0.856868"/>
            </vertex>
            <vertex>
                <position y="0.327378" x="0.451281" z="-0.196285"/>
                <normal y="-0.237465" x="0.000000" z="0.971374"/>
            </vertex>
            <vertex>
                <position y="1.100674" x="0.451281" z="-0.287588"/>
                <normal y="-0.334666" x="0.000000" z="0.942320"/>
            </vertex>
            <vertex>
                <position y="0.998427" x="0.451281" z="-0.378239"/>
                <normal y="0.335185" x="0.000000" z="0.942137"/>
            </vertex>
            <vertex>
                <position y="1.216317" x="0.451281" z="-0.288160"/>
                <normal y="0.175970" x="0.000000" z="0.984375"/>
            </vertex>
            <vertex>
                <position y="0.706905" x="0.292376" z="-0.453961"/>
                <normal y="0.192480" x="-0.933256" z="0.303232"/>
            </vertex>
            <vertex>
                <position y="0.433323" x="0.226374" z="-0.432516"/>
                <normal y="0.423750" x="-0.861415" z="0.279885"/>
            </vertex>
            <vertex>
                <position y="0.433323" x="0.307092" z="-0.307133"/>
                <normal y="0.441328" x="-0.527421" z="0.725944"/>
            </vertex>
            <vertex>
                <position y="0.706905" x="0.349406" z="-0.365374"/>
                <normal y="0.200201" x="-0.575854" z="0.792627"/>
            </vertex>
            <vertex>
                <position y="0.706905" x="0.286444" z="-0.559152"/>
                <normal y="0.200201" x="-0.931791" z="-0.302744"/>
            </vertex>
            <vertex>
                <position y="0.433323" x="0.217978" z="-0.581398"/>
                <normal y="0.441328" x="-0.853389" z="-0.277291"/>
            </vertex>
            <vertex>
                <position y="0.433323" x="0.312281" z="-0.696910"/>
                <normal y="0.423750" x="-0.532395" z="-0.732780"/>
            </vertex>
            <vertex>
                <position y="0.706905" x="0.353072" z="-0.640766"/>
                <normal y="0.192480" x="-0.576769" z="-0.793878"/>
            </vertex>
            <vertex>
                <position y="0.706905" x="0.451281" z="-0.678913"/>
                <normal y="0.200201" x="0.000000" z="-0.979736"/>
            </vertex>
            <vertex>
                <position y="0.433323" x="0.451281" z="-0.750902"/>
                <normal y="0.441328" x="0.000000" z="-0.897305"/>
            </vertex>
            <vertex>
                <position y="0.706905" x="0.549490" z="-0.640766"/>
                <normal y="0.192480" x="0.576769" z="-0.793878"/>
            </vertex>
            <vertex>
                <position y="0.433323" x="0.590281" z="-0.696910"/>
                <normal y="0.423750" x="0.532395" z="-0.732780"/>
            </vertex>
            <vertex>
                <position y="0.706905" x="0.616118" z="-0.559152"/>
                <normal y="0.200201" x="0.931791" z="-0.302744"/>
            </vertex>
            <vertex>
                <position y="0.433323" x="0.684584" z="-0.581398"/>
                <normal y="0.441328" x="0.853389" z="-0.277291"/>
            </vertex>
            <vertex>
                <position y="0.706905" x="0.610186" z="-0.453961"/>
                <normal y="0.192480" x="0.933256" z="0.303232"/>
            </vertex>
            <vertex>
                <position y="0.433323" x="0.676188" z="-0.432516"/>
                <normal y="0.423750" x="0.861415" z="0.279885"/>
            </vertex>
            <vertex>
                <position y="0.706905" x="0.553156" z="-0.365374"/>
                <normal y="0.200201" x="0.575854" z="0.792627"/>
            </vertex>
            <vertex>
                <position y="0.433323" x="0.595470" z="-0.307133"/>
                <normal y="0.441328" x="0.527421" z="0.725944"/>
            </vertex>
            <vertex>
                <position y="0.706905" x="0.451281" z="-0.338510"/>
                <normal y="0.192480" x="0.000000" z="0.981292"/>
            </vertex>
            <vertex>
                <position y="0.433323" x="0.451281" z="-0.269112"/>
                <normal y="0.423750" x="0.000000" z="0.905759"/>
            </vertex>
            <vertex>
                <position y="0.925546" x="0.320714" z="-0.463169"/>
                <normal y="-0.618336" x="-0.747429" z="0.242836"/>
            </vertex>
            <vertex>
                <position y="0.925546" x="0.367574" z="-0.390380"/>
                <normal y="-0.648885" x="-0.447218" z="0.615558"/>
            </vertex>
            <vertex>
                <position y="0.925546" x="0.315840" z="-0.549600"/>
                <normal y="-0.648885" x="-0.723624" z="-0.235115"/>
            </vertex>
            <vertex>
                <position y="0.925546" x="0.370586" z="-0.616660"/>
                <normal y="-0.618336" x="-0.461928" z="-0.635792"/>
            </vertex>
            <vertex>
                <position y="0.925546" x="0.451281" z="-0.648004"/>
                <normal y="-0.648885" x="0.000000" z="-0.760857"/>
            </vertex>
            <vertex>
                <position y="0.925546" x="0.531976" z="-0.616660"/>
                <normal y="-0.618336" x="0.461928" z="-0.635792"/>
            </vertex>
            <vertex>
                <position y="0.925546" x="0.586722" z="-0.549600"/>
                <normal y="-0.648885" x="0.723624" z="-0.235115"/>
            </vertex>
            <vertex>
                <position y="0.925546" x="0.581848" z="-0.463169"/>
                <normal y="-0.618336" x="0.747429" z="0.242836"/>
            </vertex>
            <vertex>
                <position y="0.925546" x="0.534988" z="-0.390380"/>
                <normal y="-0.648885" x="0.447218" z="0.615558"/>
            </vertex>
            <vertex>
                <position y="0.925546" x="0.451281" z="-0.368307"/>
                <normal y="-0.618336" x="0.000000" z="0.785882"/>
            </vertex>
            <vertex>
                <position y="0.937163" x="0.451281" z="-0.321373"/>
                <normal y="-0.627827" x="0.000000" z="0.778314"/>
            </vertex>
            <vertex>
                <position y="0.937163" x="0.338957" z="-0.350992"/>
                <normal y="-0.616413" x="-0.462813" z="0.637013"/>
            </vertex>
            <vertex>
                <position y="0.937163" x="0.563605" z="-0.350992"/>
                <normal y="-0.616413" x="0.462813" z="0.637013"/>
            </vertex>
            <vertex>
                <position y="0.937163" x="0.626485" z="-0.448666"/>
                <normal y="-0.627827" x="0.740226" z="0.240516"/>
            </vertex>
            <vertex>
                <position y="0.937163" x="0.633026" z="-0.564645"/>
                <normal y="-0.616413" x="0.748863" z="-0.243294"/>
            </vertex>
            <vertex>
                <position y="0.937163" x="0.559563" z="-0.654630"/>
                <normal y="-0.627827" x="0.457472" z="-0.629688"/>
            </vertex>
            <vertex>
                <position y="0.937163" x="0.451281" z="-0.696690"/>
                <normal y="-0.616413" x="0.000000" z="-0.787378"/>
            </vertex>
            <vertex>
                <position y="0.937163" x="0.269536" z="-0.564645"/>
                <normal y="-0.616413" x="-0.748863" z="-0.243294"/>
            </vertex>
            <vertex>
                <position y="0.937163" x="0.342999" z="-0.654630"/>
                <normal y="-0.627827" x="-0.457472" z="-0.629688"/>
            </vertex>
            <vertex>
                <position y="0.937163" x="0.276077" z="-0.448666"/>
                <normal y="-0.627827" x="-0.740226" z="0.240516"/>
            </vertex>
            <vertex>
                <position y="0.986811" x="0.347083" z="-0.362177"/>
                <normal y="0.785760" x="-0.363536" z="0.500381"/>
            </vertex>
            <vertex>
                <position y="0.986811" x="0.451281" z="-0.334700"/>
                <normal y="0.788659" x="0.000000" z="0.614795"/>
            </vertex>
            <vertex>
                <position y="0.986811" x="0.555479" z="-0.362177"/>
                <normal y="0.785760" x="0.363536" z="0.500381"/>
            </vertex>
            <vertex>
                <position y="0.986811" x="0.613810" z="-0.452784"/>
                <normal y="0.788659" x="0.584704" z="0.189978"/>
            </vertex>
            <vertex>
                <position y="0.986811" x="0.619877" z="-0.560373"/>
                <normal y="0.785760" x="0.588214" z="-0.191107"/>
            </vertex>
            <vertex>
                <position y="0.986811" x="0.551729" z="-0.643848"/>
                <normal y="0.788659" x="0.361370" z="-0.497360"/>
            </vertex>
            <vertex>
                <position y="0.986811" x="0.451281" z="-0.682865"/>
                <normal y="0.785760" x="0.000000" z="-0.618488"/>
            </vertex>
            <vertex>
                <position y="0.986811" x="0.350833" z="-0.643848"/>
                <normal y="0.788659" x="-0.361370" z="-0.497360"/>
            </vertex>
            <vertex>
                <position y="0.986811" x="0.282685" z="-0.560373"/>
                <normal y="0.785760" x="-0.588214" z="-0.191107"/>
            </vertex>
            <vertex>
                <position y="0.986811" x="0.288752" z="-0.452784"/>
                <normal y="0.788659" x="-0.584704" z="0.189978"/>
            </vertex>
            <vertex>
                <position y="0.961987" x="0.336818" z="-0.348048"/>
                <normal y="0.214423" x="-0.574084" z="0.790185"/>
            </vertex>
            <vertex>
                <position y="0.961987" x="0.451281" z="-0.317865"/>
                <normal y="0.213904" x="0.000000" z="0.976836"/>
            </vertex>
            <vertex>
                <position y="0.961987" x="0.565744" z="-0.348048"/>
                <normal y="0.214423" x="0.574084" z="0.790185"/>
            </vertex>
            <vertex>
                <position y="0.961987" x="0.629821" z="-0.447582"/>
                <normal y="0.213904" x="0.929014" z="0.301859"/>
            </vertex>
            <vertex>
                <position y="0.961987" x="0.636486" z="-0.565770"/>
                <normal y="0.214423" x="0.928922" z="-0.301828"/>
            </vertex>
            <vertex>
                <position y="0.961987" x="0.561625" z="-0.657468"/>
                <normal y="0.213904" x="0.574175" z="-0.790277"/>
            </vertex>
            <vertex>
                <position y="0.961987" x="0.451281" z="-0.700329"/>
                <normal y="0.214423" x="0.000000" z="-0.976714"/>
            </vertex>
            <vertex>
                <position y="0.961987" x="0.266076" z="-0.565770"/>
                <normal y="0.214423" x="-0.928922" z="-0.301828"/>
            </vertex>
            <vertex>
                <position y="0.961987" x="0.340937" z="-0.657468"/>
                <normal y="0.213904" x="-0.574175" z="-0.790277"/>
            </vertex>
            <vertex>
                <position y="0.961987" x="0.272741" z="-0.447582"/>
                <normal y="0.213904" x="-0.929014" z="0.301859"/>
            </vertex>
            <vertex>
                <position y="0.371218" x="0.185772" z="-0.419324"/>
                <normal y="0.915769" x="-0.382000" z="0.124119"/>
            </vertex>
            <vertex>
                <position y="0.371218" x="0.281061" z="-0.271306"/>
                <normal y="0.931120" x="-0.214362" z="0.295022"/>
            </vertex>
            <vertex>
                <position y="0.371218" x="0.175860" z="-0.595083"/>
                <normal y="0.931120" x="-0.346843" z="-0.112674"/>
            </vertex>
            <vertex>
                <position y="0.371218" x="0.287187" z="-0.731448"/>
                <normal y="0.915769" x="-0.236091" z="-0.324931"/>
            </vertex>
            <vertex>
                <position y="0.371218" x="0.451281" z="-0.795188"/>
                <normal y="0.931120" x="0.000000" z="-0.364696"/>
            </vertex>
            <vertex>
                <position y="0.371218" x="0.615375" z="-0.731448"/>
                <normal y="0.915769" x="0.236091" z="-0.324931"/>
            </vertex>
            <vertex>
                <position y="0.371218" x="0.726702" z="-0.595083"/>
                <normal y="0.931120" x="0.346843" z="-0.112674"/>
            </vertex>
            <vertex>
                <position y="0.371218" x="0.716790" z="-0.419324"/>
                <normal y="0.915769" x="0.382000" z="0.124119"/>
            </vertex>
            <vertex>
                <position y="0.371218" x="0.621501" z="-0.271306"/>
                <normal y="0.931120" x="0.214362" z="0.295022"/>
            </vertex>
            <vertex>
                <position y="0.371218" x="0.451281" z="-0.226420"/>
                <normal y="0.915769" x="0.000000" z="0.401654"/>
            </vertex>
            <vertex>
                <position y="0.371218" x="0.251039" z="-0.229983"/>
                <normal y="0.942656" x="-0.196142" z="0.269967"/>
            </vertex>
            <vertex>
                <position y="0.371218" x="0.451281" z="-0.177181"/>
                <normal y="0.945494" x="0.000000" z="0.325571"/>
            </vertex>
            <vertex>
                <position y="0.371218" x="0.651523" z="-0.229983"/>
                <normal y="0.942656" x="0.196142" z="0.269967"/>
            </vertex>
            <vertex>
                <position y="0.371218" x="0.763619" z="-0.404108"/>
                <normal y="0.945494" x="0.309641" z="0.100589"/>
            </vertex>
            <vertex>
                <position y="0.371218" x="0.775280" z="-0.610866"/>
                <normal y="0.942656" x="0.317362" z="-0.103122"/>
            </vertex>
            <vertex>
                <position y="0.371218" x="0.644317" z="-0.771284"/>
                <normal y="0.945494" x="0.191351" z="-0.263405"/>
            </vertex>
            <vertex>
                <position y="0.371218" x="0.451281" z="-0.846265"/>
                <normal y="0.942656" x="0.000000" z="-0.333689"/>
            </vertex>
            <vertex>
                <position y="0.371218" x="0.258245" z="-0.771284"/>
                <normal y="0.945494" x="-0.191351" z="-0.263405"/>
            </vertex>
            <vertex>
                <position y="0.371218" x="0.127283" z="-0.610866"/>
                <normal y="0.942656" x="-0.317362" z="-0.103122"/>
            </vertex>
            <vertex>
                <position y="0.371218" x="0.138943" z="-0.404108"/>
                <normal y="0.945494" x="-0.309641" z="0.100589"/>
            </vertex>
            <vertex>
                <position y="0.327378" x="0.451281" z="-0.141730"/>
                <normal y="-0.625050" x="0.000000" z="0.780572"/>
            </vertex>
            <vertex>
                <position y="0.327378" x="0.229424" z="-0.200232"/>
                <normal y="-0.603809" x="-0.468520" z="0.644856"/>
            </vertex>
            <vertex>
                <position y="0.327378" x="0.673138" z="-0.200232"/>
                <normal y="-0.603809" x="0.468520" z="0.644856"/>
            </vertex>
            <vertex>
                <position y="0.327378" x="0.797335" z="-0.393153"/>
                <normal y="-0.625050" x="0.742363" z="0.241188"/>
            </vertex>
            <vertex>
                <position y="0.327378" x="0.810254" z="-0.622230"/>
                <normal y="-0.603809" x="0.758080" z="-0.246315"/>
            </vertex>
            <vertex>
                <position y="0.327378" x="0.451281" z="-0.883039"/>
                <normal y="-0.603809" x="0.000000" z="-0.797082"/>
            </vertex>
            <vertex>
                <position y="0.327378" x="0.665154" z="-0.799964"/>
                <normal y="-0.625050" x="0.458785" z="-0.631489"/>
            </vertex>
            <vertex>
                <position y="0.327378" x="0.092308" z="-0.622230"/>
                <normal y="-0.603809" x="-0.758080" z="-0.246315"/>
            </vertex>
            <vertex>
                <position y="0.327378" x="0.237408" z="-0.799964"/>
                <normal y="-0.625050" x="-0.458785" z="-0.631489"/>
            </vertex>
            <vertex>
                <position y="0.327378" x="0.105227" z="-0.393153"/>
                <normal y="-0.625050" x="-0.742363" z="0.241188"/>
            </vertex>
            <vertex>
                <position y="0.349298" x="0.230453" z="-0.201649"/>
                <normal y="0.477584" x="-0.516404" z="0.710776"/>
            </vertex>
            <vertex>
                <position y="0.349298" x="0.451281" z="-0.143418"/>
                <normal y="0.481307" x="0.000000" z="0.876522"/>
            </vertex>
            <vertex>
                <position y="0.349298" x="0.672109" z="-0.201649"/>
                <normal y="0.477584" x="0.516404" z="0.710776"/>
            </vertex>
            <vertex>
                <position y="0.349298" x="0.795730" z="-0.393675"/>
                <normal y="0.481307" x="0.833613" z="0.270852"/>
            </vertex>
            <vertex>
                <position y="0.349298" x="0.808589" z="-0.621689"/>
                <normal y="0.477584" x="0.835566" z="-0.271493"/>
            </vertex>
            <vertex>
                <position y="0.349298" x="0.664162" z="-0.798599"/>
                <normal y="0.481307" x="0.515213" z="-0.709128"/>
            </vertex>
            <vertex>
                <position y="0.349298" x="0.451281" z="-0.881288"/>
                <normal y="0.477584" x="0.000000" z="-0.878567"/>
            </vertex>
            <vertex>
                <position y="0.349298" x="0.093973" z="-0.621689"/>
                <normal y="0.477584" x="-0.835566" z="-0.271493"/>
            </vertex>
            <vertex>
                <position y="0.349298" x="0.238400" z="-0.798599"/>
                <normal y="0.481307" x="-0.515213" z="-0.709128"/>
            </vertex>
            <vertex>
                <position y="0.349298" x="0.106832" z="-0.393675"/>
                <normal y="0.481307" x="-0.833613" z="0.270852"/>
            </vertex>
            <vertex>
                <position y="0.137186" x="-0.000001" z="1.000000"/>
                <normal y="1.000000" x="-0.000000" z="-0.000000"/>
            </vertex>
            <vertex>
                <position y="0.137186" x="-0.000000" z="0.000000"/>
                <normal y="1.000000" x="-0.000000" z="-0.000000"/>
            </vertex>
            <vertex>
                <position y="0.137186" x="-1.000000" z="-0.000000"/>
                <normal y="1.000000" x="-0.000000" z="-0.000000"/>
            </vertex>
            <vertex>
                <position y="0.137186" x="-1.000001" z="1.000000"/>
                <normal y="1.000000" x="-0.000000" z="-0.000000"/>
            </vertex>
            <vertex>
                <position y="0.137186" x="-0.000000" z="0.000000"/>
                <normal y="1.000000" x="-0.000000" z="-0.000000"/>
            </vertex>
            <vertex>
                <position y="0.137186" x="0.000000" z="-1.000000"/>
                <normal y="1.000000" x="-0.000000" z="-0.000000"/>
            </vertex>
            <vertex>
                <position y="0.137185" x="-1.000000" z="-1.000000"/>
                <normal y="1.000000" x="-0.000000" z="-0.000000"/>
            </vertex>
            <vertex>
                <position y="0.137186" x="-1.000000" z="-0.000000"/>
                <normal y="1.000000" x="-0.000000" z="-0.000000"/>
            </vertex>
            <vertex>
                <position y="0.137186" x="-0.000000" z="0.000000"/>
                <normal y="1.000000" x="-0.000000" z="-0.000000"/>
            </vertex>
            <vertex>
                <position y="0.137186" x="-0.000001" z="1.000000"/>
                <normal y="1.000000" x="-0.000000" z="-0.000000"/>
            </vertex>
            <vertex>
                <position y="0.137186" x="0.999999" z="1.000000"/>
                <normal y="1.000000" x="-0.000000" z="-0.000000"/>
            </vertex>
            <vertex>
                <position y="0.137186" x="1.000000" z="0.000001"/>
                <normal y="1.000000" x="-0.000000" z="-0.000000"/>
            </vertex>
            <vertex>
                <position y="0.137186" x="0.000000" z="-1.000000"/>
                <normal y="1.000000" x="-0.000000" z="-0.000000"/>
            </vertex>
            <vertex>
                <position y="0.137186" x="-0.000000" z="0.000000"/>
                <normal y="1.000000" x="-0.000000" z="-0.000000"/>
            </vertex>
            <vertex>
                <position y="0.137186" x="1.000000" z="0.000001"/>
                <normal y="1.000000" x="-0.000000" z="-0.000000"/>
            </vertex>
            <vertex>
                <position y="0.137186" x="1.000000" z="-0.999999"/>
                <normal y="1.000000" x="-0.000000" z="-0.000000"/>
            </vertex>
            <vertex>
                <position y="0.014862" x="-1.000000" z="-0.000000"/>
                <normal y="-1.000000" x="0.000000" z="0.000000"/>
            </vertex>
            <vertex>
                <position y="0.014862" x="-1.000000" z="-1.000000"/>
                <normal y="-1.000000" x="0.000000" z="0.000000"/>
            </vertex>
            <vertex>
                <position y="0.014862" x="0.000000" z="-1.000000"/>
                <normal y="-1.000000" x="0.000000" z="0.000000"/>
            </vertex>
            <vertex>
                <position y="0.014862" x="0.000000" z="-0.000000"/>
                <normal y="-1.000000" x="0.000000" z="0.000000"/>
            </vertex>
            <vertex>
                <position y="0.014862" x="-1.000000" z="1.000000"/>
                <normal y="-1.000000" x="0.000000" z="0.000000"/>
            </vertex>
            <vertex>
                <position y="0.014862" x="-1.000000" z="-0.000000"/>
                <normal y="-1.000000" x="0.000000" z="0.000000"/>
            </vertex>
            <vertex>
                <position y="0.014862" x="0.000000" z="-0.000000"/>
                <normal y="-1.000000" x="0.000000" z="0.000000"/>
            </vertex>
            <vertex>
                <position y="0.014862" x="-0.000000" z="1.000000"/>
                <normal y="-1.000000" x="0.000000" z="0.000000"/>
            </vertex>
            <vertex>
                <position y="0.014862" x="1.000000" z="-1.000000"/>
                <normal y="-1.000000" x="0.000000" z="0.000000"/>
            </vertex>
            <vertex>
                <position y="0.014862" x="1.000000" z="0.000000"/>
                <normal y="-1.000000" x="0.000000" z="0.000000"/>
            </vertex>
            <vertex>
                <position y="0.014862" x="0.000000" z="-0.000000"/>
                <normal y="-1.000000" x="0.000000" z="0.000000"/>
            </vertex>
            <vertex>
                <position y="0.014862" x="0.000000" z="-1.000000"/>
                <normal y="-1.000000" x="0.000000" z="0.000000"/>
            </vertex>
            <vertex>
                <position y="0.014862" x="-0.000000" z="1.000000"/>
                <normal y="-1.000000" x="0.000000" z="0.000000"/>
            </vertex>
            <vertex>
                <position y="0.014862" x="0.000000" z="-0.000000"/>
                <normal y="-1.000000" x="0.000000" z="0.000000"/>
            </vertex>
            <vertex>
                <position y="0.014862" x="1.000000" z="0.000000"/>
                <normal y="-1.000000" x="0.000000" z="0.000000"/>
            </vertex>
            <vertex>
                <position y="0.014862" x="1.000000" z="1.000000"/>
                <normal y="-1.000000" x="0.000000" z="0.000000"/>
            </vertex>
            <vertex>
                <position y="0.137186" x="-1.000000" z="-0.000000"/>
                <normal y="-0.000002" x="-1.000000" z="-0.000000"/>
            </vertex>
            <vertex>
                <position y="0.137185" x="-1.000000" z="-1.000000"/>
                <normal y="-0.000002" x="-1.000000" z="-0.000000"/>
            </vertex>
            <vertex>
                <position y="0.014862" x="-1.000000" z="-1.000000"/>
                <normal y="-0.000002" x="-1.000000" z="-0.000000"/>
            </vertex>
            <vertex>
                <position y="0.014862" x="-1.000000" z="-0.000000"/>
                <normal y="-0.000002" x="-1.000000" z="-0.000000"/>
            </vertex>
            <vertex>
                <position y="0.137186" x="-1.000001" z="1.000000"/>
                <normal y="-0.000003" x="-1.000000" z="-0.000000"/>
            </vertex>
            <vertex>
                <position y="0.137186" x="-1.000000" z="-0.000000"/>
                <normal y="-0.000003" x="-1.000000" z="-0.000000"/>
            </vertex>
            <vertex>
                <position y="0.014862" x="-1.000000" z="-0.000000"/>
                <normal y="-0.000003" x="-1.000000" z="-0.000000"/>
            </vertex>
            <vertex>
                <position y="0.014862" x="-1.000000" z="1.000000"/>
                <normal y="-0.000003" x="-1.000000" z="-0.000000"/>
            </vertex>
            <vertex>
                <position y="0.137186" x="1.000000" z="0.000001"/>
                <normal y="0.000004" x="1.000000" z="0.000000"/>
            </vertex>
            <vertex>
                <position y="0.137186" x="0.999999" z="1.000000"/>
                <normal y="0.000004" x="1.000000" z="0.000000"/>
            </vertex>
            <vertex>
                <position y="0.014862" x="1.000000" z="1.000000"/>
                <normal y="0.000004" x="1.000000" z="0.000000"/>
            </vertex>
            <vertex>
                <position y="0.014862" x="1.000000" z="0.000000"/>
                <normal y="0.000004" x="1.000000" z="0.000000"/>
            </vertex>
            <vertex>
                <position y="0.014862" x="1.000000" z="0.000000"/>
                <normal y="-0.000001" x="1.000000" z="0.000000"/>
            </vertex>
            <vertex>
                <position y="0.014862" x="1.000000" z="-1.000000"/>
                <normal y="-0.000001" x="1.000000" z="0.000000"/>
            </vertex>
            <vertex>
                <position y="0.137186" x="1.000000" z="-0.999999"/>
                <normal y="-0.000001" x="1.000000" z="0.000000"/>
            </vertex>
            <vertex>
                <position y="0.137186" x="1.000000" z="0.000001"/>
                <normal y="-0.000001" x="1.000000" z="0.000000"/>
            </vertex>
            <vertex>
                <position y="0.014862" x="0.000000" z="-1.000000"/>
                <normal y="0.000003" x="0.000000" z="-1.000000"/>
            </vertex>
            <vertex>
                <position y="0.014862" x="-1.000000" z="-1.000000"/>
                <normal y="0.000003" x="0.000000" z="-1.000000"/>
            </vertex>
            <vertex>
                <position y="0.137185" x="-1.000000" z="-1.000000"/>
                <normal y="0.000003" x="0.000000" z="-1.000000"/>
            </vertex>
            <vertex>
                <position y="0.137186" x="0.000000" z="-1.000000"/>
                <normal y="0.000003" x="0.000000" z="-1.000000"/>
            </vertex>
            <vertex>
                <position y="0.014862" x="1.000000" z="-1.000000"/>
                <normal y="0.000003" x="0.000000" z="-1.000000"/>
            </vertex>
            <vertex>
                <position y="0.014862" x="0.000000" z="-1.000000"/>
                <normal y="0.000003" x="0.000000" z="-1.000000"/>
            </vertex>
            <vertex>
                <position y="0.137186" x="0.000000" z="-1.000000"/>
                <normal y="0.000003" x="0.000000" z="-1.000000"/>
            </vertex>
            <vertex>
                <position y="0.137186" x="1.000000" z="-0.999999"/>
                <normal y="0.000003" x="0.000000" z="-1.000000"/>
            </vertex>
            <vertex>
                <position y="0.137186" x="-0.000001" z="1.000000"/>
                <normal y="-0.000000" x="-0.000000" z="1.000000"/>
            </vertex>
            <vertex>
                <position y="0.137186" x="-1.000001" z="1.000000"/>
                <normal y="-0.000000" x="-0.000000" z="1.000000"/>
            </vertex>
            <vertex>
                <position y="0.014862" x="-1.000000" z="1.000000"/>
                <normal y="-0.000000" x="-0.000000" z="1.000000"/>
            </vertex>
            <vertex>
                <position y="0.014862" x="-0.000000" z="1.000000"/>
                <normal y="-0.000000" x="-0.000000" z="1.000000"/>
            </vertex>
            <vertex>
                <position y="0.137186" x="0.999999" z="1.000000"/>
                <normal y="-0.000003" x="-0.000000" z="1.000000"/>
            </vertex>
            <vertex>
                <position y="0.137186" x="-0.000001" z="1.000000"/>
                <normal y="-0.000003" x="-0.000000" z="1.000000"/>
            </vertex>
            <vertex>
                <position y="0.014862" x="-0.000000" z="1.000000"/>
                <normal y="-0.000003" x="-0.000000" z="1.000000"/>
            </vertex>
            <vertex>
                <position y="0.014862" x="1.000000" z="1.000000"/>
                <normal y="-0.000003" x="-0.000000" z="1.000000"/>
            </vertex>
        </vertexbuffer>
    </sharedgeometry>
    <submeshes>
        <submesh usesharedvertices="true" material="Material.002" use32bitindexes="False">
            <faces count="356">
                <face v1="0" v2="1" v3="2"/>
                <face v1="1" v2="3" v3="2"/>
                <face v1="4" v2="5" v3="6"/>
                <face v1="5" v2="7" v3="6"/>
                <face v1="8" v2="9" v3="1"/>
                <face v1="8" v2="1" v3="0"/>
                <face v1="9" v2="10" v3="3"/>
                <face v1="9" v2="3" v3="1"/>
                <face v1="11" v2="12" v3="9"/>
                <face v1="11" v2="9" v3="8"/>
                <face v1="12" v2="13" v3="10"/>
                <face v1="12" v2="10" v3="9"/>
                <face v1="14" v2="15" v3="16"/>
                <face v1="14" v2="16" v3="17"/>
                <face v1="15" v2="18" v3="19"/>
                <face v1="15" v2="19" v3="16"/>
                <face v1="20" v2="21" v3="15"/>
                <face v1="20" v2="15" v3="14"/>
                <face v1="21" v2="22" v3="18"/>
                <face v1="21" v2="18" v3="15"/>
                <face v1="7" v2="5" v3="21"/>
                <face v1="7" v2="21" v3="20"/>
                <face v1="5" v2="4" v3="22"/>
                <face v1="5" v2="22" v3="21"/>
                <face v1="3" v2="23" v3="2"/>
                <face v1="23" v2="24" v3="2"/>
                <face v1="25" v2="26" v3="6"/>
                <face v1="26" v2="4" v3="6"/>
                <face v1="24" v2="23" v3="27"/>
                <face v1="24" v2="27" v3="28"/>
                <face v1="23" v2="3" v3="10"/>
                <face v1="23" v2="10" v3="27"/>
                <face v1="28" v2="27" v3="29"/>
                <face v1="28" v2="29" v3="30"/>
                <face v1="27" v2="10" v3="13"/>
                <face v1="27" v2="13" v3="29"/>
                <face v1="31" v2="32" v3="33"/>
                <face v1="31" v2="33" v3="34"/>
                <face v1="32" v2="19" v3="18"/>
                <face v1="32" v2="18" v3="33"/>
                <face v1="35" v2="36" v3="26"/>
                <face v1="35" v2="26" v3="25"/>
                <face v1="36" v2="22" v3="4"/>
                <face v1="36" v2="4" v3="26"/>
                <face v1="34" v2="33" v3="36"/>
                <face v1="34" v2="36" v3="35"/>
                <face v1="33" v2="18" v3="22"/>
                <face v1="33" v2="22" v3="36"/>
                <face v1="24" v2="37" v3="2"/>
                <face v1="37" v2="38" v3="2"/>
                <face v1="39" v2="40" v3="6"/>
                <face v1="40" v2="25" v3="6"/>
                <face v1="37" v2="24" v3="28"/>
                <face v1="37" v2="28" v3="41"/>
                <face v1="41" v2="42" v3="38"/>
                <face v1="41" v2="38" v3="37"/>
                <face v1="30" v2="43" v3="41"/>
                <face v1="30" v2="41" v3="28"/>
                <face v1="43" v2="44" v3="42"/>
                <face v1="43" v2="42" v3="41"/>
                <face v1="34" v2="45" v3="46"/>
                <face v1="34" v2="46" v3="31"/>
                <face v1="45" v2="47" v3="48"/>
                <face v1="45" v2="48" v3="46"/>
                <face v1="35" v2="49" v3="45"/>
                <face v1="35" v2="45" v3="34"/>
                <face v1="49" v2="50" v3="47"/>
                <face v1="49" v2="47" v3="45"/>
                <face v1="25" v2="40" v3="49"/>
                <face v1="25" v2="49" v3="35"/>
                <face v1="40" v2="39" v3="50"/>
                <face v1="40" v2="50" v3="49"/>
                <face v1="38" v2="51" v3="2"/>
                <face v1="51" v2="52" v3="2"/>
                <face v1="53" v2="54" v3="6"/>
                <face v1="54" v2="39" v3="6"/>
                <face v1="42" v2="55" v3="51"/>
                <face v1="42" v2="51" v3="38"/>
                <face v1="55" v2="56" v3="52"/>
                <face v1="55" v2="52" v3="51"/>
                <face v1="44" v2="57" v3="55"/>
                <face v1="44" v2="55" v3="42"/>
                <face v1="57" v2="58" v3="56"/>
                <face v1="57" v2="56" v3="55"/>
                <face v1="47" v2="59" v3="60"/>
                <face v1="47" v2="60" v3="48"/>
                <face v1="59" v2="61" v3="62"/>
                <face v1="59" v2="62" v3="60"/>
                <face v1="50" v2="63" v3="59"/>
                <face v1="50" v2="59" v3="47"/>
                <face v1="63" v2="64" v3="61"/>
                <face v1="63" v2="61" v3="59"/>
                <face v1="39" v2="54" v3="63"/>
                <face v1="39" v2="63" v3="50"/>
                <face v1="54" v2="53" v3="64"/>
                <face v1="54" v2="64" v3="63"/>
                <face v1="52" v2="65" v3="2"/>
                <face v1="65" v2="0" v3="2"/>
                <face v1="7" v2="66" v3="6"/>
                <face v1="66" v2="53" v3="6"/>
                <face v1="56" v2="67" v3="65"/>
                <face v1="56" v2="65" v3="52"/>
                <face v1="67" v2="8" v3="0"/>
                <face v1="67" v2="0" v3="65"/>
                <face v1="58" v2="68" v3="67"/>
                <face v1="58" v2="67" v3="56"/>
                <face v1="68" v2="11" v3="8"/>
                <face v1="68" v2="8" v3="67"/>
                <face v1="61" v2="69" v3="70"/>
                <face v1="61" v2="70" v3="62"/>
                <face v1="69" v2="14" v3="17"/>
                <face v1="69" v2="17" v3="70"/>
                <face v1="64" v2="71" v3="69"/>
                <face v1="64" v2="69" v3="61"/>
                <face v1="71" v2="20" v3="14"/>
                <face v1="71" v2="14" v3="69"/>
                <face v1="53" v2="66" v3="71"/>
                <face v1="53" v2="71" v3="64"/>
                <face v1="66" v2="7" v3="20"/>
                <face v1="66" v2="20" v3="71"/>
                <face v1="72" v2="73" v3="74"/>
                <face v1="72" v2="74" v3="75"/>
                <face v1="76" v2="77" v3="73"/>
                <face v1="76" v2="73" v3="72"/>
                <face v1="78" v2="79" v3="80"/>
                <face v1="78" v2="80" v3="81"/>
                <face v1="77" v2="76" v3="79"/>
                <face v1="77" v2="79" v3="78"/>
                <face v1="82" v2="83" v3="81"/>
                <face v1="82" v2="81" v3="80"/>
                <face v1="84" v2="85" v3="83"/>
                <face v1="84" v2="83" v3="82"/>
                <face v1="86" v2="87" v3="85"/>
                <face v1="86" v2="85" v3="84"/>
                <face v1="88" v2="89" v3="87"/>
                <face v1="88" v2="87" v3="86"/>
                <face v1="90" v2="91" v3="89"/>
                <face v1="90" v2="89" v3="88"/>
                <face v1="75" v2="74" v3="91"/>
                <face v1="75" v2="91" v3="90"/>
                <face v1="92" v2="72" v3="75"/>
                <face v1="92" v2="75" v3="93"/>
                <face v1="94" v2="76" v3="72"/>
                <face v1="94" v2="72" v3="92"/>
                <face v1="79" v2="95" v3="96"/>
                <face v1="79" v2="96" v3="80"/>
                <face v1="76" v2="94" v3="95"/>
                <face v1="76" v2="95" v3="79"/>
                <face v1="97" v2="82" v3="80"/>
                <face v1="97" v2="80" v3="96"/>
                <face v1="98" v2="84" v3="82"/>
                <face v1="98" v2="82" v3="97"/>
                <face v1="99" v2="86" v3="84"/>
                <face v1="99" v2="84" v3="98"/>
                <face v1="100" v2="88" v3="86"/>
                <face v1="100" v2="86" v3="99"/>
                <face v1="101" v2="90" v3="88"/>
                <face v1="101" v2="88" v3="100"/>
                <face v1="93" v2="75" v3="90"/>
                <face v1="93" v2="90" v3="101"/>
                <face v1="93" v2="101" v3="102"/>
                <face v1="93" v2="102" v3="103"/>
                <face v1="101" v2="100" v3="104"/>
                <face v1="101" v2="104" v3="102"/>
                <face v1="100" v2="99" v3="105"/>
                <face v1="100" v2="105" v3="104"/>
                <face v1="99" v2="98" v3="106"/>
                <face v1="99" v2="106" v3="105"/>
                <face v1="98" v2="97" v3="107"/>
                <face v1="98" v2="107" v3="106"/>
                <face v1="97" v2="96" v3="108"/>
                <face v1="97" v2="108" v3="107"/>
                <face v1="95" v2="94" v3="109"/>
                <face v1="95" v2="109" v3="110"/>
                <face v1="96" v2="95" v3="110"/>
                <face v1="96" v2="110" v3="108"/>
                <face v1="94" v2="92" v3="111"/>
                <face v1="94" v2="111" v3="109"/>
                <face v1="92" v2="93" v3="103"/>
                <face v1="92" v2="103" v3="111"/>
                <face v1="70" v2="17" v3="112"/>
                <face v1="70" v2="112" v3="113"/>
                <face v1="62" v2="70" v3="113"/>
                <face v1="62" v2="113" v3="114"/>
                <face v1="60" v2="62" v3="114"/>
                <face v1="60" v2="114" v3="115"/>
                <face v1="48" v2="60" v3="115"/>
                <face v1="48" v2="115" v3="116"/>
                <face v1="31" v2="46" v3="117"/>
                <face v1="31" v2="117" v3="118"/>
                <face v1="46" v2="48" v3="116"/>
                <face v1="46" v2="116" v3="117"/>
                <face v1="19" v2="32" v3="119"/>
                <face v1="19" v2="119" v3="120"/>
                <face v1="32" v2="31" v3="118"/>
                <face v1="32" v2="118" v3="119"/>
                <face v1="16" v2="19" v3="120"/>
                <face v1="16" v2="120" v3="121"/>
                <face v1="17" v2="16" v3="121"/>
                <face v1="17" v2="121" v3="112"/>
                <face v1="112" v2="122" v3="123"/>
                <face v1="112" v2="123" v3="113"/>
                <face v1="122" v2="103" v3="102"/>
                <face v1="122" v2="102" v3="123"/>
                <face v1="113" v2="123" v3="124"/>
                <face v1="113" v2="124" v3="114"/>
                <face v1="123" v2="102" v3="104"/>
                <face v1="123" v2="104" v3="124"/>
                <face v1="114" v2="124" v3="125"/>
                <face v1="114" v2="125" v3="115"/>
                <face v1="124" v2="104" v3="105"/>
                <face v1="124" v2="105" v3="125"/>
                <face v1="115" v2="125" v3="126"/>
                <face v1="115" v2="126" v3="116"/>
                <face v1="125" v2="105" v3="106"/>
                <face v1="125" v2="106" v3="126"/>
                <face v1="116" v2="126" v3="127"/>
                <face v1="116" v2="127" v3="117"/>
                <face v1="126" v2="106" v3="107"/>
                <face v1="126" v2="107" v3="127"/>
                <face v1="117" v2="127" v3="128"/>
                <face v1="117" v2="128" v3="118"/>
                <face v1="127" v2="107" v3="108"/>
                <face v1="127" v2="108" v3="128"/>
                <face v1="109" v2="129" v3="130"/>
                <face v1="109" v2="130" v3="110"/>
                <face v1="129" v2="120" v3="119"/>
                <face v1="129" v2="119" v3="130"/>
                <face v1="110" v2="130" v3="128"/>
                <face v1="110" v2="128" v3="108"/>
                <face v1="130" v2="119" v3="118"/>
                <face v1="130" v2="118" v3="128"/>
                <face v1="120" v2="129" v3="131"/>
                <face v1="120" v2="131" v3="121"/>
                <face v1="129" v2="109" v3="111"/>
                <face v1="129" v2="111" v3="131"/>
                <face v1="121" v2="131" v3="122"/>
                <face v1="121" v2="122" v3="112"/>
                <face v1="131" v2="111" v3="103"/>
                <face v1="131" v2="103" v3="122"/>
                <face v1="73" v2="132" v3="133"/>
                <face v1="73" v2="133" v3="74"/>
                <face v1="77" v2="134" v3="132"/>
                <face v1="77" v2="132" v3="73"/>
                <face v1="135" v2="78" v3="81"/>
                <face v1="135" v2="81" v3="136"/>
                <face v1="134" v2="77" v3="78"/>
                <face v1="134" v2="78" v3="135"/>
                <face v1="83" v2="137" v3="136"/>
                <face v1="83" v2="136" v3="81"/>
                <face v1="85" v2="138" v3="137"/>
                <face v1="85" v2="137" v3="83"/>
                <face v1="87" v2="139" v3="138"/>
                <face v1="87" v2="138" v3="85"/>
                <face v1="89" v2="140" v3="139"/>
                <face v1="89" v2="139" v3="87"/>
                <face v1="91" v2="141" v3="140"/>
                <face v1="91" v2="140" v3="89"/>
                <face v1="74" v2="133" v3="141"/>
                <face v1="74" v2="141" v3="91"/>
                <face v1="141" v2="133" v3="142"/>
                <face v1="141" v2="142" v3="143"/>
                <face v1="140" v2="141" v3="143"/>
                <face v1="140" v2="143" v3="144"/>
                <face v1="139" v2="140" v3="144"/>
                <face v1="139" v2="144" v3="145"/>
                <face v1="138" v2="139" v3="145"/>
                <face v1="138" v2="145" v3="146"/>
                <face v1="137" v2="138" v3="146"/>
                <face v1="137" v2="146" v3="147"/>
                <face v1="136" v2="137" v3="147"/>
                <face v1="136" v2="147" v3="148"/>
                <face v1="134" v2="135" v3="149"/>
                <face v1="134" v2="149" v3="150"/>
                <face v1="135" v2="136" v3="148"/>
                <face v1="135" v2="148" v3="149"/>
                <face v1="132" v2="134" v3="150"/>
                <face v1="132" v2="150" v3="151"/>
                <face v1="133" v2="132" v3="151"/>
                <face v1="133" v2="151" v3="142"/>
                <face v1="11" v2="68" v3="152"/>
                <face v1="11" v2="152" v3="153"/>
                <face v1="68" v2="58" v3="154"/>
                <face v1="68" v2="154" v3="152"/>
                <face v1="58" v2="57" v3="155"/>
                <face v1="58" v2="155" v3="154"/>
                <face v1="57" v2="44" v3="156"/>
                <face v1="57" v2="156" v3="155"/>
                <face v1="43" v2="30" v3="157"/>
                <face v1="43" v2="157" v3="158"/>
                <face v1="44" v2="43" v3="158"/>
                <face v1="44" v2="158" v3="156"/>
                <face v1="29" v2="13" v3="159"/>
                <face v1="29" v2="159" v3="160"/>
                <face v1="30" v2="29" v3="160"/>
                <face v1="30" v2="160" v3="157"/>
                <face v1="13" v2="12" v3="161"/>
                <face v1="13" v2="161" v3="159"/>
                <face v1="12" v2="11" v3="153"/>
                <face v1="12" v2="153" v3="161"/>
                <face v1="142" v2="162" v3="163"/>
                <face v1="142" v2="163" v3="143"/>
                <face v1="162" v2="153" v3="152"/>
                <face v1="162" v2="152" v3="163"/>
                <face v1="143" v2="163" v3="164"/>
                <face v1="143" v2="164" v3="144"/>
                <face v1="163" v2="152" v3="154"/>
                <face v1="163" v2="154" v3="164"/>
                <face v1="144" v2="164" v3="165"/>
                <face v1="144" v2="165" v3="145"/>
                <face v1="164" v2="154" v3="155"/>
                <face v1="164" v2="155" v3="165"/>
                <face v1="145" v2="165" v3="166"/>
                <face v1="145" v2="166" v3="146"/>
                <face v1="165" v2="155" v3="156"/>
                <face v1="165" v2="156" v3="166"/>
                <face v1="146" v2="166" v3="167"/>
                <face v1="146" v2="167" v3="147"/>
                <face v1="166" v2="156" v3="158"/>
                <face v1="166" v2="158" v3="167"/>
                <face v1="147" v2="167" v3="168"/>
                <face v1="147" v2="168" v3="148"/>
                <face v1="167" v2="158" v3="157"/>
                <face v1="167" v2="157" v3="168"/>
                <face v1="159" v2="169" v3="170"/>
                <face v1="159" v2="170" v3="160"/>
                <face v1="169" v2="150" v3="149"/>
                <face v1="169" v2="149" v3="170"/>
                <face v1="160" v2="170" v3="168"/>
                <face v1="160" v2="168" v3="157"/>
                <face v1="170" v2="149" v3="148"/>
                <face v1="170" v2="148" v3="168"/>
                <face v1="150" v2="169" v3="171"/>
                <face v1="150" v2="171" v3="151"/>
                <face v1="169" v2="159" v3="161"/>
                <face v1="169" v2="161" v3="171"/>
                <face v1="151" v2="171" v3="162"/>
                <face v1="151" v2="162" v3="142"/>
                <face v1="171" v2="161" v3="153"/>
                <face v1="171" v2="153" v3="162"/>
                <face v1="176" v2="177" v3="178"/>
                <face v1="176" v2="178" v3="179"/>
                <face v1="180" v2="181" v3="182"/>
                <face v1="180" v2="182" v3="183"/>
                <face v1="188" v2="189" v3="190"/>
                <face v1="188" v2="190" v3="191"/>
                <face v1="200" v2="201" v3="202"/>
                <face v1="200" v2="202" v3="203"/>
                <face v1="204" v2="205" v3="206"/>
                <face v1="204" v2="206" v3="207"/>
                <face v1="212" v2="213" v3="214"/>
                <face v1="212" v2="214" v3="215"/>
                <face v1="220" v2="221" v3="222"/>
                <face v1="220" v2="222" v3="223"/>
                <face v1="232" v2="233" v3="234"/>
                <face v1="232" v2="234" v3="235"/>
            </faces>
        </submesh>
        <submesh usesharedvertices="true" material="Material.003" use32bitindexes="False">
            <faces count="16">
                <face v1="172" v2="173" v3="174"/>
                <face v1="172" v2="174" v3="175"/>
                <face v1="184" v2="185" v3="186"/>
                <face v1="184" v2="186" v3="187"/>
                <face v1="192" v2="193" v3="194"/>
                <face v1="192" v2="194" v3="195"/>
                <face v1="196" v2="197" v3="198"/>
                <face v1="196" v2="198" v3="199"/>
                <face v1="208" v2="209" v3="210"/>
                <face v1="208" v2="210" v3="211"/>
                <face v1="216" v2="217" v3="218"/>
                <face v1="216" v2="218" v3="219"/>
                <face v1="224" v2="225" v3="226"/>
                <face v1="224" v2="226" v3="227"/>
                <face v1="228" v2="229" v3="230"/>
                <face v1="228" v2="230" v3="231"/>
            </faces>
        </submesh>
    </submeshes>
    <submeshnames>
        <submesh index="0" name="Material.002">
        </submesh>
        <submesh index="1" name="Material.003">
        </submesh>
    </submeshnames>
</mesh>