<?xml version="1.0" encoding="UTF-8"?>
<mesh>
    <sharedgeometry vertexcount="233">
        <vertexbuffer texture_coords="1" positions="true" colours_diffuse="False" normals="true">
            <vertex>
                <position y="-1.000000" x="0.000000" z="-0.000000"/>
                <normal y="-1.000000" x="-0.000000" z="0.000000"/>
                <texcoord u="0.500000" v="0.500000"/>
            </vertex>
            <vertex>
                <position y="-1.000000" x="0.000000" z="-1.000000"/>
                <normal y="-1.000000" x="-0.000000" z="0.000000"/>
                <texcoord u="0.549245" v="1.000000"/>
            </vertex>
            <vertex>
                <position y="-1.000000" x="0.195090" z="-0.980785"/>
                <normal y="-1.000000" x="-0.000000" z="0.000000"/>
                <texcoord u="0.645844" v="0.980785"/>
            </vertex>
            <vertex>
                <position y="1.000000" x="0.000000" z="-0.000000"/>
                <normal y="1.000000" x="0.000000" z="-0.000000"/>
                <texcoord u="0.000000" v="1.000000"/>
            </vertex>
            <vertex>
                <position y="1.000000" x="0.195092" z="-0.980785"/>
                <normal y="1.000000" x="0.000000" z="-0.000000"/>
                <texcoord u="1.000000" v="1.000000"/>
            </vertex>
            <vertex>
                <position y="1.000000" x="0.000002" z="-1.000000"/>
                <normal y="1.000000" x="0.000000" z="-0.000000"/>
                <texcoord u="1.000000" v="0.000000"/>
            </vertex>
            <vertex>
                <position y="-1.000000" x="0.382683" z="-0.923880"/>
                <normal y="-1.000000" x="-0.000000" z="-0.000000"/>
                <texcoord u="0.736838" v="0.943095"/>
            </vertex>
            <vertex>
                <position y="1.000000" x="0.382685" z="-0.923879"/>
                <normal y="1.000000" x="0.000000" z="-0.000000"/>
                <texcoord u="1.000000" v="1.000000"/>
            </vertex>
            <vertex>
                <position y="1.000000" x="0.195092" z="-0.980785"/>
                <normal y="1.000000" x="0.000000" z="-0.000000"/>
                <texcoord u="1.000000" v="0.000000"/>
            </vertex>
            <vertex>
                <position y="-1.000000" x="0.555570" z="-0.831470"/>
                <normal y="-1.000000" x="-0.000000" z="-0.000000"/>
                <texcoord u="0.818731" v="0.888376"/>
            </vertex>
            <vertex>
                <position y="1.000000" x="0.555572" z="-0.831469"/>
                <normal y="1.000000" x="0.000000" z="-0.000000"/>
                <texcoord u="1.000000" v="1.000000"/>
            </vertex>
            <vertex>
                <position y="1.000000" x="0.382685" z="-0.923879"/>
                <normal y="1.000000" x="0.000000" z="-0.000000"/>
                <texcoord u="1.000000" v="0.000000"/>
            </vertex>
            <vertex>
                <position y="-1.000000" x="0.707107" z="-0.707107"/>
                <normal y="-1.000000" x="-0.000000" z="-0.000000"/>
                <texcoord u="0.888375" v="0.818732"/>
            </vertex>
            <vertex>
                <position y="1.000000" x="0.707108" z="-0.707105"/>
                <normal y="1.000000" x="0.000000" z="-0.000000"/>
                <texcoord u="1.000000" v="1.000000"/>
            </vertex>
            <vertex>
                <position y="1.000000" x="0.555572" z="-0.831469"/>
                <normal y="1.000000" x="0.000000" z="-0.000000"/>
                <texcoord u="1.000000" v="0.000000"/>
            </vertex>
            <vertex>
                <position y="-1.000000" x="0.831470" z="-0.555570"/>
                <normal y="-1.000000" x="-0.000000" z="-0.000000"/>
                <texcoord u="0.943094" v="0.736839"/>
            </vertex>
            <vertex>
                <position y="1.000000" x="0.831471" z="-0.555569"/>
                <normal y="1.000000" x="0.000000" z="-0.000000"/>
                <texcoord u="1.000000" v="1.000000"/>
            </vertex>
            <vertex>
                <position y="1.000000" x="0.707108" z="-0.707105"/>
                <normal y="1.000000" x="0.000000" z="-0.000000"/>
                <texcoord u="1.000000" v="0.000000"/>
            </vertex>
            <vertex>
                <position y="-1.000000" x="0.923880" z="-0.382683"/>
                <normal y="-1.000000" x="-0.000000" z="-0.000000"/>
                <texcoord u="0.980785" v="0.645845"/>
            </vertex>
            <vertex>
                <position y="1.000000" x="0.923880" z="-0.382682"/>
                <normal y="1.000000" x="0.000000" z="-0.000000"/>
                <texcoord u="1.000000" v="1.000000"/>
            </vertex>
            <vertex>
                <position y="1.000000" x="0.831471" z="-0.555569"/>
                <normal y="1.000000" x="0.000000" z="-0.000000"/>
                <texcoord u="1.000000" v="0.000000"/>
            </vertex>
            <vertex>
                <position y="-1.000000" x="0.980785" z="-0.195090"/>
                <normal y="-1.000000" x="-0.000000" z="-0.000000"/>
                <texcoord u="1.000000" v="0.549246"/>
            </vertex>
            <vertex>
                <position y="1.000000" x="0.980786" z="-0.195088"/>
                <normal y="1.000000" x="0.000000" z="-0.000000"/>
                <texcoord u="1.000000" v="1.000000"/>
            </vertex>
            <vertex>
                <position y="1.000000" x="0.923880" z="-0.382682"/>
                <normal y="1.000000" x="0.000000" z="-0.000000"/>
                <texcoord u="1.000000" v="0.000000"/>
            </vertex>
            <vertex>
                <position y="-1.000000" x="1.000000" z="-0.000000"/>
                <normal y="-1.000000" x="-0.000000" z="-0.000000"/>
                <texcoord u="1.000000" v="0.450755"/>
            </vertex>
            <vertex>
                <position y="1.000000" x="1.000000" z="0.000002"/>
                <normal y="1.000000" x="0.000000" z="-0.000000"/>
                <texcoord u="1.000000" v="1.000000"/>
            </vertex>
            <vertex>
                <position y="1.000000" x="0.980786" z="-0.195088"/>
                <normal y="1.000000" x="0.000000" z="-0.000000"/>
                <texcoord u="1.000000" v="0.000000"/>
            </vertex>
            <vertex>
                <position y="-1.000000" x="0.980785" z="0.195090"/>
                <normal y="-1.000000" x="-0.000000" z="-0.000000"/>
                <texcoord u="0.980785" v="0.354156"/>
            </vertex>
            <vertex>
                <position y="1.000000" x="0.980785" z="0.195092"/>
                <normal y="1.000000" x="0.000000" z="-0.000000"/>
                <texcoord u="1.000000" v="1.000000"/>
            </vertex>
            <vertex>
                <position y="1.000000" x="1.000000" z="0.000002"/>
                <normal y="1.000000" x="0.000000" z="-0.000000"/>
                <texcoord u="1.000000" v="0.000000"/>
            </vertex>
            <vertex>
                <position y="-1.000000" x="0.923880" z="0.382683"/>
                <normal y="-1.000000" x="0.000000" z="-0.000000"/>
                <texcoord u="0.943094" v="0.263161"/>
            </vertex>
            <vertex>
                <position y="1.000000" x="0.923879" z="0.382685"/>
                <normal y="1.000000" x="0.000000" z="-0.000000"/>
                <texcoord u="1.000000" v="1.000000"/>
            </vertex>
            <vertex>
                <position y="1.000000" x="0.980785" z="0.195092"/>
                <normal y="1.000000" x="0.000000" z="-0.000000"/>
                <texcoord u="1.000000" v="0.000000"/>
            </vertex>
            <vertex>
                <position y="-1.000000" x="0.831470" z="0.555570"/>
                <normal y="-1.000000" x="0.000000" z="-0.000000"/>
                <texcoord u="0.888375" v="0.181269"/>
            </vertex>
            <vertex>
                <position y="1.000000" x="0.831469" z="0.555571"/>
                <normal y="1.000000" x="0.000000" z="-0.000000"/>
                <texcoord u="1.000000" v="1.000000"/>
            </vertex>
            <vertex>
                <position y="1.000000" x="0.923879" z="0.382685"/>
                <normal y="1.000000" x="0.000000" z="-0.000000"/>
                <texcoord u="1.000000" v="0.000000"/>
            </vertex>
            <vertex>
                <position y="-1.000000" x="0.707107" z="0.707107"/>
                <normal y="-1.000000" x="0.000000" z="-0.000000"/>
                <texcoord u="0.818731" v="0.111625"/>
            </vertex>
            <vertex>
                <position y="1.000000" x="0.707106" z="0.707107"/>
                <normal y="1.000000" x="0.000000" z="-0.000000"/>
                <texcoord u="1.000000" v="1.000000"/>
            </vertex>
            <vertex>
                <position y="1.000000" x="0.831469" z="0.555571"/>
                <normal y="1.000000" x="0.000000" z="-0.000000"/>
                <texcoord u="1.000000" v="0.000000"/>
            </vertex>
            <vertex>
                <position y="-1.000000" x="0.555570" z="0.831470"/>
                <normal y="-1.000000" x="0.000000" z="-0.000000"/>
                <texcoord u="0.736839" v="0.056906"/>
            </vertex>
            <vertex>
                <position y="1.000000" x="0.555570" z="0.831470"/>
                <normal y="1.000000" x="0.000000" z="-0.000000"/>
                <texcoord u="1.000000" v="1.000000"/>
            </vertex>
            <vertex>
                <position y="1.000000" x="0.707106" z="0.707107"/>
                <normal y="1.000000" x="0.000000" z="-0.000000"/>
                <texcoord u="1.000000" v="0.000000"/>
            </vertex>
            <vertex>
                <position y="-1.000000" x="0.382683" z="0.923880"/>
                <normal y="-1.000000" x="0.000000" z="-0.000000"/>
                <texcoord u="0.645845" v="0.019215"/>
            </vertex>
            <vertex>
                <position y="1.000000" x="0.382684" z="0.923880"/>
                <normal y="1.000000" x="0.000000" z="-0.000000"/>
                <texcoord u="1.000000" v="1.000000"/>
            </vertex>
            <vertex>
                <position y="1.000000" x="0.555570" z="0.831470"/>
                <normal y="1.000000" x="0.000000" z="-0.000000"/>
                <texcoord u="1.000000" v="0.000000"/>
            </vertex>
            <vertex>
                <position y="-1.000000" x="0.195090" z="0.980785"/>
                <normal y="-1.000000" x="0.000000" z="-0.000000"/>
                <texcoord u="0.549245" v="0.000000"/>
            </vertex>
            <vertex>
                <position y="1.000000" x="0.195091" z="0.980785"/>
                <normal y="1.000000" x="0.000000" z="-0.000000"/>
                <texcoord u="1.000000" v="1.000000"/>
            </vertex>
            <vertex>
                <position y="1.000000" x="0.382684" z="0.923880"/>
                <normal y="1.000000" x="0.000000" z="-0.000000"/>
                <texcoord u="1.000000" v="0.000000"/>
            </vertex>
            <vertex>
                <position y="-1.000000" x="0.000000" z="-0.000000"/>
                <normal y="-1.000000" x="0.000000" z="-0.000000"/>
                <texcoord u="0.500000" v="0.500000"/>
            </vertex>
            <vertex>
                <position y="-1.000000" x="0.195090" z="0.980785"/>
                <normal y="-1.000000" x="0.000000" z="-0.000000"/>
                <texcoord u="0.549245" v="0.000000"/>
            </vertex>
            <vertex>
                <position y="-1.000000" x="-0.000000" z="1.000000"/>
                <normal y="-1.000000" x="0.000000" z="-0.000000"/>
                <texcoord u="0.450754" v="0.000000"/>
            </vertex>
            <vertex>
                <position y="1.000000" x="0.000001" z="1.000000"/>
                <normal y="1.000000" x="0.000000" z="-0.000000"/>
                <texcoord u="1.000000" v="1.000000"/>
            </vertex>
            <vertex>
                <position y="1.000000" x="0.195091" z="0.980785"/>
                <normal y="1.000000" x="0.000000" z="-0.000000"/>
                <texcoord u="1.000000" v="0.000000"/>
            </vertex>
            <vertex>
                <position y="-1.000000" x="-0.000000" z="1.000000"/>
                <normal y="-1.000000" x="0.000000" z="-0.000000"/>
                <texcoord u="0.450754" v="0.000000"/>
            </vertex>
            <vertex>
                <position y="-1.000000" x="-0.195091" z="0.980785"/>
                <normal y="-1.000000" x="0.000000" z="-0.000000"/>
                <texcoord u="0.354155" v="0.019215"/>
            </vertex>
            <vertex>
                <position y="1.000000" x="-0.195089" z="0.980786"/>
                <normal y="1.000000" x="0.000000" z="0.000000"/>
                <texcoord u="1.000000" v="1.000000"/>
            </vertex>
            <vertex>
                <position y="1.000000" x="0.000001" z="1.000000"/>
                <normal y="1.000000" x="0.000000" z="0.000000"/>
                <texcoord u="1.000000" v="0.000000"/>
            </vertex>
            <vertex>
                <position y="-1.000000" x="-0.382684" z="0.923879"/>
                <normal y="-1.000000" x="0.000000" z="-0.000000"/>
                <texcoord u="0.263161" v="0.056906"/>
            </vertex>
            <vertex>
                <position y="1.000000" x="-0.382682" z="0.923880"/>
                <normal y="1.000000" x="0.000000" z="0.000000"/>
                <texcoord u="1.000000" v="1.000000"/>
            </vertex>
            <vertex>
                <position y="1.000000" x="-0.195089" z="0.980786"/>
                <normal y="1.000000" x="0.000000" z="0.000000"/>
                <texcoord u="1.000000" v="0.000000"/>
            </vertex>
            <vertex>
                <position y="-1.000000" x="-0.555571" z="0.831469"/>
                <normal y="-1.000000" x="0.000000" z="-0.000000"/>
                <texcoord u="0.181268" v="0.111625"/>
            </vertex>
            <vertex>
                <position y="1.000000" x="-0.555568" z="0.831471"/>
                <normal y="1.000000" x="0.000000" z="0.000000"/>
                <texcoord u="1.000000" v="1.000000"/>
            </vertex>
            <vertex>
                <position y="1.000000" x="-0.382682" z="0.923880"/>
                <normal y="1.000000" x="0.000000" z="0.000000"/>
                <texcoord u="1.000000" v="0.000000"/>
            </vertex>
            <vertex>
                <position y="-1.000000" x="-0.707107" z="0.707106"/>
                <normal y="-1.000000" x="0.000000" z="-0.000000"/>
                <texcoord u="0.111624" v="0.181269"/>
            </vertex>
            <vertex>
                <position y="1.000000" x="-0.707105" z="0.707109"/>
                <normal y="1.000000" x="0.000000" z="0.000000"/>
                <texcoord u="1.000000" v="1.000000"/>
            </vertex>
            <vertex>
                <position y="1.000000" x="-0.555568" z="0.831471"/>
                <normal y="1.000000" x="0.000000" z="0.000000"/>
                <texcoord u="1.000000" v="0.000000"/>
            </vertex>
            <vertex>
                <position y="-1.000000" x="-0.831470" z="0.555570"/>
                <normal y="-1.000000" x="0.000000" z="-0.000000"/>
                <texcoord u="0.056906" v="0.263162"/>
            </vertex>
            <vertex>
                <position y="1.000000" x="-0.831468" z="0.555573"/>
                <normal y="1.000000" x="0.000000" z="0.000000"/>
                <texcoord u="1.000000" v="1.000000"/>
            </vertex>
            <vertex>
                <position y="1.000000" x="-0.707105" z="0.707109"/>
                <normal y="1.000000" x="0.000000" z="0.000000"/>
                <texcoord u="1.000000" v="0.000000"/>
            </vertex>
            <vertex>
                <position y="-1.000000" x="-0.923880" z="0.382683"/>
                <normal y="-1.000000" x="0.000000" z="-0.000000"/>
                <texcoord u="0.019215" v="0.354156"/>
            </vertex>
            <vertex>
                <position y="1.000000" x="-0.923878" z="0.382686"/>
                <normal y="1.000000" x="0.000000" z="0.000000"/>
                <texcoord u="1.000000" v="1.000000"/>
            </vertex>
            <vertex>
                <position y="1.000000" x="-0.831468" z="0.555573"/>
                <normal y="1.000000" x="0.000000" z="0.000000"/>
                <texcoord u="1.000000" v="0.000000"/>
            </vertex>
            <vertex>
                <position y="-1.000000" x="-0.923880" z="0.382683"/>
                <normal y="-1.000000" x="0.000000" z="-0.000000"/>
                <texcoord u="0.019215" v="0.354156"/>
            </vertex>
            <vertex>
                <position y="-1.000000" x="-0.980785" z="0.195089"/>
                <normal y="-1.000000" x="0.000000" z="-0.000000"/>
                <texcoord u="0.000000" v="0.450755"/>
            </vertex>
            <vertex>
                <position y="1.000000" x="-0.980785" z="0.195094"/>
                <normal y="1.000000" x="0.000000" z="0.000000"/>
                <texcoord u="1.000000" v="1.000000"/>
            </vertex>
            <vertex>
                <position y="1.000000" x="-0.923878" z="0.382686"/>
                <normal y="1.000000" x="0.000000" z="0.000000"/>
                <texcoord u="1.000000" v="0.000000"/>
            </vertex>
            <vertex>
                <position y="-1.000000" x="-0.980785" z="0.195089"/>
                <normal y="-1.000000" x="0.000000" z="-0.000000"/>
                <texcoord u="0.000000" v="0.450755"/>
            </vertex>
            <vertex>
                <position y="-1.000000" x="-1.000000" z="-0.000001"/>
                <normal y="-1.000000" x="0.000000" z="-0.000000"/>
                <texcoord u="0.000000" v="0.549246"/>
            </vertex>
            <vertex>
                <position y="1.000000" x="-1.000000" z="0.000004"/>
                <normal y="1.000000" x="0.000000" z="0.000000"/>
                <texcoord u="1.000000" v="1.000000"/>
            </vertex>
            <vertex>
                <position y="1.000000" x="-0.980785" z="0.195094"/>
                <normal y="1.000000" x="0.000000" z="0.000000"/>
                <texcoord u="1.000000" v="0.000000"/>
            </vertex>
            <vertex>
                <position y="-1.000000" x="-1.000000" z="-0.000001"/>
                <normal y="-1.000000" x="0.000000" z="0.000000"/>
                <texcoord u="0.000000" v="0.549246"/>
            </vertex>
            <vertex>
                <position y="-1.000000" x="-0.980785" z="-0.195091"/>
                <normal y="-1.000000" x="0.000000" z="0.000000"/>
                <texcoord u="0.019215" v="0.645845"/>
            </vertex>
            <vertex>
                <position y="1.000000" x="-0.980786" z="-0.195086"/>
                <normal y="1.000000" x="-0.000000" z="-0.000000"/>
                <texcoord u="1.000000" v="1.000000"/>
            </vertex>
            <vertex>
                <position y="1.000000" x="-1.000000" z="0.000004"/>
                <normal y="1.000000" x="-0.000000" z="-0.000000"/>
                <texcoord u="1.000000" v="0.000000"/>
            </vertex>
            <vertex>
                <position y="-1.000000" x="-0.980785" z="-0.195091"/>
                <normal y="-1.000000" x="0.000000" z="0.000000"/>
                <texcoord u="0.019215" v="0.645845"/>
            </vertex>
            <vertex>
                <position y="-1.000000" x="-0.923879" z="-0.382684"/>
                <normal y="-1.000000" x="0.000000" z="0.000000"/>
                <texcoord u="0.056906" v="0.736839"/>
            </vertex>
            <vertex>
                <position y="1.000000" x="-0.923881" z="-0.382679"/>
                <normal y="1.000000" x="-0.000000" z="-0.000000"/>
                <texcoord u="1.000000" v="1.000000"/>
            </vertex>
            <vertex>
                <position y="1.000000" x="-0.980786" z="-0.195086"/>
                <normal y="1.000000" x="-0.000000" z="-0.000000"/>
                <texcoord u="1.000000" v="0.000000"/>
            </vertex>
            <vertex>
                <position y="-1.000000" x="-0.831469" z="-0.555571"/>
                <normal y="-1.000000" x="0.000000" z="0.000000"/>
                <texcoord u="0.111625" v="0.818732"/>
            </vertex>
            <vertex>
                <position y="1.000000" x="-0.831473" z="-0.555566"/>
                <normal y="1.000000" x="-0.000000" z="-0.000000"/>
                <texcoord u="1.000000" v="1.000000"/>
            </vertex>
            <vertex>
                <position y="1.000000" x="-0.923881" z="-0.382679"/>
                <normal y="1.000000" x="-0.000000" z="-0.000000"/>
                <texcoord u="1.000000" v="0.000000"/>
            </vertex>
            <vertex>
                <position y="-1.000000" x="-0.707106" z="-0.707108"/>
                <normal y="-1.000000" x="0.000000" z="0.000000"/>
                <texcoord u="0.181269" v="0.888376"/>
            </vertex>
            <vertex>
                <position y="1.000000" x="-0.707111" z="-0.707103"/>
                <normal y="1.000000" x="-0.000000" z="-0.000000"/>
                <texcoord u="1.000000" v="1.000000"/>
            </vertex>
            <vertex>
                <position y="1.000000" x="-0.831473" z="-0.555566"/>
                <normal y="1.000000" x="-0.000000" z="-0.000000"/>
                <texcoord u="1.000000" v="0.000000"/>
            </vertex>
            <vertex>
                <position y="-1.000000" x="-0.555569" z="-0.831470"/>
                <normal y="-1.000000" x="0.000000" z="0.000000"/>
                <texcoord u="0.263162" v="0.943094"/>
            </vertex>
            <vertex>
                <position y="1.000000" x="-0.555575" z="-0.831466"/>
                <normal y="1.000000" x="-0.000000" z="-0.000000"/>
                <texcoord u="1.000000" v="1.000000"/>
            </vertex>
            <vertex>
                <position y="1.000000" x="-0.707111" z="-0.707103"/>
                <normal y="1.000000" x="-0.000000" z="-0.000000"/>
                <texcoord u="1.000000" v="0.000000"/>
            </vertex>
            <vertex>
                <position y="-1.000000" x="-0.382682" z="-0.923880"/>
                <normal y="-1.000000" x="0.000000" z="0.000000"/>
                <texcoord u="0.354156" v="0.980785"/>
            </vertex>
            <vertex>
                <position y="1.000000" x="-0.382689" z="-0.923877"/>
                <normal y="1.000000" x="-0.000000" z="-0.000000"/>
                <texcoord u="1.000000" v="1.000000"/>
            </vertex>
            <vertex>
                <position y="1.000000" x="-0.555575" z="-0.831466"/>
                <normal y="1.000000" x="-0.000000" z="-0.000000"/>
                <texcoord u="1.000000" v="0.000000"/>
            </vertex>
            <vertex>
                <position y="-1.000000" x="-0.195089" z="-0.980786"/>
                <normal y="-1.000000" x="0.000000" z="0.000000"/>
                <texcoord u="0.450755" v="1.000000"/>
            </vertex>
            <vertex>
                <position y="1.000000" x="-0.195097" z="-0.980784"/>
                <normal y="1.000000" x="-0.000000" z="-0.000000"/>
                <texcoord u="1.000000" v="1.000000"/>
            </vertex>
            <vertex>
                <position y="1.000000" x="-0.382689" z="-0.923877"/>
                <normal y="1.000000" x="-0.000000" z="-0.000000"/>
                <texcoord u="1.000000" v="0.000000"/>
            </vertex>
            <vertex>
                <position y="1.000000" x="0.000002" z="-1.000000"/>
                <normal y="1.000000" x="-0.000000" z="-0.000000"/>
                <texcoord u="1.000000" v="1.000000"/>
            </vertex>
            <vertex>
                <position y="1.000000" x="-0.195097" z="-0.980784"/>
                <normal y="1.000000" x="-0.000000" z="-0.000000"/>
                <texcoord u="1.000000" v="0.000000"/>
            </vertex>
            <vertex>
                <position y="-1.000000" x="0.000000" z="-1.000000"/>
                <normal y="-0.000000" x="0.098018" z="-0.995185"/>
                <texcoord u="0.000000" v="1.000000"/>
            </vertex>
            <vertex>
                <position y="1.000000" x="0.000002" z="-1.000000"/>
                <normal y="-0.000000" x="0.098018" z="-0.995185"/>
                <texcoord u="1.000000" v="1.000000"/>
            </vertex>
            <vertex>
                <position y="1.000000" x="0.195092" z="-0.980785"/>
                <normal y="-0.000000" x="0.098018" z="-0.995185"/>
                <texcoord u="1.000000" v="0.000000"/>
            </vertex>
            <vertex>
                <position y="-1.000000" x="0.195090" z="-0.980785"/>
                <normal y="-0.000000" x="0.098018" z="-0.995185"/>
                <texcoord u="0.000000" v="0.000000"/>
            </vertex>
            <vertex>
                <position y="-1.000000" x="0.195090" z="-0.980785"/>
                <normal y="-0.000000" x="0.290285" z="-0.956940"/>
                <texcoord u="0.000000" v="1.000000"/>
            </vertex>
            <vertex>
                <position y="1.000000" x="0.195092" z="-0.980785"/>
                <normal y="-0.000000" x="0.290285" z="-0.956940"/>
                <texcoord u="1.000000" v="1.000000"/>
            </vertex>
            <vertex>
                <position y="1.000000" x="0.382685" z="-0.923879"/>
                <normal y="-0.000000" x="0.290285" z="-0.956940"/>
                <texcoord u="1.000000" v="0.000000"/>
            </vertex>
            <vertex>
                <position y="-1.000000" x="0.382683" z="-0.923880"/>
                <normal y="-0.000000" x="0.290285" z="-0.956940"/>
                <texcoord u="0.000000" v="0.000000"/>
            </vertex>
            <vertex>
                <position y="-1.000000" x="0.382683" z="-0.923880"/>
                <normal y="-0.000000" x="0.471397" z="-0.881921"/>
                <texcoord u="0.000000" v="1.000000"/>
            </vertex>
            <vertex>
                <position y="1.000000" x="0.382685" z="-0.923879"/>
                <normal y="-0.000000" x="0.471397" z="-0.881921"/>
                <texcoord u="1.000000" v="1.000000"/>
            </vertex>
            <vertex>
                <position y="1.000000" x="0.555572" z="-0.831469"/>
                <normal y="-0.000000" x="0.471397" z="-0.881921"/>
                <texcoord u="1.000000" v="0.000000"/>
            </vertex>
            <vertex>
                <position y="-1.000000" x="0.555570" z="-0.831470"/>
                <normal y="-0.000000" x="0.471397" z="-0.881921"/>
                <texcoord u="0.000000" v="0.000000"/>
            </vertex>
            <vertex>
                <position y="-1.000000" x="0.555570" z="-0.831470"/>
                <normal y="-0.000000" x="0.634394" z="-0.773010"/>
                <texcoord u="0.000000" v="1.000000"/>
            </vertex>
            <vertex>
                <position y="1.000000" x="0.555572" z="-0.831469"/>
                <normal y="-0.000000" x="0.634394" z="-0.773010"/>
                <texcoord u="1.000000" v="1.000000"/>
            </vertex>
            <vertex>
                <position y="1.000000" x="0.707108" z="-0.707105"/>
                <normal y="-0.000000" x="0.634394" z="-0.773010"/>
                <texcoord u="1.000000" v="0.000000"/>
            </vertex>
            <vertex>
                <position y="-1.000000" x="0.707107" z="-0.707107"/>
                <normal y="-0.000000" x="0.634394" z="-0.773010"/>
                <texcoord u="0.000000" v="0.000000"/>
            </vertex>
            <vertex>
                <position y="-1.000000" x="0.707107" z="-0.707107"/>
                <normal y="0.000000" x="0.773011" z="-0.634393"/>
                <texcoord u="0.000000" v="1.000000"/>
            </vertex>
            <vertex>
                <position y="1.000000" x="0.707108" z="-0.707105"/>
                <normal y="0.000000" x="0.773011" z="-0.634393"/>
                <texcoord u="1.000000" v="1.000000"/>
            </vertex>
            <vertex>
                <position y="1.000000" x="0.831471" z="-0.555569"/>
                <normal y="0.000000" x="0.773011" z="-0.634393"/>
                <texcoord u="1.000000" v="0.000000"/>
            </vertex>
            <vertex>
                <position y="-1.000000" x="0.831470" z="-0.555570"/>
                <normal y="0.000000" x="0.773011" z="-0.634393"/>
                <texcoord u="0.000000" v="0.000000"/>
            </vertex>
            <vertex>
                <position y="-1.000000" x="0.831470" z="-0.555570"/>
                <normal y="-0.000000" x="0.881922" z="-0.471396"/>
                <texcoord u="0.000000" v="1.000000"/>
            </vertex>
            <vertex>
                <position y="1.000000" x="0.831471" z="-0.555569"/>
                <normal y="-0.000000" x="0.881922" z="-0.471396"/>
                <texcoord u="1.000000" v="1.000000"/>
            </vertex>
            <vertex>
                <position y="1.000000" x="0.923880" z="-0.382682"/>
                <normal y="-0.000000" x="0.881922" z="-0.471396"/>
                <texcoord u="1.000000" v="0.000000"/>
            </vertex>
            <vertex>
                <position y="-1.000000" x="0.923880" z="-0.382683"/>
                <normal y="-0.000000" x="0.881922" z="-0.471396"/>
                <texcoord u="0.000000" v="0.000000"/>
            </vertex>
            <vertex>
                <position y="-1.000000" x="0.923880" z="-0.382683"/>
                <normal y="-0.000000" x="0.956941" z="-0.290284"/>
                <texcoord u="0.000000" v="1.000000"/>
            </vertex>
            <vertex>
                <position y="1.000000" x="0.923880" z="-0.382682"/>
                <normal y="-0.000000" x="0.956941" z="-0.290284"/>
                <texcoord u="1.000000" v="1.000000"/>
            </vertex>
            <vertex>
                <position y="1.000000" x="0.980786" z="-0.195088"/>
                <normal y="-0.000000" x="0.956941" z="-0.290284"/>
                <texcoord u="1.000000" v="0.000000"/>
            </vertex>
            <vertex>
                <position y="-1.000000" x="0.980785" z="-0.195090"/>
                <normal y="-0.000000" x="0.956941" z="-0.290284"/>
                <texcoord u="0.000000" v="0.000000"/>
            </vertex>
            <vertex>
                <position y="-1.000000" x="0.980785" z="-0.195090"/>
                <normal y="-0.000000" x="0.995185" z="-0.098016"/>
                <texcoord u="0.000000" v="1.000000"/>
            </vertex>
            <vertex>
                <position y="1.000000" x="0.980786" z="-0.195088"/>
                <normal y="-0.000000" x="0.995185" z="-0.098016"/>
                <texcoord u="1.000000" v="1.000000"/>
            </vertex>
            <vertex>
                <position y="1.000000" x="1.000000" z="0.000002"/>
                <normal y="-0.000000" x="0.995185" z="-0.098016"/>
                <texcoord u="1.000000" v="0.000000"/>
            </vertex>
            <vertex>
                <position y="-1.000000" x="1.000000" z="-0.000000"/>
                <normal y="-0.000000" x="0.995185" z="-0.098016"/>
                <texcoord u="0.000000" v="0.000000"/>
            </vertex>
            <vertex>
                <position y="-1.000000" x="1.000000" z="-0.000000"/>
                <normal y="-0.000000" x="0.995185" z="0.098018"/>
                <texcoord u="0.000000" v="1.000000"/>
            </vertex>
            <vertex>
                <position y="1.000000" x="1.000000" z="0.000002"/>
                <normal y="-0.000000" x="0.995185" z="0.098018"/>
                <texcoord u="1.000000" v="1.000000"/>
            </vertex>
            <vertex>
                <position y="1.000000" x="0.980785" z="0.195092"/>
                <normal y="-0.000000" x="0.995185" z="0.098018"/>
                <texcoord u="1.000000" v="0.000000"/>
            </vertex>
            <vertex>
                <position y="-1.000000" x="0.980785" z="0.195090"/>
                <normal y="-0.000000" x="0.995185" z="0.098018"/>
                <texcoord u="0.000000" v="0.000000"/>
            </vertex>
            <vertex>
                <position y="-1.000000" x="0.980785" z="0.195090"/>
                <normal y="-0.000000" x="0.956940" z="0.290285"/>
                <texcoord u="0.000000" v="1.000000"/>
            </vertex>
            <vertex>
                <position y="1.000000" x="0.980785" z="0.195092"/>
                <normal y="-0.000000" x="0.956940" z="0.290285"/>
                <texcoord u="1.000000" v="1.000000"/>
            </vertex>
            <vertex>
                <position y="1.000000" x="0.923879" z="0.382685"/>
                <normal y="-0.000000" x="0.956940" z="0.290285"/>
                <texcoord u="1.000000" v="0.000000"/>
            </vertex>
            <vertex>
                <position y="-1.000000" x="0.923880" z="0.382683"/>
                <normal y="-0.000000" x="0.956940" z="0.290285"/>
                <texcoord u="0.000000" v="0.000000"/>
            </vertex>
            <vertex>
                <position y="-1.000000" x="0.923880" z="0.382683"/>
                <normal y="-0.000000" x="0.881921" z="0.471397"/>
                <texcoord u="0.000000" v="1.000000"/>
            </vertex>
            <vertex>
                <position y="1.000000" x="0.923879" z="0.382685"/>
                <normal y="-0.000000" x="0.881921" z="0.471397"/>
                <texcoord u="1.000000" v="1.000000"/>
            </vertex>
            <vertex>
                <position y="1.000000" x="0.831469" z="0.555571"/>
                <normal y="-0.000000" x="0.881921" z="0.471397"/>
                <texcoord u="1.000000" v="0.000000"/>
            </vertex>
            <vertex>
                <position y="-1.000000" x="0.831470" z="0.555570"/>
                <normal y="-0.000000" x="0.881921" z="0.471397"/>
                <texcoord u="0.000000" v="0.000000"/>
            </vertex>
            <vertex>
                <position y="-1.000000" x="0.831470" z="0.555570"/>
                <normal y="-0.000000" x="0.773010" z="0.634394"/>
                <texcoord u="0.000000" v="1.000000"/>
            </vertex>
            <vertex>
                <position y="1.000000" x="0.831469" z="0.555571"/>
                <normal y="-0.000000" x="0.773010" z="0.634394"/>
                <texcoord u="1.000000" v="1.000000"/>
            </vertex>
            <vertex>
                <position y="1.000000" x="0.707106" z="0.707107"/>
                <normal y="-0.000000" x="0.773010" z="0.634394"/>
                <texcoord u="1.000000" v="0.000000"/>
            </vertex>
            <vertex>
                <position y="-1.000000" x="0.707107" z="0.707107"/>
                <normal y="-0.000000" x="0.773010" z="0.634394"/>
                <texcoord u="0.000000" v="0.000000"/>
            </vertex>
            <vertex>
                <position y="-1.000000" x="0.707107" z="0.707107"/>
                <normal y="-0.000000" x="0.634393" z="0.773011"/>
                <texcoord u="0.000000" v="1.000000"/>
            </vertex>
            <vertex>
                <position y="1.000000" x="0.707106" z="0.707107"/>
                <normal y="-0.000000" x="0.634393" z="0.773011"/>
                <texcoord u="1.000000" v="1.000000"/>
            </vertex>
            <vertex>
                <position y="1.000000" x="0.555570" z="0.831470"/>
                <normal y="-0.000000" x="0.634393" z="0.773011"/>
                <texcoord u="1.000000" v="0.000000"/>
            </vertex>
            <vertex>
                <position y="-1.000000" x="0.555570" z="0.831470"/>
                <normal y="-0.000000" x="0.634393" z="0.773011"/>
                <texcoord u="0.000000" v="0.000000"/>
            </vertex>
            <vertex>
                <position y="-1.000000" x="0.555570" z="0.831470"/>
                <normal y="-0.000000" x="0.471397" z="0.881921"/>
                <texcoord u="0.000000" v="1.000000"/>
            </vertex>
            <vertex>
                <position y="1.000000" x="0.555570" z="0.831470"/>
                <normal y="-0.000000" x="0.471397" z="0.881921"/>
                <texcoord u="1.000000" v="1.000000"/>
            </vertex>
            <vertex>
                <position y="1.000000" x="0.382684" z="0.923880"/>
                <normal y="-0.000000" x="0.471397" z="0.881921"/>
                <texcoord u="1.000000" v="0.000000"/>
            </vertex>
            <vertex>
                <position y="-1.000000" x="0.382683" z="0.923880"/>
                <normal y="-0.000000" x="0.471397" z="0.881921"/>
                <texcoord u="0.000000" v="0.000000"/>
            </vertex>
            <vertex>
                <position y="-1.000000" x="0.382683" z="0.923880"/>
                <normal y="-0.000000" x="0.290285" z="0.956940"/>
                <texcoord u="0.000000" v="1.000000"/>
            </vertex>
            <vertex>
                <position y="1.000000" x="0.382684" z="0.923880"/>
                <normal y="-0.000000" x="0.290285" z="0.956940"/>
                <texcoord u="1.000000" v="1.000000"/>
            </vertex>
            <vertex>
                <position y="1.000000" x="0.195091" z="0.980785"/>
                <normal y="-0.000000" x="0.290285" z="0.956940"/>
                <texcoord u="1.000000" v="0.000000"/>
            </vertex>
            <vertex>
                <position y="-1.000000" x="0.195090" z="0.980785"/>
                <normal y="-0.000000" x="0.290285" z="0.956940"/>
                <texcoord u="0.000000" v="0.000000"/>
            </vertex>
            <vertex>
                <position y="-1.000000" x="0.195090" z="0.980785"/>
                <normal y="-0.000000" x="0.098017" z="0.995185"/>
                <texcoord u="0.000000" v="1.000000"/>
            </vertex>
            <vertex>
                <position y="1.000000" x="0.195091" z="0.980785"/>
                <normal y="-0.000000" x="0.098017" z="0.995185"/>
                <texcoord u="1.000000" v="1.000000"/>
            </vertex>
            <vertex>
                <position y="1.000000" x="0.000001" z="1.000000"/>
                <normal y="-0.000000" x="0.098017" z="0.995185"/>
                <texcoord u="1.000000" v="0.000000"/>
            </vertex>
            <vertex>
                <position y="-1.000000" x="-0.000000" z="1.000000"/>
                <normal y="-0.000000" x="0.098017" z="0.995185"/>
                <texcoord u="0.000000" v="0.000000"/>
            </vertex>
            <vertex>
                <position y="-1.000000" x="-0.000000" z="1.000000"/>
                <normal y="-0.000000" x="-0.098017" z="0.995185"/>
                <texcoord u="0.000000" v="1.000000"/>
            </vertex>
            <vertex>
                <position y="1.000000" x="0.000001" z="1.000000"/>
                <normal y="-0.000000" x="-0.098017" z="0.995185"/>
                <texcoord u="1.000000" v="1.000000"/>
            </vertex>
            <vertex>
                <position y="1.000000" x="-0.195089" z="0.980786"/>
                <normal y="-0.000000" x="-0.098017" z="0.995185"/>
                <texcoord u="1.000000" v="0.000000"/>
            </vertex>
            <vertex>
                <position y="-1.000000" x="-0.195091" z="0.980785"/>
                <normal y="-0.000000" x="-0.098017" z="0.995185"/>
                <texcoord u="0.000000" v="0.000000"/>
            </vertex>
            <vertex>
                <position y="-1.000000" x="-0.195091" z="0.980785"/>
                <normal y="-0.000000" x="-0.290284" z="0.956940"/>
                <texcoord u="0.000000" v="1.000000"/>
            </vertex>
            <vertex>
                <position y="1.000000" x="-0.195089" z="0.980786"/>
                <normal y="-0.000000" x="-0.290284" z="0.956940"/>
                <texcoord u="1.000000" v="1.000000"/>
            </vertex>
            <vertex>
                <position y="1.000000" x="-0.382682" z="0.923880"/>
                <normal y="-0.000000" x="-0.290284" z="0.956940"/>
                <texcoord u="1.000000" v="0.000000"/>
            </vertex>
            <vertex>
                <position y="-1.000000" x="-0.382684" z="0.923879"/>
                <normal y="-0.000000" x="-0.290284" z="0.956940"/>
                <texcoord u="0.000000" v="0.000000"/>
            </vertex>
            <vertex>
                <position y="-1.000000" x="-0.382684" z="0.923879"/>
                <normal y="-0.000000" x="-0.471396" z="0.881922"/>
                <texcoord u="0.000000" v="1.000000"/>
            </vertex>
            <vertex>
                <position y="1.000000" x="-0.382682" z="0.923880"/>
                <normal y="-0.000000" x="-0.471396" z="0.881922"/>
                <texcoord u="1.000000" v="1.000000"/>
            </vertex>
            <vertex>
                <position y="1.000000" x="-0.555568" z="0.831471"/>
                <normal y="-0.000000" x="-0.471396" z="0.881922"/>
                <texcoord u="1.000000" v="0.000000"/>
            </vertex>
            <vertex>
                <position y="-1.000000" x="-0.555571" z="0.831469"/>
                <normal y="-0.000000" x="-0.471396" z="0.881922"/>
                <texcoord u="0.000000" v="0.000000"/>
            </vertex>
            <vertex>
                <position y="-1.000000" x="-0.555571" z="0.831469"/>
                <normal y="0.000000" x="-0.634393" z="0.773011"/>
                <texcoord u="0.000000" v="1.000000"/>
            </vertex>
            <vertex>
                <position y="1.000000" x="-0.555568" z="0.831471"/>
                <normal y="0.000000" x="-0.634393" z="0.773011"/>
                <texcoord u="1.000000" v="1.000000"/>
            </vertex>
            <vertex>
                <position y="1.000000" x="-0.707105" z="0.707109"/>
                <normal y="0.000000" x="-0.634393" z="0.773011"/>
                <texcoord u="1.000000" v="0.000000"/>
            </vertex>
            <vertex>
                <position y="-1.000000" x="-0.707107" z="0.707106"/>
                <normal y="0.000000" x="-0.634393" z="0.773011"/>
                <texcoord u="0.000000" v="0.000000"/>
            </vertex>
            <vertex>
                <position y="-1.000000" x="-0.707107" z="0.707106"/>
                <normal y="0.000000" x="-0.773010" z="0.634394"/>
                <texcoord u="0.000000" v="1.000000"/>
            </vertex>
            <vertex>
                <position y="1.000000" x="-0.707105" z="0.707109"/>
                <normal y="0.000000" x="-0.773010" z="0.634394"/>
                <texcoord u="1.000000" v="1.000000"/>
            </vertex>
            <vertex>
                <position y="1.000000" x="-0.831468" z="0.555573"/>
                <normal y="0.000000" x="-0.773010" z="0.634394"/>
                <texcoord u="1.000000" v="0.000000"/>
            </vertex>
            <vertex>
                <position y="-1.000000" x="-0.831470" z="0.555570"/>
                <normal y="0.000000" x="-0.773010" z="0.634394"/>
                <texcoord u="0.000000" v="0.000000"/>
            </vertex>
            <vertex>
                <position y="-1.000000" x="-0.831470" z="0.555570"/>
                <normal y="0.000000" x="-0.881921" z="0.471398"/>
                <texcoord u="0.000000" v="1.000000"/>
            </vertex>
            <vertex>
                <position y="1.000000" x="-0.831468" z="0.555573"/>
                <normal y="0.000000" x="-0.881921" z="0.471398"/>
                <texcoord u="1.000000" v="1.000000"/>
            </vertex>
            <vertex>
                <position y="1.000000" x="-0.923878" z="0.382686"/>
                <normal y="0.000000" x="-0.881921" z="0.471398"/>
                <texcoord u="1.000000" v="0.000000"/>
            </vertex>
            <vertex>
                <position y="-1.000000" x="-0.923880" z="0.382683"/>
                <normal y="0.000000" x="-0.881921" z="0.471398"/>
                <texcoord u="0.000000" v="0.000000"/>
            </vertex>
            <vertex>
                <position y="-1.000000" x="-0.923880" z="0.382683"/>
                <normal y="-0.000000" x="-0.956940" z="0.290286"/>
                <texcoord u="0.000000" v="1.000000"/>
            </vertex>
            <vertex>
                <position y="1.000000" x="-0.923878" z="0.382686"/>
                <normal y="-0.000000" x="-0.956940" z="0.290286"/>
                <texcoord u="1.000000" v="1.000000"/>
            </vertex>
            <vertex>
                <position y="1.000000" x="-0.980785" z="0.195094"/>
                <normal y="-0.000000" x="-0.956940" z="0.290286"/>
                <texcoord u="1.000000" v="0.000000"/>
            </vertex>
            <vertex>
                <position y="-1.000000" x="-0.980785" z="0.195089"/>
                <normal y="-0.000000" x="-0.956940" z="0.290286"/>
                <texcoord u="0.000000" v="0.000000"/>
            </vertex>
            <vertex>
                <position y="-1.000000" x="-0.980785" z="0.195089"/>
                <normal y="-0.000000" x="-0.995185" z="0.098019"/>
                <texcoord u="0.000000" v="1.000000"/>
            </vertex>
            <vertex>
                <position y="1.000000" x="-0.980785" z="0.195094"/>
                <normal y="-0.000000" x="-0.995185" z="0.098019"/>
                <texcoord u="1.000000" v="1.000000"/>
            </vertex>
            <vertex>
                <position y="1.000000" x="-1.000000" z="0.000004"/>
                <normal y="-0.000000" x="-0.995185" z="0.098019"/>
                <texcoord u="1.000000" v="0.000000"/>
            </vertex>
            <vertex>
                <position y="-1.000000" x="-1.000000" z="-0.000001"/>
                <normal y="-0.000000" x="-0.995185" z="0.098019"/>
                <texcoord u="0.000000" v="0.000000"/>
            </vertex>
            <vertex>
                <position y="-1.000000" x="-1.000000" z="-0.000001"/>
                <normal y="-0.000000" x="-0.995185" z="-0.098016"/>
                <texcoord u="0.000000" v="1.000000"/>
            </vertex>
            <vertex>
                <position y="1.000000" x="-1.000000" z="0.000004"/>
                <normal y="-0.000000" x="-0.995185" z="-0.098016"/>
                <texcoord u="1.000000" v="1.000000"/>
            </vertex>
            <vertex>
                <position y="1.000000" x="-0.980786" z="-0.195086"/>
                <normal y="-0.000000" x="-0.995185" z="-0.098016"/>
                <texcoord u="1.000000" v="0.000000"/>
            </vertex>
            <vertex>
                <position y="-1.000000" x="-0.980785" z="-0.195091"/>
                <normal y="-0.000000" x="-0.995185" z="-0.098016"/>
                <texcoord u="0.000000" v="0.000000"/>
            </vertex>
            <vertex>
                <position y="-1.000000" x="-0.980785" z="-0.195091"/>
                <normal y="-0.000000" x="-0.956941" z="-0.290283"/>
                <texcoord u="0.000000" v="1.000000"/>
            </vertex>
            <vertex>
                <position y="1.000000" x="-0.980786" z="-0.195086"/>
                <normal y="-0.000000" x="-0.956941" z="-0.290283"/>
                <texcoord u="1.000000" v="1.000000"/>
            </vertex>
            <vertex>
                <position y="1.000000" x="-0.923881" z="-0.382679"/>
                <normal y="-0.000000" x="-0.956941" z="-0.290283"/>
                <texcoord u="1.000000" v="0.000000"/>
            </vertex>
            <vertex>
                <position y="-1.000000" x="-0.923879" z="-0.382684"/>
                <normal y="-0.000000" x="-0.956941" z="-0.290283"/>
                <texcoord u="0.000000" v="0.000000"/>
            </vertex>
            <vertex>
                <position y="-1.000000" x="-0.923879" z="-0.382684"/>
                <normal y="-0.000000" x="-0.881922" z="-0.471395"/>
                <texcoord u="0.000000" v="1.000000"/>
            </vertex>
            <vertex>
                <position y="1.000000" x="-0.923881" z="-0.382679"/>
                <normal y="-0.000000" x="-0.881922" z="-0.471395"/>
                <texcoord u="1.000000" v="1.000000"/>
            </vertex>
            <vertex>
                <position y="1.000000" x="-0.831473" z="-0.555566"/>
                <normal y="-0.000000" x="-0.881922" z="-0.471395"/>
                <texcoord u="1.000000" v="0.000000"/>
            </vertex>
            <vertex>
                <position y="-1.000000" x="-0.831469" z="-0.555571"/>
                <normal y="-0.000000" x="-0.881922" z="-0.471395"/>
                <texcoord u="0.000000" v="0.000000"/>
            </vertex>
            <vertex>
                <position y="-1.000000" x="-0.831469" z="-0.555571"/>
                <normal y="-0.000000" x="-0.773012" z="-0.634392"/>
                <texcoord u="0.000000" v="1.000000"/>
            </vertex>
            <vertex>
                <position y="1.000000" x="-0.831473" z="-0.555566"/>
                <normal y="-0.000000" x="-0.773012" z="-0.634392"/>
                <texcoord u="1.000000" v="1.000000"/>
            </vertex>
            <vertex>
                <position y="1.000000" x="-0.707111" z="-0.707103"/>
                <normal y="-0.000000" x="-0.773012" z="-0.634392"/>
                <texcoord u="1.000000" v="0.000000"/>
            </vertex>
            <vertex>
                <position y="-1.000000" x="-0.707106" z="-0.707108"/>
                <normal y="-0.000000" x="-0.773012" z="-0.634392"/>
                <texcoord u="0.000000" v="0.000000"/>
            </vertex>
            <vertex>
                <position y="-1.000000" x="-0.707106" z="-0.707108"/>
                <normal y="-0.000000" x="-0.634395" z="-0.773009"/>
                <texcoord u="0.000000" v="1.000000"/>
            </vertex>
            <vertex>
                <position y="1.000000" x="-0.707111" z="-0.707103"/>
                <normal y="-0.000000" x="-0.634395" z="-0.773009"/>
                <texcoord u="1.000000" v="1.000000"/>
            </vertex>
            <vertex>
                <position y="1.000000" x="-0.555575" z="-0.831466"/>
                <normal y="-0.000000" x="-0.634395" z="-0.773009"/>
                <texcoord u="1.000000" v="0.000000"/>
            </vertex>
            <vertex>
                <position y="-1.000000" x="-0.555569" z="-0.831470"/>
                <normal y="-0.000000" x="-0.634395" z="-0.773009"/>
                <texcoord u="0.000000" v="0.000000"/>
            </vertex>
            <vertex>
                <position y="-1.000000" x="-0.555569" z="-0.831470"/>
                <normal y="-0.000000" x="-0.471399" z="-0.881920"/>
                <texcoord u="0.000000" v="1.000000"/>
            </vertex>
            <vertex>
                <position y="1.000000" x="-0.555575" z="-0.831466"/>
                <normal y="-0.000000" x="-0.471399" z="-0.881920"/>
                <texcoord u="1.000000" v="1.000000"/>
            </vertex>
            <vertex>
                <position y="1.000000" x="-0.382689" z="-0.923877"/>
                <normal y="-0.000000" x="-0.471399" z="-0.881920"/>
                <texcoord u="1.000000" v="0.000000"/>
            </vertex>
            <vertex>
                <position y="-1.000000" x="-0.382682" z="-0.923880"/>
                <normal y="-0.000000" x="-0.471399" z="-0.881920"/>
                <texcoord u="0.000000" v="0.000000"/>
            </vertex>
            <vertex>
                <position y="-1.000000" x="-0.382682" z="-0.923880"/>
                <normal y="-0.000000" x="-0.290287" z="-0.956940"/>
                <texcoord u="0.000000" v="1.000000"/>
            </vertex>
            <vertex>
                <position y="1.000000" x="-0.382689" z="-0.923877"/>
                <normal y="-0.000000" x="-0.290287" z="-0.956940"/>
                <texcoord u="1.000000" v="1.000000"/>
            </vertex>
            <vertex>
                <position y="1.000000" x="-0.195097" z="-0.980784"/>
                <normal y="-0.000000" x="-0.290287" z="-0.956940"/>
                <texcoord u="1.000000" v="0.000000"/>
            </vertex>
            <vertex>
                <position y="-1.000000" x="-0.195089" z="-0.980786"/>
                <normal y="-0.000000" x="-0.290287" z="-0.956940"/>
                <texcoord u="0.000000" v="0.000000"/>
            </vertex>
            <vertex>
                <position y="1.000000" x="0.000002" z="-1.000000"/>
                <normal y="0.000000" x="-0.098018" z="-0.995185"/>
                <texcoord u="0.000000" v="1.000000"/>
            </vertex>
            <vertex>
                <position y="-1.000000" x="0.000000" z="-1.000000"/>
                <normal y="0.000000" x="-0.098018" z="-0.995185"/>
                <texcoord u="1.000000" v="1.000000"/>
            </vertex>
            <vertex>
                <position y="-1.000000" x="-0.195089" z="-0.980786"/>
                <normal y="0.000000" x="-0.098018" z="-0.995185"/>
                <texcoord u="1.000000" v="0.000000"/>
            </vertex>
            <vertex>
                <position y="1.000000" x="-0.195097" z="-0.980784"/>
                <normal y="0.000000" x="-0.098018" z="-0.995185"/>
                <texcoord u="0.000000" v="0.000000"/>
            </vertex>
        </vertexbuffer>
    </sharedgeometry>
    <submeshes>
        <submesh usesharedvertices="true" material="_missing_material_" use32bitindexes="False">
            <faces count="96">
                <face v1="3" v2="4" v3="5"/>
                <face v1="3" v2="7" v3="8"/>
                <face v1="3" v2="10" v3="11"/>
                <face v1="3" v2="13" v3="14"/>
                <face v1="3" v2="16" v3="17"/>
                <face v1="3" v2="19" v3="20"/>
                <face v1="3" v2="22" v3="23"/>
                <face v1="3" v2="25" v3="26"/>
                <face v1="3" v2="28" v3="29"/>
                <face v1="3" v2="31" v3="32"/>
                <face v1="3" v2="34" v3="35"/>
                <face v1="3" v2="37" v3="38"/>
                <face v1="3" v2="40" v3="41"/>
                <face v1="3" v2="43" v3="44"/>
                <face v1="3" v2="46" v3="47"/>
                <face v1="3" v2="51" v3="52"/>
                <face v1="3" v2="55" v3="56"/>
                <face v1="3" v2="58" v3="59"/>
                <face v1="3" v2="61" v3="62"/>
                <face v1="3" v2="64" v3="65"/>
                <face v1="3" v2="67" v3="68"/>
                <face v1="3" v2="70" v3="71"/>
                <face v1="3" v2="74" v3="75"/>
                <face v1="3" v2="78" v3="79"/>
                <face v1="3" v2="82" v3="83"/>
                <face v1="3" v2="86" v3="87"/>
                <face v1="3" v2="89" v3="90"/>
                <face v1="3" v2="92" v3="93"/>
                <face v1="3" v2="95" v3="96"/>
                <face v1="3" v2="98" v3="99"/>
                <face v1="3" v2="101" v3="102"/>
                <face v1="3" v2="103" v3="104"/>
                <face v1="105" v2="106" v3="107"/>
                <face v1="105" v2="107" v3="108"/>
                <face v1="109" v2="110" v3="111"/>
                <face v1="109" v2="111" v3="112"/>
                <face v1="113" v2="114" v3="115"/>
                <face v1="113" v2="115" v3="116"/>
                <face v1="117" v2="118" v3="119"/>
                <face v1="117" v2="119" v3="120"/>
                <face v1="121" v2="122" v3="123"/>
                <face v1="121" v2="123" v3="124"/>
                <face v1="125" v2="126" v3="127"/>
                <face v1="125" v2="127" v3="128"/>
                <face v1="129" v2="130" v3="131"/>
                <face v1="129" v2="131" v3="132"/>
                <face v1="133" v2="134" v3="135"/>
                <face v1="133" v2="135" v3="136"/>
                <face v1="137" v2="138" v3="139"/>
                <face v1="137" v2="139" v3="140"/>
                <face v1="141" v2="142" v3="143"/>
                <face v1="141" v2="143" v3="144"/>
                <face v1="145" v2="146" v3="147"/>
                <face v1="145" v2="147" v3="148"/>
                <face v1="149" v2="150" v3="151"/>
                <face v1="149" v2="151" v3="152"/>
                <face v1="153" v2="154" v3="155"/>
                <face v1="153" v2="155" v3="156"/>
                <face v1="157" v2="158" v3="159"/>
                <face v1="157" v2="159" v3="160"/>
                <face v1="161" v2="162" v3="163"/>
                <face v1="161" v2="163" v3="164"/>
                <face v1="165" v2="166" v3="167"/>
                <face v1="165" v2="167" v3="168"/>
                <face v1="169" v2="170" v3="171"/>
                <face v1="169" v2="171" v3="172"/>
                <face v1="173" v2="174" v3="175"/>
                <face v1="173" v2="175" v3="176"/>
                <face v1="177" v2="178" v3="179"/>
                <face v1="177" v2="179" v3="180"/>
                <face v1="181" v2="182" v3="183"/>
                <face v1="181" v2="183" v3="184"/>
                <face v1="185" v2="186" v3="187"/>
                <face v1="185" v2="187" v3="188"/>
                <face v1="189" v2="190" v3="191"/>
                <face v1="189" v2="191" v3="192"/>
                <face v1="193" v2="194" v3="195"/>
                <face v1="193" v2="195" v3="196"/>
                <face v1="197" v2="198" v3="199"/>
                <face v1="197" v2="199" v3="200"/>
                <face v1="201" v2="202" v3="203"/>
                <face v1="201" v2="203" v3="204"/>
                <face v1="205" v2="206" v3="207"/>
                <face v1="205" v2="207" v3="208"/>
                <face v1="209" v2="210" v3="211"/>
                <face v1="209" v2="211" v3="212"/>
                <face v1="213" v2="214" v3="215"/>
                <face v1="213" v2="215" v3="216"/>
                <face v1="217" v2="218" v3="219"/>
                <face v1="217" v2="219" v3="220"/>
                <face v1="221" v2="222" v3="223"/>
                <face v1="221" v2="223" v3="224"/>
                <face v1="225" v2="226" v3="227"/>
                <face v1="225" v2="227" v3="228"/>
                <face v1="229" v2="230" v3="231"/>
                <face v1="229" v2="231" v3="232"/>
            </faces>
        </submesh>
        <submesh usesharedvertices="true" material="Material.001" use32bitindexes="False">
            <faces count="32">
                <face v1="0" v2="1" v3="2"/>
                <face v1="0" v2="2" v3="6"/>
                <face v1="0" v2="6" v3="9"/>
                <face v1="0" v2="9" v3="12"/>
                <face v1="0" v2="12" v3="15"/>
                <face v1="0" v2="15" v3="18"/>
                <face v1="0" v2="18" v3="21"/>
                <face v1="0" v2="21" v3="24"/>
                <face v1="0" v2="24" v3="27"/>
                <face v1="0" v2="27" v3="30"/>
                <face v1="0" v2="30" v3="33"/>
                <face v1="0" v2="33" v3="36"/>
                <face v1="0" v2="36" v3="39"/>
                <face v1="0" v2="39" v3="42"/>
                <face v1="0" v2="42" v3="45"/>
                <face v1="48" v2="49" v3="50"/>
                <face v1="0" v2="53" v3="54"/>
                <face v1="0" v2="54" v3="57"/>
                <face v1="0" v2="57" v3="60"/>
                <face v1="0" v2="60" v3="63"/>
                <face v1="0" v2="63" v3="66"/>
                <face v1="0" v2="66" v3="69"/>
                <face v1="48" v2="72" v3="73"/>
                <face v1="0" v2="76" v3="77"/>
                <face v1="48" v2="80" v3="81"/>
                <face v1="0" v2="84" v3="85"/>
                <face v1="0" v2="85" v3="88"/>
                <face v1="0" v2="88" v3="91"/>
                <face v1="0" v2="91" v3="94"/>
                <face v1="0" v2="94" v3="97"/>
                <face v1="0" v2="97" v3="100"/>
                <face v1="100" v2="1" v3="0"/>
            </faces>
        </submesh>
    </submeshes>
    <submeshnames>
        <submesh index="0" name="_missing_material_">
        </submesh>
        <submesh index="1" name="Material.001">
        </submesh>
    </submeshnames>
</mesh>