<?xml version="1.0" encoding="UTF-8"?>
<mesh>
    <sharedgeometry vertexcount="46">
        <vertexbuffer texture_coords="0" positions="true" colours_diffuse="False" normals="true">
            <vertex>
                <position y="2.993931" x="-0.435849" z="0.763835"/>
                <normal y="0.000000" x="0.000000" z="1.000000"/>
            </vertex>
            <vertex>
                <position y="3.262892" x="-0.435849" z="0.763835"/>
                <normal y="0.000000" x="0.000000" z="1.000000"/>
            </vertex>
            <vertex>
                <position y="3.189937" x="-0.772263" z="0.763835"/>
                <normal y="0.000000" x="0.000000" z="1.000000"/>
            </vertex>
            <vertex>
                <position y="3.009129" x="-0.835719" z="0.763835"/>
                <normal y="0.000000" x="0.000000" z="1.000000"/>
            </vertex>
            <vertex>
                <position y="3.009129" x="-0.835719" z="0.740331"/>
                <normal y="0.000000" x="0.000000" z="-1.000000"/>
            </vertex>
            <vertex>
                <position y="3.189937" x="-0.772263" z="0.740331"/>
                <normal y="0.000000" x="0.000000" z="-1.000000"/>
            </vertex>
            <vertex>
                <position y="3.262892" x="-0.435849" z="0.740331"/>
                <normal y="0.000000" x="0.000000" z="-1.000000"/>
            </vertex>
            <vertex>
                <position y="2.993931" x="-0.435849" z="0.740331"/>
                <normal y="0.000000" x="0.000000" z="-1.000000"/>
            </vertex>
            <vertex>
                <position y="3.009129" x="-0.835719" z="0.740331"/>
                <normal y="0.044793" x="0.000000" z="-0.998996"/>
            </vertex>
            <vertex>
                <position y="2.336110" x="-0.835719" z="0.710154"/>
                <normal y="0.044793" x="0.000000" z="-0.998996"/>
            </vertex>
            <vertex>
                <position y="2.336110" x="-0.906172" z="0.710154"/>
                <normal y="0.044793" x="0.000000" z="-0.998996"/>
            </vertex>
            <vertex>
                <position y="3.009129" x="-0.906172" z="0.740331"/>
                <normal y="0.044793" x="0.000000" z="-0.998996"/>
            </vertex>
            <vertex>
                <position y="3.009129" x="-0.906172" z="0.740331"/>
                <normal y="0.000000" x="-0.000000" z="-1.000000"/>
            </vertex>
            <vertex>
                <position y="3.162687" x="-0.906172" z="0.740331"/>
                <normal y="0.000000" x="-0.000000" z="-1.000000"/>
            </vertex>
            <vertex>
                <position y="3.009129" x="-0.835719" z="0.763835"/>
                <normal y="0.000000" x="-0.000001" z="1.000000"/>
            </vertex>
            <vertex>
                <position y="3.189937" x="-0.772263" z="0.763835"/>
                <normal y="0.000000" x="-0.000001" z="1.000000"/>
            </vertex>
            <vertex>
                <position y="3.162687" x="-0.906172" z="0.763835"/>
                <normal y="0.000000" x="-0.000001" z="1.000000"/>
            </vertex>
            <vertex>
                <position y="3.009129" x="-0.906172" z="0.763835"/>
                <normal y="0.000000" x="-0.000001" z="1.000000"/>
            </vertex>
            <vertex>
                <position y="2.336110" x="-0.835719" z="0.794012"/>
                <normal y="0.044793" x="-0.000000" z="0.998996"/>
            </vertex>
            <vertex>
                <position y="3.009129" x="-0.835719" z="0.763835"/>
                <normal y="0.044793" x="-0.000000" z="0.998996"/>
            </vertex>
            <vertex>
                <position y="3.009129" x="-0.906172" z="0.763835"/>
                <normal y="0.044793" x="-0.000000" z="0.998996"/>
            </vertex>
            <vertex>
                <position y="2.336110" x="-0.906172" z="0.794012"/>
                <normal y="0.044793" x="-0.000000" z="0.998996"/>
            </vertex>
            <vertex>
                <position y="3.292838" x="-0.406700" z="0.752083"/>
                <normal y="0.778039" x="0.628193" z="-0.000000"/>
            </vertex>
            <vertex>
                <position y="3.262892" x="-0.435849" z="0.763835"/>
                <normal y="0.198401" x="0.104740" z="0.974487"/>
            </vertex>
            <vertex>
                <position y="2.993931" x="-0.435849" z="0.763835"/>
                <normal y="-0.276040" x="0.125126" z="0.952940"/>
            </vertex>
            <vertex>
                <position y="2.975376" x="-0.406700" z="0.752083"/>
                <normal y="-0.712851" x="0.701285" z="-0.000000"/>
            </vertex>
            <vertex>
                <position y="2.993931" x="-0.435849" z="0.740331"/>
                <normal y="-0.276040" x="0.125126" z="-0.952940"/>
            </vertex>
            <vertex>
                <position y="3.262892" x="-0.435849" z="0.740331"/>
                <normal y="0.198370" x="0.104740" z="-0.974487"/>
            </vertex>
            <vertex>
                <position y="3.222745" x="-0.718258" z="0.752083"/>
                <normal y="0.976928" x="-0.213538" z="-0.000000"/>
            </vertex>
            <vertex>
                <position y="3.189937" x="-0.772263" z="0.763835"/>
                <normal y="0.242286" x="-0.049806" z="0.968902"/>
            </vertex>
            <vertex>
                <position y="3.189937" x="-0.772263" z="0.740331"/>
                <normal y="0.242286" x="-0.049806" z="-0.968902"/>
            </vertex>
            <vertex>
                <position y="3.009129" x="-0.835719" z="0.763835"/>
                <normal y="-0.061007" x="0.143223" z="0.987793"/>
            </vertex>
            <vertex>
                <position y="2.996231" x="-0.816862" z="0.752083"/>
                <normal y="-0.670003" x="0.742332" z="-0.000000"/>
            </vertex>
            <vertex>
                <position y="3.009129" x="-0.835719" z="0.740331"/>
                <normal y="-0.061007" x="0.143223" z="-0.987793"/>
            </vertex>
            <vertex>
                <position y="3.162687" x="-0.906172" z="0.763835"/>
                <normal y="0.174841" x="-0.227424" z="0.957945"/>
            </vertex>
            <vertex>
                <position y="3.180401" x="-0.926339" z="0.752083"/>
                <normal y="0.639302" x="-0.768914" z="-0.000000"/>
            </vertex>
            <vertex>
                <position y="3.062657" x="-0.926339" z="0.752083"/>
                <normal y="0.000183" x="-1.000000" z="-0.000000"/>
            </vertex>
            <vertex>
                <position y="3.009129" x="-0.906172" z="0.763835"/>
                <normal y="0.013398" x="-0.492111" z="0.870418"/>
            </vertex>
            <vertex>
                <position y="3.162687" x="-0.906172" z="0.740331"/>
                <normal y="0.174841" x="-0.227424" z="-0.957945"/>
            </vertex>
            <vertex>
                <position y="3.009129" x="-0.906172" z="0.740331"/>
                <normal y="0.013398" x="-0.492111" z="-0.870418"/>
            </vertex>
            <vertex>
                <position y="2.317576" x="-0.912705" z="0.752083"/>
                <normal y="-0.782281" x="-0.622883" z="-0.000000"/>
            </vertex>
            <vertex>
                <position y="2.336110" x="-0.906172" z="0.794012"/>
                <normal y="-0.385601" x="-0.447798" z="0.806696"/>
            </vertex>
            <vertex>
                <position y="2.336110" x="-0.906172" z="0.710154"/>
                <normal y="-0.385601" x="-0.447798" z="-0.806696"/>
            </vertex>
            <vertex>
                <position y="2.317576" x="-0.816862" z="0.752083"/>
                <normal y="-0.737175" x="0.675649" z="-0.000000"/>
            </vertex>
            <vertex>
                <position y="2.336110" x="-0.835719" z="0.710154"/>
                <normal y="-0.408734" x="0.378185" z="-0.830561"/>
            </vertex>
            <vertex>
                <position y="2.336110" x="-0.835719" z="0.794012"/>
                <normal y="-0.408734" x="0.378185" z="0.830561"/>
            </vertex>
        </vertexbuffer>
    </sharedgeometry>
    <submeshes>
        <submesh usesharedvertices="true" material="Material.001" use32bitindexes="False">
            <faces count="44">
                <face v1="0" v2="1" v3="2"/>
                <face v1="0" v2="2" v3="3"/>
                <face v1="4" v2="5" v3="6"/>
                <face v1="4" v2="6" v3="7"/>
                <face v1="8" v2="9" v3="10"/>
                <face v1="8" v2="10" v3="11"/>
                <face v1="5" v2="4" v3="12"/>
                <face v1="5" v2="12" v3="13"/>
                <face v1="14" v2="15" v3="16"/>
                <face v1="14" v2="16" v3="17"/>
                <face v1="18" v2="19" v3="20"/>
                <face v1="18" v2="20" v3="21"/>
                <face v1="22" v2="23" v3="24"/>
                <face v1="22" v2="24" v3="25"/>
                <face v1="25" v2="26" v3="27"/>
                <face v1="25" v2="27" v3="22"/>
                <face v1="23" v2="22" v3="28"/>
                <face v1="23" v2="28" v3="29"/>
                <face v1="22" v2="27" v3="30"/>
                <face v1="22" v2="30" v3="28"/>
                <face v1="31" v2="32" v3="25"/>
                <face v1="31" v2="25" v3="24"/>
                <face v1="32" v2="33" v3="26"/>
                <face v1="32" v2="26" v3="25"/>
                <face v1="34" v2="35" v3="36"/>
                <face v1="34" v2="36" v3="37"/>
                <face v1="35" v2="38" v3="39"/>
                <face v1="35" v2="39" v3="36"/>
                <face v1="37" v2="36" v3="40"/>
                <face v1="37" v2="40" v3="41"/>
                <face v1="36" v2="39" v3="42"/>
                <face v1="36" v2="42" v3="40"/>
                <face v1="33" v2="32" v3="43"/>
                <face v1="33" v2="43" v3="44"/>
                <face v1="32" v2="31" v3="45"/>
                <face v1="32" v2="45" v3="43"/>
                <face v1="38" v2="35" v3="28"/>
                <face v1="38" v2="28" v3="30"/>
                <face v1="35" v2="34" v3="29"/>
                <face v1="35" v2="29" v3="28"/>
                <face v1="44" v2="43" v3="40"/>
                <face v1="44" v2="40" v3="42"/>
                <face v1="43" v2="45" v3="41"/>
                <face v1="43" v2="41" v3="40"/>
            </faces>
        </submesh>
    </submeshes>
    <submeshnames>
        <submesh index="0" name="Material.002">
        </submesh>
        <submesh index="1" name="Material.001">
        </submesh>
        <submesh index="2" name="Material.004">
        </submesh>
        <submesh index="3" name="Material.003">
        </submesh>
    </submeshnames>
</mesh>