<?xml version="1.0" encoding="UTF-8"?>
<mesh>
    <sharedgeometry vertexcount="216">
        <vertexbuffer texture_coords="0" positions="true" colours_diffuse="False" normals="true">
            <vertex>
                <position y="1.455396" x="-1.419426" z="-0.670132"/>
                <normal y="0.628627" x="-0.777707" z="0.000000"/>
            </vertex>
            <vertex>
                <position y="1.391553" x="-1.471031" z="-0.661886"/>
                <normal y="0.628627" x="-0.777707" z="0.000000"/>
            </vertex>
            <vertex>
                <position y="1.265545" x="-1.572884" z="-0.000067"/>
                <normal y="0.628627" x="-0.777707" z="0.000000"/>
            </vertex>
            <vertex>
                <position y="1.455396" x="-1.419426" z="-0.670132"/>
                <normal y="0.628627" x="-0.777707" z="0.000000"/>
            </vertex>
            <vertex>
                <position y="1.265545" x="-1.572884" z="-0.000067"/>
                <normal y="0.628627" x="-0.777707" z="0.000000"/>
            </vertex>
            <vertex>
                <position y="1.522254" x="-1.365384" z="-0.673729"/>
                <normal y="0.628627" x="-0.777707" z="0.000000"/>
            </vertex>
            <vertex>
                <position y="1.331277" x="-1.519753" z="-0.630531"/>
                <normal y="0.628627" x="-0.777707" z="0.000000"/>
            </vertex>
            <vertex>
                <position y="1.265545" x="-1.572884" z="-0.000067"/>
                <normal y="0.628627" x="-0.777707" z="0.000000"/>
            </vertex>
            <vertex>
                <position y="1.391553" x="-1.471031" z="-0.661886"/>
                <normal y="0.628627" x="-0.777707" z="0.000000"/>
            </vertex>
            <vertex>
                <position y="1.275800" x="-1.564595" z="-0.595097"/>
                <normal y="0.628625" x="-0.777708" z="-0.000000"/>
            </vertex>
            <vertex>
                <position y="1.265545" x="-1.572884" z="-0.000067"/>
                <normal y="0.628625" x="-0.777708" z="-0.000000"/>
            </vertex>
            <vertex>
                <position y="1.331277" x="-1.519753" z="-0.630531"/>
                <normal y="0.628625" x="-0.777708" z="-0.000000"/>
            </vertex>
            <vertex>
                <position y="1.275800" x="-1.564595" z="-0.595097"/>
                <normal y="0.628627" x="-0.777707" z="-0.000000"/>
            </vertex>
            <vertex>
                <position y="1.213333" x="-1.615087" z="-0.542303"/>
                <normal y="0.628627" x="-0.777707" z="-0.000000"/>
            </vertex>
            <vertex>
                <position y="1.265545" x="-1.572884" z="-0.000067"/>
                <normal y="0.628627" x="-0.777707" z="-0.000000"/>
            </vertex>
            <vertex>
                <position y="1.213333" x="-1.615087" z="-0.542303"/>
                <normal y="0.628625" x="-0.777708" z="0.000000"/>
            </vertex>
            <vertex>
                <position y="1.161292" x="-1.657152" z="-0.482168"/>
                <normal y="0.628625" x="-0.777708" z="0.000000"/>
            </vertex>
            <vertex>
                <position y="1.265545" x="-1.572884" z="-0.000067"/>
                <normal y="0.628625" x="-0.777708" z="0.000000"/>
            </vertex>
            <vertex>
                <position y="1.109799" x="-1.698775" z="-0.411606"/>
                <normal y="0.628624" x="-0.777709" z="0.000001"/>
            </vertex>
            <vertex>
                <position y="1.070217" x="-1.730768" z="-0.335581"/>
                <normal y="0.628624" x="-0.777709" z="0.000001"/>
            </vertex>
            <vertex>
                <position y="1.265545" x="-1.572884" z="-0.000067"/>
                <normal y="0.628624" x="-0.777709" z="0.000001"/>
            </vertex>
            <vertex>
                <position y="1.109799" x="-1.698775" z="-0.411606"/>
                <normal y="0.628626" x="-0.777708" z="0.000000"/>
            </vertex>
            <vertex>
                <position y="1.265545" x="-1.572884" z="-0.000067"/>
                <normal y="0.628626" x="-0.777708" z="0.000000"/>
            </vertex>
            <vertex>
                <position y="1.161292" x="-1.657152" z="-0.482168"/>
                <normal y="0.628626" x="-0.777708" z="0.000000"/>
            </vertex>
            <vertex>
                <position y="1.040258" x="-1.754985" z="-0.256336"/>
                <normal y="0.628628" x="-0.777706" z="-0.000003"/>
            </vertex>
            <vertex>
                <position y="1.265545" x="-1.572884" z="-0.000067"/>
                <normal y="0.628628" x="-0.777706" z="-0.000003"/>
            </vertex>
            <vertex>
                <position y="1.070217" x="-1.730768" z="-0.335581"/>
                <normal y="0.628628" x="-0.777706" z="-0.000003"/>
            </vertex>
            <vertex>
                <position y="1.023211" x="-1.768764" z="-0.173858"/>
                <normal y="0.628626" x="-0.777708" z="0.000001"/>
            </vertex>
            <vertex>
                <position y="1.265545" x="-1.572884" z="-0.000067"/>
                <normal y="0.628626" x="-0.777708" z="0.000001"/>
            </vertex>
            <vertex>
                <position y="1.040258" x="-1.754985" z="-0.256336"/>
                <normal y="0.628626" x="-0.777708" z="0.000001"/>
            </vertex>
            <vertex>
                <position y="1.009567" x="-1.779793" z="-0.087332"/>
                <normal y="0.628626" x="-0.777708" z="0.000001"/>
            </vertex>
            <vertex>
                <position y="1.009275" x="-1.780029" z="-0.000000"/>
                <normal y="0.628626" x="-0.777708" z="0.000001"/>
            </vertex>
            <vertex>
                <position y="1.265545" x="-1.572884" z="-0.000067"/>
                <normal y="0.628626" x="-0.777708" z="0.000001"/>
            </vertex>
            <vertex>
                <position y="1.023211" x="-1.768764" z="-0.173858"/>
                <normal y="0.628626" x="-0.777708" z="-0.000000"/>
            </vertex>
            <vertex>
                <position y="1.009567" x="-1.779793" z="-0.087332"/>
                <normal y="0.628626" x="-0.777708" z="-0.000000"/>
            </vertex>
            <vertex>
                <position y="1.265545" x="-1.572884" z="-0.000067"/>
                <normal y="0.628626" x="-0.777708" z="-0.000000"/>
            </vertex>
            <vertex>
                <position y="1.023211" x="-1.768764" z="0.173858"/>
                <normal y="0.628626" x="-0.777708" z="0.000000"/>
            </vertex>
            <vertex>
                <position y="1.265545" x="-1.572884" z="-0.000067"/>
                <normal y="0.628626" x="-0.777708" z="0.000000"/>
            </vertex>
            <vertex>
                <position y="1.009567" x="-1.779793" z="0.087785"/>
                <normal y="0.628626" x="-0.777708" z="0.000000"/>
            </vertex>
            <vertex>
                <position y="1.009567" x="-1.779793" z="0.087785"/>
                <normal y="0.628626" x="-0.777708" z="-0.000001"/>
            </vertex>
            <vertex>
                <position y="1.265545" x="-1.572884" z="-0.000067"/>
                <normal y="0.628626" x="-0.777708" z="-0.000001"/>
            </vertex>
            <vertex>
                <position y="1.009275" x="-1.780029" z="-0.000000"/>
                <normal y="0.628626" x="-0.777708" z="-0.000001"/>
            </vertex>
            <vertex>
                <position y="1.023211" x="-1.768764" z="0.173858"/>
                <normal y="0.628626" x="-0.777708" z="-0.000001"/>
            </vertex>
            <vertex>
                <position y="1.040258" x="-1.754985" z="0.256789"/>
                <normal y="0.628626" x="-0.777708" z="-0.000001"/>
            </vertex>
            <vertex>
                <position y="1.265545" x="-1.572884" z="-0.000067"/>
                <normal y="0.628626" x="-0.777708" z="-0.000001"/>
            </vertex>
            <vertex>
                <position y="1.070217" x="-1.730768" z="0.335581"/>
                <normal y="0.628628" x="-0.777706" z="0.000003"/>
            </vertex>
            <vertex>
                <position y="1.265545" x="-1.572884" z="-0.000067"/>
                <normal y="0.628628" x="-0.777706" z="0.000003"/>
            </vertex>
            <vertex>
                <position y="1.040258" x="-1.754985" z="0.256789"/>
                <normal y="0.628628" x="-0.777706" z="0.000003"/>
            </vertex>
            <vertex>
                <position y="1.070217" x="-1.730768" z="0.335581"/>
                <normal y="0.628624" x="-0.777709" z="-0.000001"/>
            </vertex>
            <vertex>
                <position y="1.109799" x="-1.698775" z="0.412059"/>
                <normal y="0.628624" x="-0.777709" z="-0.000001"/>
            </vertex>
            <vertex>
                <position y="1.265545" x="-1.572884" z="-0.000067"/>
                <normal y="0.628624" x="-0.777709" z="-0.000001"/>
            </vertex>
            <vertex>
                <position y="1.109799" x="-1.698775" z="0.412059"/>
                <normal y="0.628626" x="-0.777708" z="-0.000000"/>
            </vertex>
            <vertex>
                <position y="1.161292" x="-1.657152" z="0.482168"/>
                <normal y="0.628626" x="-0.777708" z="-0.000000"/>
            </vertex>
            <vertex>
                <position y="1.265545" x="-1.572884" z="-0.000067"/>
                <normal y="0.628626" x="-0.777708" z="-0.000000"/>
            </vertex>
            <vertex>
                <position y="1.275800" x="-1.564595" z="0.595097"/>
                <normal y="0.628628" x="-0.777706" z="0.000000"/>
            </vertex>
            <vertex>
                <position y="1.265545" x="-1.572884" z="-0.000067"/>
                <normal y="0.628628" x="-0.777706" z="0.000000"/>
            </vertex>
            <vertex>
                <position y="1.213333" x="-1.615087" z="0.542756"/>
                <normal y="0.628628" x="-0.777706" z="0.000000"/>
            </vertex>
            <vertex>
                <position y="1.213333" x="-1.615087" z="0.542756"/>
                <normal y="0.628625" x="-0.777708" z="-0.000000"/>
            </vertex>
            <vertex>
                <position y="1.265545" x="-1.572884" z="-0.000067"/>
                <normal y="0.628625" x="-0.777708" z="-0.000000"/>
            </vertex>
            <vertex>
                <position y="1.161292" x="-1.657152" z="0.482168"/>
                <normal y="0.628625" x="-0.777708" z="-0.000000"/>
            </vertex>
            <vertex>
                <position y="1.331277" x="-1.519753" z="0.630984"/>
                <normal y="0.628624" x="-0.777709" z="0.000000"/>
            </vertex>
            <vertex>
                <position y="1.265545" x="-1.572884" z="-0.000067"/>
                <normal y="0.628624" x="-0.777709" z="0.000000"/>
            </vertex>
            <vertex>
                <position y="1.275800" x="-1.564595" z="0.595097"/>
                <normal y="0.628624" x="-0.777709" z="0.000000"/>
            </vertex>
            <vertex>
                <position y="1.395485" x="-1.467853" z="0.657356"/>
                <normal y="0.628626" x="-0.777708" z="0.000000"/>
            </vertex>
            <vertex>
                <position y="1.265545" x="-1.572884" z="-0.000067"/>
                <normal y="0.628626" x="-0.777708" z="0.000000"/>
            </vertex>
            <vertex>
                <position y="1.331277" x="-1.519753" z="0.630984"/>
                <normal y="0.628626" x="-0.777708" z="0.000000"/>
            </vertex>
            <vertex>
                <position y="1.455396" x="-1.419426" z="0.670584"/>
                <normal y="0.628627" x="-0.777707" z="-0.000000"/>
            </vertex>
            <vertex>
                <position y="1.522254" x="-1.365384" z="0.673728"/>
                <normal y="0.628627" x="-0.777707" z="-0.000000"/>
            </vertex>
            <vertex>
                <position y="1.265545" x="-1.572884" z="-0.000067"/>
                <normal y="0.628627" x="-0.777707" z="-0.000000"/>
            </vertex>
            <vertex>
                <position y="1.395485" x="-1.467853" z="0.657356"/>
                <normal y="0.628627" x="-0.777707" z="-0.000000"/>
            </vertex>
            <vertex>
                <position y="1.455396" x="-1.419426" z="0.670584"/>
                <normal y="0.628627" x="-0.777707" z="-0.000000"/>
            </vertex>
            <vertex>
                <position y="1.265545" x="-1.572884" z="-0.000067"/>
                <normal y="0.628627" x="-0.777707" z="-0.000000"/>
            </vertex>
            <vertex>
                <position y="1.974291" x="-1.000000" z="0.673728"/>
                <normal y="0.628626" x="-0.777708" z="0.000000"/>
            </vertex>
            <vertex>
                <position y="1.974291" x="-1.000000" z="-0.673729"/>
                <normal y="0.628626" x="-0.777708" z="0.000000"/>
            </vertex>
            <vertex>
                <position y="1.265545" x="-1.572884" z="-0.000067"/>
                <normal y="0.628626" x="-0.777708" z="0.000000"/>
            </vertex>
            <vertex>
                <position y="1.522254" x="-1.365384" z="0.673728"/>
                <normal y="0.628626" x="-0.777708" z="0.000000"/>
            </vertex>
            <vertex>
                <position y="1.974291" x="-1.000000" z="0.673728"/>
                <normal y="0.628626" x="-0.777708" z="0.000000"/>
            </vertex>
            <vertex>
                <position y="1.265545" x="-1.572884" z="-0.000067"/>
                <normal y="0.628626" x="-0.777708" z="0.000000"/>
            </vertex>
            <vertex>
                <position y="1.522254" x="-1.365384" z="-0.673729"/>
                <normal y="0.628626" x="-0.777708" z="-0.000000"/>
            </vertex>
            <vertex>
                <position y="1.265545" x="-1.572884" z="-0.000067"/>
                <normal y="0.628626" x="-0.777708" z="-0.000000"/>
            </vertex>
            <vertex>
                <position y="1.974291" x="-1.000000" z="-0.673729"/>
                <normal y="0.628626" x="-0.777708" z="-0.000000"/>
            </vertex>
            <vertex>
                <position y="1.391553" x="-1.471031" z="-0.661886"/>
                <normal y="0.287912" x="-0.637196" z="-0.714866"/>
            </vertex>
            <vertex>
                <position y="1.455396" x="-1.419426" z="-0.670132"/>
                <normal y="0.401074" x="-0.576647" z="-0.711722"/>
            </vertex>
            <vertex>
                <position y="1.431037" x="-1.389290" z="-0.670132"/>
                <normal y="-0.479751" x="0.513047" z="-0.711722"/>
            </vertex>
            <vertex>
                <position y="1.367194" x="-1.440896" z="-0.661886"/>
                <normal y="-0.562670" x="0.415113" z="-0.714866"/>
            </vertex>
            <vertex>
                <position y="1.522254" x="-1.365384" z="-0.673729"/>
                <normal y="0.429975" x="-0.555620" z="-0.711570"/>
            </vertex>
            <vertex>
                <position y="1.497896" x="-1.335248" z="-0.673729"/>
                <normal y="-0.453139" x="0.536912" z="-0.711570"/>
            </vertex>
            <vertex>
                <position y="1.331277" x="-1.519753" z="-0.630531"/>
                <normal y="0.210852" x="-0.727805" z="-0.652516"/>
            </vertex>
            <vertex>
                <position y="1.306918" x="-1.489617" z="-0.630531"/>
                <normal y="-0.667440" x="0.358745" z="-0.652516"/>
            </vertex>
            <vertex>
                <position y="1.275800" x="-1.564595" z="-0.595097"/>
                <normal y="0.157231" x="-0.765007" z="-0.624500"/>
            </vertex>
            <vertex>
                <position y="1.251441" x="-1.534459" z="-0.595097"/>
                <normal y="-0.715018" x="0.314127" z="-0.624500"/>
            </vertex>
            <vertex>
                <position y="1.213333" x="-1.615087" z="-0.542303"/>
                <normal y="0.090640" x="-0.814661" z="-0.572802"/>
            </vertex>
            <vertex>
                <position y="1.188974" x="-1.584952" z="-0.542303"/>
                <normal y="-0.777520" x="0.259438" z="-0.572802"/>
            </vertex>
            <vertex>
                <position y="1.161292" x="-1.657152" z="-0.482168"/>
                <normal y="0.048830" x="-0.857570" z="-0.512009"/>
            </vertex>
            <vertex>
                <position y="1.136933" x="-1.627017" z="-0.482168"/>
                <normal y="-0.828272" x="0.227546" z="-0.512009"/>
            </vertex>
            <vertex>
                <position y="1.070217" x="-1.730768" z="-0.335581"/>
                <normal y="-0.051881" x="-0.931700" z="-0.359447"/>
            </vertex>
            <vertex>
                <position y="1.109799" x="-1.698775" z="-0.411606"/>
                <normal y="-0.007843" x="-0.892483" z="-0.450972"/>
            </vertex>
            <vertex>
                <position y="1.085440" x="-1.668639" z="-0.411606"/>
                <normal y="-0.874294" x="0.179418" z="-0.450972"/>
            </vertex>
            <vertex>
                <position y="1.045859" x="-1.700633" z="-0.335581"/>
                <normal y="-0.921873" x="0.144566" z="-0.359447"/>
            </vertex>
            <vertex>
                <position y="1.040258" x="-1.754985" z="-0.256336"/>
                <normal y="-0.099002" x="-0.962188" z="-0.253639"/>
            </vertex>
            <vertex>
                <position y="1.015900" x="-1.724849" z="-0.256336"/>
                <normal y="-0.961577" x="0.104923" z="-0.253639"/>
            </vertex>
            <vertex>
                <position y="1.023211" x="-1.768764" z="-0.173858"/>
                <normal y="-0.100101" x="-0.981567" z="-0.162633"/>
            </vertex>
            <vertex>
                <position y="0.998852" x="-1.738629" z="-0.173858"/>
                <normal y="-0.980743" x="0.107883" z="-0.162633"/>
            </vertex>
            <vertex>
                <position y="1.009275" x="-1.780029" z="-0.000000"/>
                <normal y="-0.106754" x="-0.994263" z="-0.000000"/>
            </vertex>
            <vertex>
                <position y="1.009567" x="-1.779793" z="-0.087332"/>
                <normal y="-0.131993" x="-0.988464" z="-0.074221"/>
            </vertex>
            <vertex>
                <position y="0.985208" x="-1.749658" z="-0.087332"/>
                <normal y="-0.994171" x="0.078158" z="-0.074221"/>
            </vertex>
            <vertex>
                <position y="0.984916" x="-1.749893" z="-0.000000"/>
                <normal y="-0.994568" x="0.104038" z="-0.000000"/>
            </vertex>
            <vertex>
                <position y="1.023211" x="-1.768764" z="0.173858"/>
                <normal y="-0.099765" x="-0.981628" z="0.162450"/>
            </vertex>
            <vertex>
                <position y="1.009567" x="-1.779793" z="0.087785"/>
                <normal y="-0.132115" x="-0.988403" z="0.074587"/>
            </vertex>
            <vertex>
                <position y="0.985208" x="-1.749658" z="0.087785"/>
                <normal y="-0.994140" x="0.078036" z="0.074587"/>
            </vertex>
            <vertex>
                <position y="0.998852" x="-1.738629" z="0.173858"/>
                <normal y="-0.980743" x="0.108219" z="0.162450"/>
            </vertex>
            <vertex>
                <position y="1.040258" x="-1.754985" z="0.256789"/>
                <normal y="-0.099399" x="-0.962035" z="0.254067"/>
            </vertex>
            <vertex>
                <position y="1.015900" x="-1.724849" z="0.256789"/>
                <normal y="-0.961516" x="0.104465" z="0.254067"/>
            </vertex>
            <vertex>
                <position y="1.070217" x="-1.730768" z="0.335581"/>
                <normal y="-0.051271" x="-0.931883" z="0.359050"/>
            </vertex>
            <vertex>
                <position y="1.045859" x="-1.700633" z="0.335581"/>
                <normal y="-0.921934" x="0.145238" z="0.359050"/>
            </vertex>
            <vertex>
                <position y="1.109799" x="-1.698775" z="0.412059"/>
                <normal y="-0.008545" x="-0.892239" z="0.451460"/>
            </vertex>
            <vertex>
                <position y="1.085440" x="-1.668639" z="0.412059"/>
                <normal y="-0.874172" x="0.178686" z="0.451460"/>
            </vertex>
            <vertex>
                <position y="1.161292" x="-1.657152" z="0.482168"/>
                <normal y="0.049623" x="-0.857906" z="0.511338"/>
            </vertex>
            <vertex>
                <position y="1.136933" x="-1.627017" z="0.482168"/>
                <normal y="-0.828455" x="0.228370" z="0.511338"/>
            </vertex>
            <vertex>
                <position y="1.275800" x="-1.564595" z="0.595097"/>
                <normal y="0.157933" x="-0.765679" z="0.623493"/>
            </vertex>
            <vertex>
                <position y="1.213333" x="-1.615087" z="0.542756"/>
                <normal y="0.089816" x="-0.814264" z="0.573473"/>
            </vertex>
            <vertex>
                <position y="1.188974" x="-1.584952" z="0.542756"/>
                <normal y="-0.777337" x="0.258522" z="0.573473"/>
            </vertex>
            <vertex>
                <position y="1.251441" x="-1.534459" z="0.595097"/>
                <normal y="-0.715567" x="0.314951" z="0.623493"/>
            </vertex>
            <vertex>
                <position y="1.331277" x="-1.519753" z="0.630984"/>
                <normal y="0.220832" x="-0.708548" z="0.670186"/>
            </vertex>
            <vertex>
                <position y="1.306918" x="-1.489617" z="0.630984"/>
                <normal y="-0.646474" x="0.364483" z="0.670186"/>
            </vertex>
            <vertex>
                <position y="1.395485" x="-1.467853" z="0.657356"/>
                <normal y="0.301584" x="-0.645741" z="0.701437"/>
            </vertex>
            <vertex>
                <position y="1.371126" x="-1.437717" z="0.657356"/>
                <normal y="-0.568133" x="0.430250" z="0.701437"/>
            </vertex>
            <vertex>
                <position y="1.522254" x="-1.365384" z="0.673728"/>
                <normal y="0.431806" x="-0.554888" z="0.711051"/>
            </vertex>
            <vertex>
                <position y="1.455396" x="-1.419426" z="0.670584"/>
                <normal y="0.377392" x="-0.585253" z="0.717643"/>
            </vertex>
            <vertex>
                <position y="1.431037" x="-1.389290" z="0.670584"/>
                <normal y="-0.493118" x="0.491684" z="0.717643"/>
            </vertex>
            <vertex>
                <position y="1.497896" x="-1.335248" z="0.673728"/>
                <normal y="-0.452040" x="0.538560" z="0.711051"/>
            </vertex>
            <vertex>
                <position y="1.974291" x="-1.000000" z="-0.673729"/>
                <normal y="0.811945" x="-0.086062" z="-0.577349"/>
            </vertex>
            <vertex>
                <position y="1.974291" x="-1.000000" z="0.673728"/>
                <normal y="0.811945" x="-0.086062" z="0.577349"/>
            </vertex>
            <vertex>
                <position y="1.949932" x="-0.969864" z="0.673728"/>
                <normal y="0.086062" x="0.811945" z="0.577349"/>
            </vertex>
            <vertex>
                <position y="1.949933" x="-0.969864" z="-0.673729"/>
                <normal y="0.086062" x="0.811945" z="-0.577349"/>
            </vertex>
            <vertex>
                <position y="1.497896" x="-1.335248" z="-0.673729"/>
                <normal y="-0.628626" x="0.777708" z="0.000000"/>
            </vertex>
            <vertex>
                <position y="1.949933" x="-0.969864" z="-0.673729"/>
                <normal y="-0.628626" x="0.777708" z="0.000000"/>
            </vertex>
            <vertex>
                <position y="1.241186" x="-1.542749" z="-0.000067"/>
                <normal y="-0.628626" x="0.777708" z="0.000000"/>
            </vertex>
            <vertex>
                <position y="1.497896" x="-1.335248" z="0.673728"/>
                <normal y="-0.628626" x="0.777708" z="-0.000000"/>
            </vertex>
            <vertex>
                <position y="1.241186" x="-1.542749" z="-0.000067"/>
                <normal y="-0.628626" x="0.777708" z="-0.000000"/>
            </vertex>
            <vertex>
                <position y="1.949932" x="-0.969864" z="0.673728"/>
                <normal y="-0.628626" x="0.777708" z="-0.000000"/>
            </vertex>
            <vertex>
                <position y="1.949932" x="-0.969864" z="0.673728"/>
                <normal y="-0.628626" x="0.777708" z="-0.000000"/>
            </vertex>
            <vertex>
                <position y="1.241186" x="-1.542749" z="-0.000067"/>
                <normal y="-0.628626" x="0.777708" z="-0.000000"/>
            </vertex>
            <vertex>
                <position y="1.949933" x="-0.969864" z="-0.673729"/>
                <normal y="-0.628626" x="0.777708" z="-0.000000"/>
            </vertex>
            <vertex>
                <position y="1.371126" x="-1.437717" z="0.657356"/>
                <normal y="-0.628627" x="0.777707" z="0.000000"/>
            </vertex>
            <vertex>
                <position y="1.241186" x="-1.542749" z="-0.000067"/>
                <normal y="-0.628627" x="0.777707" z="0.000000"/>
            </vertex>
            <vertex>
                <position y="1.431037" x="-1.389290" z="0.670584"/>
                <normal y="-0.628627" x="0.777707" z="0.000000"/>
            </vertex>
            <vertex>
                <position y="1.431037" x="-1.389290" z="0.670584"/>
                <normal y="-0.628627" x="0.777707" z="0.000000"/>
            </vertex>
            <vertex>
                <position y="1.241186" x="-1.542749" z="-0.000067"/>
                <normal y="-0.628627" x="0.777707" z="0.000000"/>
            </vertex>
            <vertex>
                <position y="1.497896" x="-1.335248" z="0.673728"/>
                <normal y="-0.628627" x="0.777707" z="0.000000"/>
            </vertex>
            <vertex>
                <position y="1.371126" x="-1.437717" z="0.657356"/>
                <normal y="-0.628626" x="0.777708" z="-0.000000"/>
            </vertex>
            <vertex>
                <position y="1.306918" x="-1.489617" z="0.630984"/>
                <normal y="-0.628626" x="0.777708" z="-0.000000"/>
            </vertex>
            <vertex>
                <position y="1.241186" x="-1.542749" z="-0.000067"/>
                <normal y="-0.628626" x="0.777708" z="-0.000000"/>
            </vertex>
            <vertex>
                <position y="1.306918" x="-1.489617" z="0.630984"/>
                <normal y="-0.628624" x="0.777709" z="-0.000000"/>
            </vertex>
            <vertex>
                <position y="1.251441" x="-1.534459" z="0.595097"/>
                <normal y="-0.628624" x="0.777709" z="-0.000000"/>
            </vertex>
            <vertex>
                <position y="1.241186" x="-1.542749" z="-0.000067"/>
                <normal y="-0.628624" x="0.777709" z="-0.000000"/>
            </vertex>
            <vertex>
                <position y="1.188974" x="-1.584952" z="0.542756"/>
                <normal y="-0.628625" x="0.777708" z="0.000000"/>
            </vertex>
            <vertex>
                <position y="1.136933" x="-1.627017" z="0.482168"/>
                <normal y="-0.628625" x="0.777708" z="0.000000"/>
            </vertex>
            <vertex>
                <position y="1.241186" x="-1.542749" z="-0.000067"/>
                <normal y="-0.628625" x="0.777708" z="0.000000"/>
            </vertex>
            <vertex>
                <position y="1.251441" x="-1.534459" z="0.595097"/>
                <normal y="-0.628628" x="0.777706" z="-0.000000"/>
            </vertex>
            <vertex>
                <position y="1.188974" x="-1.584952" z="0.542756"/>
                <normal y="-0.628628" x="0.777706" z="-0.000000"/>
            </vertex>
            <vertex>
                <position y="1.241186" x="-1.542749" z="-0.000067"/>
                <normal y="-0.628628" x="0.777706" z="-0.000000"/>
            </vertex>
            <vertex>
                <position y="1.085440" x="-1.668639" z="0.412059"/>
                <normal y="-0.628626" x="0.777708" z="0.000000"/>
            </vertex>
            <vertex>
                <position y="1.241186" x="-1.542749" z="-0.000067"/>
                <normal y="-0.628626" x="0.777708" z="0.000000"/>
            </vertex>
            <vertex>
                <position y="1.136933" x="-1.627017" z="0.482168"/>
                <normal y="-0.628626" x="0.777708" z="0.000000"/>
            </vertex>
            <vertex>
                <position y="1.045859" x="-1.700633" z="0.335581"/>
                <normal y="-0.628624" x="0.777709" z="0.000001"/>
            </vertex>
            <vertex>
                <position y="1.241186" x="-1.542749" z="-0.000067"/>
                <normal y="-0.628624" x="0.777709" z="0.000001"/>
            </vertex>
            <vertex>
                <position y="1.085440" x="-1.668639" z="0.412059"/>
                <normal y="-0.628624" x="0.777709" z="0.000001"/>
            </vertex>
            <vertex>
                <position y="1.045859" x="-1.700633" z="0.335581"/>
                <normal y="-0.628628" x="0.777706" z="-0.000003"/>
            </vertex>
            <vertex>
                <position y="1.015900" x="-1.724849" z="0.256789"/>
                <normal y="-0.628628" x="0.777706" z="-0.000003"/>
            </vertex>
            <vertex>
                <position y="1.241186" x="-1.542749" z="-0.000067"/>
                <normal y="-0.628628" x="0.777706" z="-0.000003"/>
            </vertex>
            <vertex>
                <position y="0.998852" x="-1.738629" z="0.173858"/>
                <normal y="-0.628626" x="0.777708" z="0.000001"/>
            </vertex>
            <vertex>
                <position y="1.241186" x="-1.542749" z="-0.000067"/>
                <normal y="-0.628626" x="0.777708" z="0.000001"/>
            </vertex>
            <vertex>
                <position y="1.015900" x="-1.724849" z="0.256789"/>
                <normal y="-0.628626" x="0.777708" z="0.000001"/>
            </vertex>
            <vertex>
                <position y="0.985208" x="-1.749658" z="0.087785"/>
                <normal y="-0.628626" x="0.777708" z="0.000001"/>
            </vertex>
            <vertex>
                <position y="0.984916" x="-1.749893" z="-0.000000"/>
                <normal y="-0.628626" x="0.777708" z="0.000001"/>
            </vertex>
            <vertex>
                <position y="1.241186" x="-1.542749" z="-0.000067"/>
                <normal y="-0.628626" x="0.777708" z="0.000001"/>
            </vertex>
            <vertex>
                <position y="0.998852" x="-1.738629" z="0.173858"/>
                <normal y="-0.628626" x="0.777708" z="-0.000000"/>
            </vertex>
            <vertex>
                <position y="0.985208" x="-1.749658" z="0.087785"/>
                <normal y="-0.628626" x="0.777708" z="-0.000000"/>
            </vertex>
            <vertex>
                <position y="1.241186" x="-1.542749" z="-0.000067"/>
                <normal y="-0.628626" x="0.777708" z="-0.000000"/>
            </vertex>
            <vertex>
                <position y="0.998852" x="-1.738629" z="-0.173858"/>
                <normal y="-0.628626" x="0.777708" z="0.000000"/>
            </vertex>
            <vertex>
                <position y="1.241186" x="-1.542749" z="-0.000067"/>
                <normal y="-0.628626" x="0.777708" z="0.000000"/>
            </vertex>
            <vertex>
                <position y="0.985208" x="-1.749658" z="-0.087332"/>
                <normal y="-0.628626" x="0.777708" z="0.000000"/>
            </vertex>
            <vertex>
                <position y="0.985208" x="-1.749658" z="-0.087332"/>
                <normal y="-0.628626" x="0.777708" z="-0.000001"/>
            </vertex>
            <vertex>
                <position y="1.241186" x="-1.542749" z="-0.000067"/>
                <normal y="-0.628626" x="0.777708" z="-0.000001"/>
            </vertex>
            <vertex>
                <position y="0.984916" x="-1.749893" z="-0.000000"/>
                <normal y="-0.628626" x="0.777708" z="-0.000001"/>
            </vertex>
            <vertex>
                <position y="0.998852" x="-1.738629" z="-0.173858"/>
                <normal y="-0.628626" x="0.777708" z="-0.000001"/>
            </vertex>
            <vertex>
                <position y="1.015900" x="-1.724849" z="-0.256336"/>
                <normal y="-0.628626" x="0.777708" z="-0.000001"/>
            </vertex>
            <vertex>
                <position y="1.241186" x="-1.542749" z="-0.000067"/>
                <normal y="-0.628626" x="0.777708" z="-0.000001"/>
            </vertex>
            <vertex>
                <position y="1.015900" x="-1.724849" z="-0.256336"/>
                <normal y="-0.628628" x="0.777706" z="0.000003"/>
            </vertex>
            <vertex>
                <position y="1.045859" x="-1.700633" z="-0.335581"/>
                <normal y="-0.628628" x="0.777706" z="0.000003"/>
            </vertex>
            <vertex>
                <position y="1.241186" x="-1.542749" z="-0.000067"/>
                <normal y="-0.628628" x="0.777706" z="0.000003"/>
            </vertex>
            <vertex>
                <position y="1.085440" x="-1.668639" z="-0.411606"/>
                <normal y="-0.628626" x="0.777708" z="-0.000000"/>
            </vertex>
            <vertex>
                <position y="1.136933" x="-1.627017" z="-0.482168"/>
                <normal y="-0.628626" x="0.777708" z="-0.000000"/>
            </vertex>
            <vertex>
                <position y="1.241186" x="-1.542749" z="-0.000067"/>
                <normal y="-0.628626" x="0.777708" z="-0.000000"/>
            </vertex>
            <vertex>
                <position y="1.085440" x="-1.668639" z="-0.411606"/>
                <normal y="-0.628624" x="0.777709" z="-0.000001"/>
            </vertex>
            <vertex>
                <position y="1.241186" x="-1.542749" z="-0.000067"/>
                <normal y="-0.628624" x="0.777709" z="-0.000001"/>
            </vertex>
            <vertex>
                <position y="1.045859" x="-1.700633" z="-0.335581"/>
                <normal y="-0.628624" x="0.777709" z="-0.000001"/>
            </vertex>
            <vertex>
                <position y="1.188974" x="-1.584952" z="-0.542303"/>
                <normal y="-0.628625" x="0.777708" z="-0.000000"/>
            </vertex>
            <vertex>
                <position y="1.241186" x="-1.542749" z="-0.000067"/>
                <normal y="-0.628625" x="0.777708" z="-0.000000"/>
            </vertex>
            <vertex>
                <position y="1.136933" x="-1.627017" z="-0.482168"/>
                <normal y="-0.628625" x="0.777708" z="-0.000000"/>
            </vertex>
            <vertex>
                <position y="1.251441" x="-1.534459" z="-0.595097"/>
                <normal y="-0.628627" x="0.777707" z="0.000000"/>
            </vertex>
            <vertex>
                <position y="1.241186" x="-1.542749" z="-0.000067"/>
                <normal y="-0.628627" x="0.777707" z="0.000000"/>
            </vertex>
            <vertex>
                <position y="1.188974" x="-1.584952" z="-0.542303"/>
                <normal y="-0.628627" x="0.777707" z="0.000000"/>
            </vertex>
            <vertex>
                <position y="1.251441" x="-1.534459" z="-0.595097"/>
                <normal y="-0.628625" x="0.777708" z="0.000000"/>
            </vertex>
            <vertex>
                <position y="1.306918" x="-1.489617" z="-0.630531"/>
                <normal y="-0.628625" x="0.777708" z="0.000000"/>
            </vertex>
            <vertex>
                <position y="1.241186" x="-1.542749" z="-0.000067"/>
                <normal y="-0.628625" x="0.777708" z="0.000000"/>
            </vertex>
            <vertex>
                <position y="1.306918" x="-1.489617" z="-0.630531"/>
                <normal y="-0.628627" x="0.777707" z="-0.000000"/>
            </vertex>
            <vertex>
                <position y="1.367194" x="-1.440896" z="-0.661886"/>
                <normal y="-0.628627" x="0.777707" z="-0.000000"/>
            </vertex>
            <vertex>
                <position y="1.241186" x="-1.542749" z="-0.000067"/>
                <normal y="-0.628627" x="0.777707" z="-0.000000"/>
            </vertex>
            <vertex>
                <position y="1.431037" x="-1.389290" z="-0.670132"/>
                <normal y="-0.628627" x="0.777707" z="-0.000000"/>
            </vertex>
            <vertex>
                <position y="1.497896" x="-1.335248" z="-0.673729"/>
                <normal y="-0.628627" x="0.777707" z="-0.000000"/>
            </vertex>
            <vertex>
                <position y="1.241186" x="-1.542749" z="-0.000067"/>
                <normal y="-0.628627" x="0.777707" z="-0.000000"/>
            </vertex>
            <vertex>
                <position y="1.431037" x="-1.389290" z="-0.670132"/>
                <normal y="-0.628627" x="0.777707" z="-0.000000"/>
            </vertex>
            <vertex>
                <position y="1.241186" x="-1.542749" z="-0.000067"/>
                <normal y="-0.628627" x="0.777707" z="-0.000000"/>
            </vertex>
            <vertex>
                <position y="1.367194" x="-1.440896" z="-0.661886"/>
                <normal y="-0.628627" x="0.777707" z="-0.000000"/>
            </vertex>
        </vertexbuffer>
    </sharedgeometry>
    <submeshes>
        <submesh usesharedvertices="true" material="Material.002" use32bitindexes="False">
            <faces count="108">
                <face v1="0" v2="1" v3="2"/>
                <face v1="3" v2="4" v3="5"/>
                <face v1="6" v2="7" v3="8"/>
                <face v1="9" v2="10" v3="11"/>
                <face v1="12" v2="13" v3="14"/>
                <face v1="15" v2="16" v3="17"/>
                <face v1="18" v2="19" v3="20"/>
                <face v1="21" v2="22" v3="23"/>
                <face v1="24" v2="25" v3="26"/>
                <face v1="27" v2="28" v3="29"/>
                <face v1="30" v2="31" v3="32"/>
                <face v1="33" v2="34" v3="35"/>
                <face v1="36" v2="37" v3="38"/>
                <face v1="39" v2="40" v3="41"/>
                <face v1="42" v2="43" v3="44"/>
                <face v1="45" v2="46" v3="47"/>
                <face v1="48" v2="49" v3="50"/>
                <face v1="51" v2="52" v3="53"/>
                <face v1="54" v2="55" v3="56"/>
                <face v1="57" v2="58" v3="59"/>
                <face v1="60" v2="61" v3="62"/>
                <face v1="63" v2="64" v3="65"/>
                <face v1="66" v2="67" v3="68"/>
                <face v1="69" v2="70" v3="71"/>
                <face v1="72" v2="73" v3="74"/>
                <face v1="75" v2="76" v3="77"/>
                <face v1="78" v2="79" v3="80"/>
                <face v1="81" v2="82" v3="83"/>
                <face v1="81" v2="83" v3="84"/>
                <face v1="82" v2="85" v3="86"/>
                <face v1="82" v2="86" v3="83"/>
                <face v1="87" v2="81" v3="84"/>
                <face v1="87" v2="84" v3="88"/>
                <face v1="89" v2="87" v3="88"/>
                <face v1="89" v2="88" v3="90"/>
                <face v1="91" v2="89" v3="90"/>
                <face v1="91" v2="90" v3="92"/>
                <face v1="93" v2="91" v3="92"/>
                <face v1="93" v2="92" v3="94"/>
                <face v1="95" v2="96" v3="97"/>
                <face v1="95" v2="97" v3="98"/>
                <face v1="96" v2="93" v3="94"/>
                <face v1="96" v2="94" v3="97"/>
                <face v1="99" v2="95" v3="98"/>
                <face v1="99" v2="98" v3="100"/>
                <face v1="101" v2="99" v3="100"/>
                <face v1="101" v2="100" v3="102"/>
                <face v1="103" v2="104" v3="105"/>
                <face v1="103" v2="105" v3="106"/>
                <face v1="104" v2="101" v3="102"/>
                <face v1="104" v2="102" v3="105"/>
                <face v1="107" v2="108" v3="109"/>
                <face v1="107" v2="109" v3="110"/>
                <face v1="108" v2="103" v3="106"/>
                <face v1="108" v2="106" v3="109"/>
                <face v1="111" v2="107" v3="110"/>
                <face v1="111" v2="110" v3="112"/>
                <face v1="113" v2="111" v3="112"/>
                <face v1="113" v2="112" v3="114"/>
                <face v1="115" v2="113" v3="114"/>
                <face v1="115" v2="114" v3="116"/>
                <face v1="117" v2="115" v3="116"/>
                <face v1="117" v2="116" v3="118"/>
                <face v1="119" v2="120" v3="121"/>
                <face v1="119" v2="121" v3="122"/>
                <face v1="120" v2="117" v3="118"/>
                <face v1="120" v2="118" v3="121"/>
                <face v1="123" v2="119" v3="122"/>
                <face v1="123" v2="122" v3="124"/>
                <face v1="125" v2="123" v3="124"/>
                <face v1="125" v2="124" v3="126"/>
                <face v1="127" v2="128" v3="129"/>
                <face v1="127" v2="129" v3="130"/>
                <face v1="128" v2="125" v3="126"/>
                <face v1="128" v2="126" v3="129"/>
                <face v1="131" v2="132" v3="133"/>
                <face v1="131" v2="133" v3="134"/>
                <face v1="132" v2="127" v3="130"/>
                <face v1="132" v2="130" v3="133"/>
                <face v1="85" v2="131" v3="134"/>
                <face v1="85" v2="134" v3="86"/>
                <face v1="135" v2="136" v3="137"/>
                <face v1="138" v2="139" v3="140"/>
                <face v1="141" v2="142" v3="143"/>
                <face v1="144" v2="145" v3="146"/>
                <face v1="147" v2="148" v3="149"/>
                <face v1="150" v2="151" v3="152"/>
                <face v1="153" v2="154" v3="155"/>
                <face v1="156" v2="157" v3="158"/>
                <face v1="159" v2="160" v3="161"/>
                <face v1="162" v2="163" v3="164"/>
                <face v1="165" v2="166" v3="167"/>
                <face v1="168" v2="169" v3="170"/>
                <face v1="171" v2="172" v3="173"/>
                <face v1="174" v2="175" v3="176"/>
                <face v1="177" v2="178" v3="179"/>
                <face v1="180" v2="181" v3="182"/>
                <face v1="183" v2="184" v3="185"/>
                <face v1="186" v2="187" v3="188"/>
                <face v1="189" v2="190" v3="191"/>
                <face v1="192" v2="193" v3="194"/>
                <face v1="195" v2="196" v3="197"/>
                <face v1="198" v2="199" v3="200"/>
                <face v1="201" v2="202" v3="203"/>
                <face v1="204" v2="205" v3="206"/>
                <face v1="207" v2="208" v3="209"/>
                <face v1="210" v2="211" v3="212"/>
                <face v1="213" v2="214" v3="215"/>
            </faces>
        </submesh>
    </submeshes>
    <submeshnames>
        <submesh index="0" name="Material.002">
        </submesh>
        <submesh index="1" name="Material.001">
        </submesh>
        <submesh index="2" name="Material.004">
        </submesh>
        <submesh index="3" name="Material.003">
        </submesh>
    </submeshnames>
</mesh>